text,category,label,CutDebt,IDClassifier,IfKnowDebtor,Installment,ConfirmLoan,WillingToPay
10分钟打过来,请求等下打来,104,0,0,0,0,0,0
2小时之后你联系我,请求等下打来,104,0,0,0,0,0,0
俺不空,请求等下打来,104,0,0,0,0,0,0
俺很忙,请求等下打来,104,0,0,0,0,0,0
俺忙着呢,请求等下打来,104,0,0,0,0,0,0
俺在开会,请求等下打来,104,0,0,0,0,0,0
不方便,请求等下打来,104,0,0,0,0,0,0
不方便，不能接电,请求等下打来,104,0,0,0,0,0,0
不方便接电话,请求等下打来,104,0,0,0,0,0,0
不方便接听,请求等下打来,104,0,0,0,0,0,0
不方便说话,请求等下打来,104,0,0,0,0,0,0
不方便一会打给你,请求等下打来,104,0,0,0,0,0,0
不好意思，我不方便。,请求等下打来,104,0,0,0,0,0,0
不好意思，我很忙,请求等下打来,104,0,0,0,0,0,0
不好意思，我要挂断了，没时间,请求等下打来,104,0,0,0,0,0,0
不好意思，我在上班，,请求等下打来,104,0,0,0,0,0,0
不好意思，我正在开会,请求等下打来,104,0,0,0,0,0,0
不好意思。现在没空,请求等下打来,104,0,0,0,0,0,0
不好意思我还有事,请求等下打来,104,0,0,0,0,0,0
不是，他有事，忙完再说,请求等下打来,104,1,0,0,1,1,1
不是，他在开车,请求等下打来,104,1,0,0,1,1,1
不是的，他在忙什么事,请求等下打来,104,1,0,0,1,1,1
不太方便,请求等下打来,104,0,0,0,0,0,0
不要烦我，我在忙,请求等下打来,104,0,0,0,0,0,0
不在，他再开车,请求等下打来,104,1,0,0,1,1,1
吃过饭再说,请求等下打来,104,0,0,0,0,0,0
待还再打,请求等下打来,104,0,0,0,0,0,0
待会打给我,请求等下打来,104,0,0,0,0,0,0
待会给你打去,请求等下打来,104,0,0,0,0,0,0
待会回复你,请求等下打来,104,0,0,0,0,0,0
待会回你电话,请求等下打来,104,0,0,0,0,0,0
待会联系,请求等下打来,104,0,0,0,0,0,0
待会联系，忙,请求等下打来,104,0,0,0,0,0,0
待会联系你,请求等下打来,104,0,0,0,0,0,0
待会联系你,请求等下打来,104,0,0,0,0,0,0
待会再说,请求等下打来,104,0,0,0,0,0,0
待会再说在开车,请求等下打来,104,0,0,0,0,0,0
到点了，再说。,请求等下打来,104,0,0,0,0,0,0
到时候联系你,请求等下打来,104,0,0,0,0,0,0
到时候你联系我,请求等下打来,104,0,0,0,0,0,0
到时候你提前给我打电话说一声,请求等下打来,104,0,0,0,0,0,0
到时间你联系我,请求等下打来,104,0,0,0,0,0,0
到时联系你,请求等下打来,104,0,0,0,0,0,0
等12分钟,请求等下打来,104,0,0,0,0,0,0
等等,请求等下打来,104,0,0,0,0,0,0
等等打我电话,请求等下打来,104,0,0,0,0,0,0
等等回电话给你,请求等下打来,104,0,0,0,0,0,0
等等联系,请求等下打来,104,0,0,0,0,0,0
等等联系你,请求等下打来,104,0,0,0,0,0,0
等等联系我哦,请求等下打来,104,0,0,0,0,0,0
等等你在打来,请求等下打来,104,0,0,0,0,0,0
等等说,请求等下打来,104,0,0,0,0,0,0
等等我再回复你,请求等下打来,104,0,0,0,0,0,0
等等我自己查看看,请求等下打来,104,0,0,0,0,0,0
等等再说,请求等下打来,104,0,0,0,0,0,0
等等在打,请求等下打来,104,0,0,0,0,0,0
等等在说,请求等下打来,104,0,0,0,0,0,0
等哈会儿，我再打。,请求等下打来,104,0,0,0,0,0,0
等回去,请求等下打来,104,0,1,1,0,0,0
等会,请求等下打来,104,0,0,0,0,0,0
等会打,请求等下打来,104,0,0,0,0,0,0
等会打给你,请求等下打来,104,0,0,0,0,0,0
等会打给你，,请求等下打来,104,0,0,0,0,0,0
等会打给我,请求等下打来,104,0,0,0,0,0,0
等会打过来,请求等下打来,104,0,0,0,0,0,0
等会打来,请求等下打来,104,0,0,0,0,0,0
等会给你打过去,请求等下打来,104,0,0,0,0,0,0
等会回电话,请求等下打来,104,0,0,0,0,0,0
等会回电话给你,请求等下打来,104,0,0,0,0,0,0
等会回复,请求等下打来,104,0,0,0,0,0,0
等会回复你,请求等下打来,104,0,0,0,0,0,0
等会回你,请求等下打来,104,0,0,0,0,0,0
等会回你电话,请求等下打来,104,0,0,0,0,0,0
等会来电,请求等下打来,104,0,0,0,0,0,0
等会联系,请求等下打来,104,0,0,0,0,0,0
等会联系,请求等下打来,104,0,0,0,0,0,0
等会联系你,请求等下打来,104,0,0,0,0,0,0
等会联系你,请求等下打来,104,0,0,0,0,0,0
等会说,请求等下打来,104,0,0,0,0,0,0
等会我打给你,请求等下打来,104,0,0,0,0,0,0
等会我联系你,请求等下打来,104,0,0,0,0,0,0
等会我朋友给我钱再说,请求等下打来,104,0,1,1,0,0,0
等会我再开会,请求等下打来,104,0,0,0,0,0,0
等会我再联系你吧,请求等下打来,104,0,0,0,0,0,0
等会再打,请求等下打来,104,0,0,0,0,0,0
等会再打，我现在在忙,请求等下打来,104,0,0,0,0,0,0
等会再打过来,请求等下打来,104,0,0,0,0,0,0
等会再给我打电话,请求等下打来,104,0,0,0,0,0,0
等会再回你电话，,请求等下打来,104,0,0,0,0,0,0
等会再联系吧,请求等下打来,104,0,0,0,0,0,0
等会再说,请求等下打来,104,0,0,0,0,0,0
等会在打,请求等下打来,104,0,0,0,0,0,0
等会在说,请求等下打来,104,0,0,0,0,0,0
等几天联系吧,请求等下打来,104,0,0,0,0,0,0
等晚上回家再说,请求等下打来,104,0,0,0,0,0,0
等我18分钟,请求等下打来,104,0,0,0,0,0,0
等我30分钟,请求等下打来,104,0,0,0,0,0,0
等我5分钟,请求等下打来,104,0,0,0,0,0,0
等我半小时,请求等下打来,104,0,0,0,0,0,0
等我和家里联系一下再说,请求等下打来,104,0,1,1,0,1,0
等我回家的,请求等下打来,104,0,0,0,0,0,0
等我回去,请求等下打来,104,0,0,0,0,0,0
等我开会结束联系你,请求等下打来,104,0,0,0,0,0,0
等我忙完,请求等下打来,104,0,0,0,0,0,0
等我忙完,请求等下打来,104,0,0,0,0,0,0
等我忙完的,请求等下打来,104,0,0,0,0,0,0
等我忙完联系你,请求等下打来,104,0,0,0,0,0,0
等我五分钟,请求等下打来,104,0,0,0,0,0,0
等我下班,请求等下打来,104,0,0,0,0,0,0
等我下班的,请求等下打来,104,0,0,0,0,0,0
等我下班联系你,请求等下打来,104,0,0,0,0,0,0
等我下班再说,请求等下打来,104,0,0,0,0,0,0
等我下高速的,请求等下打来,104,0,0,0,0,0,0
等我下高速再说,请求等下打来,104,0,0,0,0,0,0
等我想想，之后给你回复,请求等下打来,104,0,0,0,0,0,0
等我消息吧,请求等下打来,104,0,1,1,0,1,0
等我一下,请求等下打来,104,0,0,0,0,0,0
等我有空的,请求等下打来,104,0,0,0,0,0,0
等我有空就给你回电话,请求等下打来,104,0,0,0,0,0,0
等下班再说,请求等下打来,104,0,0,0,0,0,0
等下打,请求等下打来,104,0,0,0,0,0,0
等下打过来，在忙,请求等下打来,104,0,0,0,0,0,0
等下打过来。,请求等下打来,104,0,0,0,0,0,0
等下打来,请求等下打来,104,0,0,0,0,0,0
等下个再联系我,请求等下打来,104,0,0,0,0,0,0
等下给你回电,请求等下打来,104,0,0,0,0,0,0
等下好吧,请求等下打来,104,0,0,0,0,0,0
等下让他联系你,请求等下打来,104,1,0,0,1,1,1
等下说,请求等下打来,104,0,0,0,0,0,0
等下我发信息回复你,请求等下打来,104,0,0,0,0,0,0
等下午我联系你,请求等下打来,104,0,0,0,0,0,0
等下再聊,请求等下打来,104,0,0,0,0,0,0
等下再说,请求等下打来,104,0,0,0,0,0,0
等下再说，我现在忙,请求等下打来,104,0,0,0,0,0,0
等下再说，现在忙,请求等下打来,104,0,0,0,0,0,0
等下在说,请求等下打来,104,0,0,0,0,0,0
等一会,请求等下打来,104,0,0,0,0,0,0
等一会儿打过来,请求等下打来,104,0,0,0,0,0,0
等一会联系你的,请求等下打来,104,0,0,0,0,0,0
等一会嘛,请求等下打来,104,0,0,0,0,0,0
等一下,请求等下打来,104,0,0,0,0,0,0
等一下哈,请求等下打来,104,0,0,0,0,0,0
等一下联系,请求等下打来,104,0,0,0,0,0,0
等一下再说,请求等下打来,104,0,0,0,0,0,0
等一下在打,请求等下打来,104,0,0,0,0,0,0
等一下在联系,请求等下打来,104,0,0,0,0,0,0
等有空联系你,请求等下打来,104,0,0,0,0,0,0
对，是我，我现在有事，待会给你打过来,请求等下打来,104,1,0,0,1,1,1
对不起家里有客人来了，一会儿再聊,请求等下打来,104,0,0,0,0,0,0
恩晚点联系,请求等下打来,104,0,0,0,0,0,0
嗯，不过我再上班,请求等下打来,104,0,0,0,0,0,0
嗯，我在忙，等会回给你,请求等下打来,104,0,0,0,0,0,0
嗯，现在忙，等会回电给你,请求等下打来,104,0,0,0,0,0,0
嗯嗯还在路上回家再联系你,请求等下打来,104,0,0,0,0,0,0
嗯嗯还在上班晚点联系你,请求等下打来,104,0,0,0,0,0,0
嗯嗯我比较忙待会联系,请求等下打来,104,0,0,0,0,0,0
嗯嗯我现在不方便待会打给你,请求等下打来,104,0,0,0,0,0,0
嗯嗯在和客户谈工作有时间在打给你,请求等下打来,104,0,0,0,0,0,0
嗯嗯之后再联系你现在有事,请求等下打来,104,0,0,0,0,0,0
嗯我还有事待会回你,请求等下打来,104,0,0,0,0,0,0
嗯我是，我在上班，下班了再说。,请求等下打来,104,0,0,0,0,0,0
嗯我现在比较忙,请求等下打来,104,0,0,0,0,0,0
嗯我在吃饭待会打给你,请求等下打来,104,0,0,0,0,0,0
嗯我在开车待会再说,请求等下打来,104,0,0,0,0,0,0
嗯现在接电话不方便之后回你,请求等下打来,104,0,0,0,0,0,0
方便我联系你,请求等下打来,104,0,0,0,0,0,0
工作不能用手机,请求等下打来,104,0,0,0,0,0,0
工作不能用手机，稍后联系,请求等下打来,104,0,0,0,0,0,0
过半小时打来,请求等下打来,104,0,0,0,0,0,0
过会儿再打嘛,请求等下打来,104,0,0,0,0,0,0
过会联系你,请求等下打来,104,0,0,0,0,0,0
过几天联系,请求等下打来,104,0,0,0,0,0,0
过几天再联系吧,请求等下打来,104,0,0,0,0,0,0
过两分钟打来,请求等下打来,104,0,0,0,0,0,0
过两天,请求等下打来,104,0,1,1,0,0,0
过两天现在有事,请求等下打来,104,0,0,0,0,0,0
过三分钟打来,请求等下打来,104,0,0,0,0,0,0
过十分钟打来,请求等下打来,104,0,0,0,0,0,0
过四分钟打来,请求等下打来,104,0,0,0,0,0,0
过四十分钟打来,请求等下打来,104,0,0,0,0,0,0
过一会你在打过来,请求等下打来,104,0,0,0,0,0,0
行，我知道了，你等我联系你,请求等下打来,104,0,0,0,0,0,0
行了，在忙，等下,请求等下打来,104,0,0,0,0,0,0
好的，你到晚上78点联系我,请求等下打来,104,0,1,1,0,1,0
好的，我知道了，我现在有事，等下打给你,请求等下打来,104,0,0,0,0,0,0
好了，等会儿再说，我要出去趟,请求等下打来,104,0,0,0,0,0,0
好了，先聊到这，我这边有其他事情，晚点再说,请求等下打来,104,0,0,0,0,0,0
和朋友在一起，不方便,请求等下打来,104,0,0,0,0,0,0
后天打给我,请求等下打来,104,0,0,0,0,0,0
后天打我电话,请求等下打来,104,0,0,0,0,0,0
后天联系我,请求等下打来,104,0,0,0,0,0,0
后天说,请求等下打来,104,0,0,0,0,0,0
后天再说,请求等下打来,104,0,0,0,0,0,0
换个地方说。,请求等下打来,104,0,0,0,0,0,0
回家联系你,请求等下打来,104,0,0,0,0,0,0
回来再说,请求等下打来,104,0,0,0,0,0,0
回头我联系你,请求等下打来,104,0,0,0,0,0,0
今天不方便,请求等下打来,104,0,1,1,0,1,1
今天临时有事改天吧,请求等下打来,104,0,1,1,0,1,1
进地铁了，晚点再说。,请求等下打来,104,0,0,0,0,0,0
开车,请求等下打来,104,0,0,0,0,0,0
开车,请求等下打来,104,0,0,0,0,0,0
开车不方便,请求等下打来,104,0,0,0,0,0,0
开车了,请求等下打来,104,0,0,0,0,0,0
开车呢,请求等下打来,104,0,0,0,0,0,0
开车呢，待会再打,请求等下打来,104,0,0,0,0,0,0
开车在路上不方便,请求等下打来,104,0,0,0,0,0,0
开会,请求等下打来,104,0,0,0,0,0,0
开会，忙,请求等下打来,104,0,0,0,0,0,0
开会，一会再说,请求等下打来,104,0,0,0,0,0,0
开会了,请求等下打来,104,0,0,0,0,0,0
开会呢,请求等下打来,104,0,0,0,0,0,0
开完会再说,请求等下打来,104,0,0,0,0,0,0
可以，到时候你联系我,请求等下打来,104,0,1,1,0,0,0
空了说,请求等下打来,104,0,0,0,0,0,0
老板来了，我等下打回来。,请求等下打来,104,0,0,0,0,0,0
马上回来,请求等下打来,104,0,0,0,0,0,0
马上进地下室,请求等下打来,104,0,0,0,0,0,0
马上进电梯了,请求等下打来,104,0,0,0,0,0,0
马上进电梯了，没信号,请求等下打来,104,0,0,0,0,0,0
马上就要起飞了，你过两小时打过来吧,请求等下打来,104,0,0,0,0,0,0
慢会儿空了再说。,请求等下打来,104,0,0,0,0,0,0
忙,请求等下打来,104,0,0,0,0,0,0
忙，等等,请求等下打来,104,0,0,0,0,0,0
忙得很，不空,请求等下打来,104,0,0,0,0,0,0
忙哈～,请求等下打来,104,0,0,0,0,0,0
忙好了回复你,请求等下打来,104,0,0,0,0,0,0
忙了,请求等下打来,104,0,0,0,0,0,0
忙了，挂断,请求等下打来,104,0,0,0,0,0,0
忙了先挂了,请求等下打来,104,0,0,0,0,0,0
忙完了我找你,请求等下打来,104,0,0,0,0,0,0
没空,请求等下打来,104,0,0,0,0,0,0
没空，等下回电,请求等下打来,104,0,0,0,0,0,0
没时间听你说,请求等下打来,104,0,0,0,0,0,0
明天,请求等下打来,104,0,0,0,0,0,0
明天打给我,请求等下打来,104,0,0,0,0,0,0
明天打来,请求等下打来,104,0,0,0,0,0,0
明天打我电话,请求等下打来,104,0,0,0,0,0,0
明天给我来电话,请求等下打来,104,0,0,0,0,0,0
明天联系你,请求等下打来,104,0,0,0,0,0,0
明天联系我,请求等下打来,104,0,0,0,0,0,0
明天联系我吧,请求等下打来,104,0,0,0,0,0,0
明天联系我吧,请求等下打来,104,0,0,0,0,0,0
明天说,请求等下打来,104,0,0,0,0,0,0
明天我打你电话,请求等下打来,104,0,0,0,0,0,0
明天我联系你,请求等下打来,104,0,0,0,0,0,0
明天再说,请求等下打来,104,0,0,0,0,0,0
明天再说吧，今天没时间了,请求等下打来,104,0,1,1,0,0,0
明天再谈,请求等下打来,104,0,0,0,0,0,0
你待会打过来吧啊,请求等下打来,104,0,0,0,0,0,0
你待会再打,请求等下打来,104,0,0,0,0,0,0
你等等,请求等下打来,104,0,0,0,0,0,0
你等等。,请求等下打来,104,0,0,0,0,0,0
你等会,请求等下打来,104,0,0,0,0,0,0
你等会打过来,请求等下打来,104,0,0,0,0,0,0
你等会打过来，我先确认下。,请求等下打来,104,0,0,0,0,0,0
你等会打来,请求等下打来,104,0,0,0,0,0,0
你等会打来在开车,请求等下打来,104,0,0,0,0,0,0
你等会再打,请求等下打来,104,0,0,0,0,0,0
你等会再打吧,请求等下打来,104,0,0,0,0,0,0
你等会再打给我,请求等下打来,104,0,0,0,0,0,0
你等会再打来,请求等下打来,104,0,0,0,0,0,0
你等我打客服问问再说,请求等下打来,104,0,1,1,0,0,0
你等我打客服问下再说,请求等下打来,104,0,1,1,0,0,0
你等我待会联系你,请求等下打来,104,0,0,0,0,0,0
你等我跟家里商量一下吧,请求等下打来,104,0,1,1,0,0,0
你等我了解下我再跟你联系,请求等下打来,104,0,1,1,0,0,0
你等我忙完的,请求等下打来,104,0,0,0,0,0,0
你等我下班再说吧,请求等下打来,104,0,0,0,0,0,0
你等下,请求等下打来,104,0,0,0,0,0,0
你等下打过来,请求等下打来,104,0,0,0,0,0,0
你等下发个信息给我,请求等下打来,104,0,1,1,0,0,0
你等下再打我这边在忙。,请求等下打来,104,0,0,0,0,0,0
你等下在打过来，我现在有点忙。,请求等下打来,104,0,0,0,0,0,0
你等一下打过来,请求等下打来,104,0,0,0,0,0,0
你给我你的私人电话吧，我待会打给你聊,请求等下打来,104,0,1,1,0,0,0
你过会打过来,请求等下打来,104,0,0,0,0,0,0
你过一会打过来,请求等下打来,104,0,0,0,0,0,0
你好，今天我没得空,请求等下打来,104,0,0,0,0,0,0
你好，我在忙,请求等下打来,104,0,0,0,0,0,0
你明天联系我,请求等下打来,104,0,0,0,0,0,0
你说拨打的用户，无法接听你的电话,请求等下打来,104,0,0,0,0,0,0
你说啥？我信号不好，等会儿给你回过去,请求等下打来,104,0,0,0,0,0,0
你听到了吗？我正在看演唱会,请求等下打来,104,0,0,0,0,0,0
你有时间关没？这个点了～,请求等下打来,104,0,0,0,0,0,0
请等一下,请求等下打来,104,0,0,0,0,0,0
去厕所,请求等下打来,104,0,1,1,0,0,0
认识啊，你找他什么事情？他这会在忙,请求等下打来,104,1,0,0,1,1,1
认识我是他哥等会让他回电话给你,请求等下打来,104,1,0,0,1,1,1
闪电了，太危险了。挂了。,请求等下打来,104,0,0,0,0,0,0
上班,请求等下打来,104,0,0,0,0,0,0
上班不方便接电话,请求等下打来,104,0,0,0,0,0,0
上班不能玩手机,请求等下打来,104,0,0,0,0,0,0
上班呢,请求等下打来,104,0,0,0,0,0,0
上班呢，挂,请求等下打来,104,0,0,0,0,0,0
上厕所呢，等下说,请求等下打来,104,0,0,0,0,0,0
上厕所去了,请求等下打来,104,1,0,0,1,1,1
上夜班，在睡觉。等有空联系,请求等下打来,104,0,0,0,0,0,0
稍等,请求等下打来,104,0,0,0,0,0,0
稍等我一会，刚好有个电话进来,请求等下打来,104,0,0,0,0,0,0
稍等一下,请求等下打来,104,0,0,0,0,0,0
稍后给你回复,请求等下打来,104,0,0,0,0,0,0
稍后联系,请求等下打来,104,0,0,0,0,0,0
什么事情，没空,请求等下打来,104,0,0,0,0,0,0
十五号联系我,请求等下打来,104,0,0,0,0,0,0
是，我在高速上，现在不能接电话,请求等下打来,104,0,0,0,0,0,0
是，我在忙，等会联系,请求等下打来,104,0,0,0,0,0,0
是啊，我这会有点忙，晚上6点以后再联系，可以吧？,请求等下打来,104,0,0,0,0,0,0
是的，不方便，下班联系我,请求等下打来,104,0,0,0,0,0,0
是的，你有什么事情等中午再说,请求等下打来,104,0,0,0,0,0,0
是的，我现在有事等会再说,请求等下打来,104,0,0,0,0,0,0
是的，我在吃饭，等会再说,请求等下打来,104,0,0,0,0,0,0
是的，我这边在上班忙挂,请求等下打来,104,0,0,0,0,0,0
是的，现在信号不好，等好了再找我,请求等下打来,104,0,0,0,0,0,0
是的，有什么事情等会说,请求等下打来,104,0,0,0,0,0,0
是我，等下班的,请求等下打来,104,1,0,0,1,1,1
是我，我在忙，现在不方便,请求等下打来,104,1,0,0,1,1,1
是我，在开会，等会说,请求等下打来,104,1,0,0,1,1,1
是我这边在忙你等一下,请求等下打来,104,0,0,0,0,0,0
手机没电了,请求等下打来,104,0,0,0,0,0,0
手机没电了，,请求等下打来,104,0,0,0,0,0,0
手机要没电了，你一会儿再打过来吧,请求等下打来,104,0,0,0,0,0,0
睡觉,请求等下打来,104,0,0,0,0,0,0
说什么，晚点说,请求等下打来,104,0,0,0,0,0,0
他出去了您稍等一下,请求等下打来,104,1,0,0,1,1,1
他出去买东西了要一个小时才回来,请求等下打来,104,1,0,0,1,1,1
他现在不在，等会再打过了,请求等下打来,104,1,0,0,1,1,1
他现在不在，稍后再打过来,请求等下打来,104,1,0,0,1,1,1
他现在不在，我叫他一会给你回过来,请求等下打来,104,1,0,0,1,1,1
他在吃饭,请求等下打来,104,1,0,0,1,1,1
他在吃饭，不方便接你的电话，待会我让他回你,请求等下打来,104,1,0,0,1,1,1
他在工作的，比较忙,请求等下打来,104,1,0,0,1,1,1
他在开车,请求等下打来,104,1,0,0,1,1,1
他在开车，待会让他回你,请求等下打来,104,1,0,0,1,1,1
他在开车，等会回给你,请求等下打来,104,0,0,0,0,0,0
他在开车，什么事？,请求等下打来,104,1,0,0,1,1,1
他在开车，我让他待会联系你,请求等下打来,104,1,0,0,1,1,1
他在开车，现在不方便接电话,请求等下打来,104,1,0,0,1,1,1
他在开车待会回你,请求等下打来,104,1,0,0,1,1,1
他在开车等会再说,请求等下打来,104,1,0,0,1,1,1
他在开车我等等叫他回你,请求等下打来,104,1,0,0,1,1,1
他在开车我一会让他回你,请求等下打来,104,1,0,0,1,1,1
他在开会,请求等下打来,104,1,0,0,1,1,1
他在开会，不方便接你的电话，待会我让他回你,请求等下打来,104,1,0,0,1,1,1
他在开会。,请求等下打来,104,1,0,0,1,1,1
他在开会不方便接电话,请求等下打来,104,1,0,0,1,1,1
他在看电视,请求等下打来,104,1,0,0,1,1,1
他在忙,请求等下打来,104,1,0,0,1,1,1
他在忙，不方便接你的电话，待会我让他回你,请求等下打来,104,1,0,0,1,1,1
他在忙，待会回电给你吧。,请求等下打来,104,1,0,0,1,1,1
他在忙，等会叫他回电给你,请求等下打来,104,1,0,0,1,1,1
他在忙，你一会在打过来,请求等下打来,104,1,0,0,1,1,1
他在忙，你一会在打过来,请求等下打来,104,1,0,0,1,1,1
他在忙啦,请求等下打来,104,1,0,0,1,1,1
他在跑步,请求等下打来,104,1,0,0,1,1,1
他在上班，等下班回复你,请求等下打来,104,1,0,0,1,1,1
他在睡觉,请求等下打来,104,1,0,0,1,1,1
他在睡觉，晚点给你回电话,请求等下打来,104,1,0,0,1,1,1
他在睡觉，一会回你,请求等下打来,104,1,0,0,1,1,1
他在洗澡,请求等下打来,104,1,0,0,1,1,1
他在洗澡，不方便接你的电话，待会我让他回你,请求等下打来,104,1,0,0,1,1,1
他在做饭,请求等下打来,104,1,0,0,1,1,1
他正在卡车,请求等下打来,104,1,0,0,1,1,1
他正在开车,请求等下打来,104,1,0,0,1,1,1
他正在开车，待会回复你,请求等下打来,104,1,0,0,1,1,1
他正在开车，待会我让他回你,请求等下打来,104,1,0,0,1,1,1
他正在开车，待会我让她回你电话,请求等下打来,104,1,0,0,1,1,1
他正在开车，没意思,请求等下打来,104,1,0,0,1,1,1
他正在开车，你一会打过来吧,请求等下打来,104,1,0,0,1,1,1
他正在开车嗯,请求等下打来,104,1,0,0,1,1,1
他正在开车了,请求等下打来,104,1,0,0,1,1,1
他正在开车没意思,请求等下打来,104,1,0,0,1,1,1
他正在开车哇,请求等下打来,104,1,0,0,1,1,1
他正在开车呀,请求等下打来,104,1,0,0,1,1,1
他正在洗漱,请求等下打来,104,1,0,0,1,1,1
头晕了，先挂了。,请求等下打来,104,0,0,0,0,0,0
晚点联系,请求等下打来,104,0,0,0,0,0,0
晚点联系可以吗,请求等下打来,104,0,0,0,0,0,0
晚点说行吗,请求等下打来,104,0,0,0,0,0,0
晚上打给我,请求等下打来,104,0,0,0,0,0,0
晚上给你答复,请求等下打来,104,0,1,1,0,0,0
晚上跟我联系,请求等下打来,104,0,0,0,0,0,0
晚上联系,请求等下打来,104,0,0,0,0,0,0
晚上联系你,请求等下打来,104,0,0,0,0,0,0
晚上说,请求等下打来,104,0,0,0,0,0,0
晚上我打你电话,请求等下打来,104,0,0,0,0,0,0
晚上再说,请求等下打来,104,0,0,0,0,0,0
喂，喂，喂，我这边信号不好，等下再打过来。,请求等下打来,104,0,0,0,0,0,0
喂，我在开车，等下再说,请求等下打来,104,0,0,0,0,0,0
喂是啊听不清啊挂了,请求等下打来,104,0,0,0,0,0,0
我不方便,请求等下打来,104,0,0,0,0,0,0
我不方便等下打给你,请求等下打来,104,0,0,0,0,0,0
我不方便接,请求等下打来,104,0,0,0,0,0,0
我不方便接你电话,请求等下打来,104,0,0,0,0,0,0
我不是，他正忙，一会给你回过来,请求等下打来,104,1,0,0,1,1,1
我参加聚会呢,请求等下打来,104,0,0,0,0,0,0
我吃饭了,请求等下打来,104,0,0,0,0,0,0
我出去一趟,请求等下打来,104,0,0,0,0,0,0
我打电话问问他,请求等下打来,104,1,0,0,1,1,1
我待还联系你,请求等下打来,104,0,0,0,0,0,0
我待还联系你,请求等下打来,104,0,0,0,0,0,0
我待会打给你,请求等下打来,104,0,0,0,0,0,0
我待会联系你,请求等下打来,104,0,0,0,0,0,0
我待会联系你,请求等下打来,104,0,0,0,0,0,0
我待会让他给你回电话,请求等下打来,104,1,0,0,1,1,1
我待会让他回过去,请求等下打来,104,1,0,0,1,1,1
我待会再联系你,请求等下打来,104,0,0,0,0,0,0
我待会再联系你,请求等下打来,104,0,0,0,0,0,0
我得去吃饭了。,请求等下打来,104,0,0,0,0,0,0
我的电话没电了，再联系,请求等下打来,104,0,0,0,0,0,0
我等会联系,请求等下打来,104,0,0,0,0,0,0
我等会联系你,请求等下打来,104,0,0,0,0,0,0
我等会去看下,请求等下打来,104,0,0,0,0,0,0
我等会再联系你！,请求等下打来,104,0,0,0,0,0,0
我等会再联系你；这里信号不好；稍后联系,请求等下打来,104,0,0,0,0,0,0
我等会再联系你；这里信号不好；稍后联系,请求等下打来,104,0,0,0,0,0,0
我等会找你,请求等下打来,104,0,0,0,0,0,0
我等下,请求等下打来,104,0,0,0,0,0,0
我等下给你打过来,请求等下打来,104,0,0,0,0,0,0
我等下联系你,请求等下打来,104,0,0,0,0,0,0
我等一下给你回过去,请求等下打来,104,0,0,0,0,0,0
我改天再联系你,请求等下打来,104,0,0,0,0,0,0
我过10分钟给你回电话,请求等下打来,104,0,0,0,0,0,0
我过20分钟给你回电话,请求等下打来,104,0,0,0,0,0,0
我过30分钟给你回电话,请求等下打来,104,0,0,0,0,0,0
我过40分钟给你回电话,请求等下打来,104,0,0,0,0,0,0
我过50分钟给你回电话,请求等下打来,104,0,0,0,0,0,0
我过二小时给你回电话,请求等下打来,104,0,0,0,0,0,0
我过三小时给你回电话,请求等下打来,104,0,0,0,0,0,0
我过四小时给你回电话,请求等下打来,104,0,0,0,0,0,0
我过一个小时给你回电话,请求等下打来,104,0,0,0,0,0,0
我和朋友在一起谈事情,请求等下打来,104,0,0,0,0,0,0
我很忙,请求等下打来,104,0,0,0,0,0,0
我很忙，以后再打吧,请求等下打来,104,0,0,0,0,0,0
我会还的，现在很忙的,请求等下打来,104,0,1,1,0,0,0
我家里来人了，先挂了,请求等下打来,104,0,0,0,0,0,0
我叫他等会给你回过来,请求等下打来,104,1,0,0,1,1,1
我叫他给你回电话,请求等下打来,104,1,0,0,1,1,1
我借钱了吗？等会再说,请求等下打来,104,0,1,1,0,0,0
我开车呢,请求等下打来,104,0,0,0,0,0,0
我开会呢,请求等下打来,104,0,0,0,0,0,0
我空了联系,请求等下打来,104,0,0,0,0,0,0
我老婆来了，我先挂了。,请求等下打来,104,0,0,0,0,0,0
我联系看看,请求等下打来,104,1,0,0,1,1,1
我联系一下,请求等下打来,104,1,0,0,1,1,1
我六点下班你在打电话,请求等下打来,104,0,0,0,0,0,0
我妈妈来了,请求等下打来,104,0,1,1,0,0,0
我马上吃饭了,请求等下打来,104,0,0,0,0,0,0
我马上回你,请求等下打来,104,0,0,0,0,0,0
我马上上飞机了,请求等下打来,104,0,0,0,0,0,0
我马上要出差，你过几天给我打吧,请求等下打来,104,0,0,0,0,0,0
我马上要开会了,请求等下打来,104,0,0,0,0,0,0
我忙了,请求等下打来,104,0,0,0,0,0,0
我忙完了给你回电话,请求等下打来,104,0,0,0,0,0,0
我没空,请求等下打来,104,0,0,0,0,0,0
我没时间跟你聊,请求等下打来,104,0,0,0,0,0,0
我没网络,请求等下打来,104,0,1,1,0,0,0
我们老板来了，我挂了,请求等下打来,104,0,0,0,0,0,0
我明天给你答复,请求等下打来,104,0,1,1,0,0,0
我明天找你,请求等下打来,104,0,0,0,0,0,0
我目前在开会，待会再说，,请求等下打来,104,0,0,0,0,0,0
我旁边有人,请求等下打来,104,0,0,0,0,0,0
我陪领导吃饭,请求等下打来,104,0,0,0,0,0,0
我朋友在,请求等下打来,104,1,0,0,1,1,1
我骑车呢，不方便接电话,请求等下打来,104,0,0,0,0,0,0
我让他回你电话,请求等下打来,104,1,0,0,1,1,1
我上夜班在休息,请求等下打来,104,0,0,0,0,0,0
我上夜班在休息，晚上联系我,请求等下打来,104,0,0,0,0,0,0
我稍后回给你,请求等下打来,104,0,0,0,0,0,0
我稍后联系你吧,请求等下打来,104,0,0,0,0,0,0
我稍后再联系你,请求等下打来,104,0,0,0,0,0,0
我实在太忙了，回头聊,请求等下打来,104,0,0,0,0,0,0
我是，我在上班，等我下班再说,请求等下打来,104,0,0,0,0,0,0
我是，现在不方便接电话，晚点再说,请求等下打来,104,0,0,0,0,0,0
我是他家人等回来我告诉他,请求等下打来,104,1,0,0,1,1,1
我是他同事，他在开会,请求等下打来,104,1,0,0,1,1,1
我手机快没电了，再见,请求等下打来,104,0,0,0,0,0,0
我手机没电了,请求等下打来,104,0,0,0,0,0,0
我手机没电了，明天再说,请求等下打来,104,0,0,0,0,0,0
我手机没电了。先充电了,请求等下打来,104,0,0,0,0,0,0
我睡觉了,请求等下打来,104,0,0,0,0,0,0
我听不见；在开车；能等会打吗,请求等下打来,104,0,0,0,0,0,0
我停车呢，一会回你,请求等下打来,104,0,0,0,0,0,0
我晚点跟你联系,请求等下打来,104,0,0,0,0,0,0
我晚上处理跟你说,请求等下打来,104,0,0,0,0,0,0
我晚上联系你,请求等下打来,104,0,0,0,0,0,0
我晚上在给你打电话,请求等下打来,104,0,0,0,0,0,0
我问问财务，你一会再联系我,请求等下打来,104,0,1,1,0,1,0
我下班联系你,请求等下打来,104,0,0,0,0,0,0
我下午联系你,请求等下打来,104,0,0,0,0,0,0
我先接个电话,请求等下打来,104,0,0,0,0,0,0
我先看看我还有多少钱，，等会打你电话,请求等下打来,104,0,1,1,0,0,0
我现在不方便,请求等下打来,104,0,0,0,0,0,0
我现在不方便，过会转过去,请求等下打来,104,0,0,0,0,0,0
我现在不方便，空了吹阿,请求等下打来,104,0,0,0,0,0,0
我现在不方便，空了吹吧,请求等下打来,104,0,0,0,0,0,0
我现在不方便，空了吹嗯,请求等下打来,104,0,0,0,0,0,0
我现在不方便，空了吹哈哈哈,请求等下打来,104,0,0,0,0,0,0
我现在不方便，空了吹者,请求等下打来,104,0,0,0,0,0,0
我现在不方便，空了再说,请求等下打来,104,0,0,0,0,0,0
我现在不方便，空了再说，没意思,请求等下打来,104,0,0,0,0,0,0
我现在不方便，空了再说嗯,请求等下打来,104,0,0,0,0,0,0
我现在不方便，空了再说哈哈哈,请求等下打来,104,0,0,0,0,0,0
我现在不方便，空了再说哇,请求等下打来,104,0,0,0,0,0,0
我现在不方便接,请求等下打来,104,0,0,0,0,0,0
我现在不方便接电话,请求等下打来,104,0,0,0,0,0,0
我现在不方便接电话。,请求等下打来,104,0,0,0,0,0,0
我现在不方便接听,请求等下打来,104,0,0,0,0,0,0
我现在不方便接听电话,请求等下打来,104,0,0,0,0,0,0
我现在不方便接听电话的,请求等下打来,104,0,0,0,0,0,0
我现在不方便你一会儿再打来,请求等下打来,104,0,0,0,0,0,0
我现在不方便说话,请求等下打来,104,0,0,0,0,0,0
我现在很忙,请求等下打来,104,0,0,0,0,0,0
我现在很忙，稍后给你打过来,请求等下打来,104,0,0,0,0,0,0
我现在很忙，稍后再打,请求等下打来,104,0,0,0,0,0,0
我现在急着赶飞机，等我空了在说。,请求等下打来,104,0,0,0,0,0,0
我现在开车,请求等下打来,104,0,0,0,0,0,0
我现在开车，等会再说吧,请求等下打来,104,0,0,0,0,0,0
我现在开会,请求等下打来,104,0,0,0,0,0,0
我现在忙，不方便接电话,请求等下打来,104,0,0,0,0,0,0
我现在忙，等会联系！,请求等下打来,104,0,0,0,0,0,0
我现在忙，等会联系我！,请求等下打来,104,0,0,0,0,0,0
我现在忙，等会再说,请求等下打来,104,0,0,0,0,0,0
我现在忙，等会在打过来,请求等下打来,104,0,0,0,0,0,0
我现在忙，没时间,请求等下打来,104,0,0,0,0,0,0
我现在忙，没时间。,请求等下打来,104,0,0,0,0,0,0
我现在忙，一会儿再说,请求等下打来,104,0,0,0,0,0,0
我现在忙，一会儿再说，没意思,请求等下打来,104,0,0,0,0,0,0
我现在忙，一会儿再说嗯,请求等下打来,104,0,0,0,0,0,0
我现在忙，一会儿再说哈哈哈,请求等下打来,104,0,0,0,0,0,0
我现在忙，一会儿再说哇,请求等下打来,104,0,0,0,0,0,0
我现在忙待会回你电话,请求等下打来,104,0,0,0,0,0,0
我现在忙得很,请求等下打来,104,0,0,0,0,0,0
我现在忙得很，烦死了,请求等下打来,104,0,0,0,0,0,0
我现在忙了,请求等下打来,104,0,0,0,0,0,0
我现在没空,请求等下打来,104,0,0,0,0,0,0
我现在没空你改天再打吧,请求等下打来,104,0,0,0,0,0,0
我现在没时间,请求等下打来,104,0,0,0,0,0,0
我现在没在成都的，回来了联系你哈！,请求等下打来,104,0,0,0,0,0,0
我现在上班,请求等下打来,104,0,0,0,0,0,0
我现在上班，忙,请求等下打来,104,0,0,0,0,0,0
我现在上班，没办法处理,请求等下打来,104,0,1,1,0,0,0
我现在上班。,请求等下打来,104,0,0,0,0,0,0
我现在睡觉，没空。,请求等下打来,104,0,0,0,0,0,0
我现在有点忙,请求等下打来,104,0,0,0,0,0,0
我现在有点忙，等会联系！,请求等下打来,104,0,0,0,0,0,0
我现在有点忙，你等会儿打来,请求等下打来,104,0,0,0,0,0,0
我现在有点事,请求等下打来,104,0,0,0,0,0,0
我现在有急事,请求等下打来,104,0,0,0,0,0,0
我现在有事,请求等下打来,104,0,0,0,0,0,0
我现在有事，过两天再说,请求等下打来,104,0,0,0,0,0,0
我现在有事，你等下打过来,请求等下打来,104,0,0,0,0,0,0
我现在有事啊我待会回给你,请求等下打来,104,0,0,0,0,0,0
我现在有事待会回你,请求等下打来,104,0,0,0,0,0,0
我现在有事等等给你回电话,请求等下打来,104,0,0,0,0,0,0
我现在有事等会回复你,请求等下打来,104,0,0,0,0,0,0
我现在有事等会联系,请求等下打来,104,0,0,0,0,0,0
我现在再忙，等会打过来,请求等下打来,104,0,0,0,0,0,0
我现在在高速，等下高速,请求等下打来,104,0,0,0,0,0,0
我现在在开车,请求等下打来,104,0,0,0,0,0,0
我现在在开会,请求等下打来,104,0,0,0,0,0,0
我现在在开会，等会联系,请求等下打来,104,0,0,0,0,0,0
我现在在路上。待会联系你,请求等下打来,104,0,0,0,0,0,0
我现在在忙,请求等下打来,104,0,0,0,0,0,0
我现在在忙，等下我看一下。,请求等下打来,104,0,0,0,0,0,0
我现在在忙，你以后再联系我,请求等下打来,104,0,0,0,0,0,0
我现在在忙能等半小时吗，,请求等下打来,104,0,0,0,0,0,0
我现在在忙晚点回给你,请求等下打来,104,0,0,0,0,0,0
我现在在上班,请求等下打来,104,0,0,0,0,0,0
我现在在上班，等下班再说！,请求等下打来,104,0,0,0,0,0,0
我现在在上班，等一下联系你,请求等下打来,104,0,0,0,0,0,0
我现在在上班不方便,请求等下打来,104,0,0,0,0,0,0
我现在在上班不方便接电话,请求等下打来,104,0,0,0,0,0,0
我现在在上班下班回电话给你,请求等下打来,104,0,0,0,0,0,0
我现在在睡觉,请求等下打来,104,0,0,0,0,0,0
我现在在外地出差,请求等下打来,104,0,0,0,0,0,0
我现在在医院，没空,请求等下打来,104,0,0,0,0,0,0
我想睡觉,请求等下打来,104,0,0,0,0,0,0
我心情不太好下次再联系你,请求等下打来,104,0,0,0,0,0,0
我要吃饭,请求等下打来,104,0,0,0,0,0,0
我要吃饭去了,请求等下打来,104,0,0,0,0,0,0
我要登机了，有什么事等我下飞机在说,请求等下打来,104,0,0,0,0,0,0
我要工作了,请求等下打来,104,0,0,0,0,0,0
我要开车了,请求等下打来,104,0,0,0,0,0,0
我要开会了，改天说,请求等下打来,104,0,0,0,0,0,0
我要去开会了,请求等下打来,104,0,0,0,0,0,0
我要去开会了，晚点再说,请求等下打来,104,0,0,0,0,0,0
我要上班了,请求等下打来,104,0,0,0,0,0,0
我要睡觉了,请求等下打来,104,0,0,0,0,0,0
我一会打给你,请求等下打来,104,0,0,0,0,0,0
我一会给你打过去，这是你的电话吗,请求等下打来,104,0,0,0,0,0,0
我一会联系你,请求等下打来,104,0,0,0,0,0,0
我一会让他回复你们,请求等下打来,104,1,0,0,1,1,1
我有点急事改天再说吧,请求等下打来,104,0,0,0,0,0,0
我有电话进来了，一会再说吧,请求等下打来,104,0,0,0,0,0,0
我有急事,请求等下打来,104,0,0,0,0,0,0
我有时间再说,请求等下打来,104,0,0,0,0,0,0
我有事,请求等下打来,104,0,0,0,0,0,0
我有事，晚上打给我,请求等下打来,104,0,0,0,0,0,0
我有事了,请求等下打来,104,0,0,0,0,0,0
我有事晚上打给我,请求等下打来,104,0,0,0,0,0,0
我再高速上，过段时间再说,请求等下打来,104,0,0,0,0,0,0
我再开车,请求等下打来,104,0,0,0,0,0,0
我再开车，等会打我电话,请求等下打来,104,0,0,0,0,0,0
我再开会,请求等下打来,104,0,0,0,0,0,0
我再山上,请求等下打来,104,0,0,0,0,0,0
我再上班,请求等下打来,104,0,0,0,0,0,0
我再上班，下班再说,请求等下打来,104,0,0,0,0,0,0
我再休息,请求等下打来,104,0,0,0,0,0,0
我在班上,请求等下打来,104,0,0,0,0,0,0
我在办理身份证,请求等下打来,104,0,0,0,0,0,0
我在办理信用卡,请求等下打来,104,0,0,0,0,0,0
我在比赛，结束了再说吧,请求等下打来,104,0,0,0,0,0,0
我在超市,请求等下打来,104,0,0,0,0,0,0
我在超市，有点吵,请求等下打来,104,0,0,0,0,0,0
我在车站里，太吵了,请求等下打来,104,0,0,0,0,0,0
我在吃饭,请求等下打来,104,0,0,0,0,0,0
我在吃饭不要骚扰我,请求等下打来,104,0,0,0,0,0,0
我在处理一些事情稍等,请求等下打来,104,0,0,0,0,0,0
我在船上信号不好,请求等下打来,104,0,0,0,0,0,0
我在地下室没信号,请求等下打来,104,0,0,0,0,0,0
我在电梯里,请求等下打来,104,0,0,0,0,0,0
我在电梯里，等下说,请求等下打来,104,0,0,0,0,0,0
我在飞机上，不让打电话,请求等下打来,104,0,0,0,0,0,0
我在付钱，不方便接电话,请求等下打来,104,0,0,0,0,0,0
我在高速,请求等下打来,104,0,0,0,0,0,0
我在高速等会再说,请求等下打来,104,0,0,0,0,0,0
我在高速上,请求等下打来,104,0,0,0,0,0,0
我在高速上，等会说,请求等下打来,104,0,0,0,0,0,0
我在高速上，挂了啊,请求等下打来,104,0,0,0,0,0,0
我在高速上，晚点联系我,请求等下打来,104,0,0,0,0,0,0
我在高速上，下高速就还,请求等下打来,104,0,0,0,0,0,0
我在高速上，下高速再打,请求等下打来,104,0,0,0,0,0,0
我在高速上，先挂了,请求等下打来,104,0,0,0,0,0,0
我在高速上开车,请求等下打来,104,0,0,0,0,0,0
我在高速上有时间回你,请求等下打来,104,0,0,0,0,0,0
我在告诉不方便接电话,请求等下打来,104,0,0,0,0,0,0
我在跟朋友聊事情,请求等下打来,104,0,0,0,0,0,0
我在工地不方便接听,请求等下打来,104,0,0,0,0,0,0
我在工作,请求等下打来,104,0,0,0,0,0,0
我在逛街,请求等下打来,104,0,0,0,0,0,0
我在海上,请求等下打来,104,0,0,0,0,0,0
我在加班,请求等下打来,104,0,0,0,0,0,0
我在见客户，等会找你,请求等下打来,104,0,0,0,0,0,0
我在开车,请求等下打来,104,0,0,0,0,0,0
我在开车,请求等下打来,104,0,0,0,0,0,0
我在开车，不方便接电话,请求等下打来,104,0,0,0,0,0,0
我在开车，到家说,请求等下打来,104,0,0,0,0,0,0
我在开车，等会打过来,请求等下打来,104,0,0,0,0,0,0
我在开车，等会我打电话给你,请求等下打来,104,0,0,0,0,0,0
我在开车，等会再说,请求等下打来,104,0,0,0,0,0,0
我在开车，等会再说吧,请求等下打来,104,0,0,0,0,0,0
我在开车，等我停好车的,请求等下打来,104,0,0,0,0,0,0
我在开车，稍后联系。,请求等下打来,104,0,0,0,0,0,0
我在开车，稍后再打。,请求等下打来,104,0,0,0,0,0,0
我在开车，什么事,请求等下打来,104,0,0,0,0,0,0
我在开车，晚上你在打过来,请求等下打来,104,0,0,0,0,0,0
我在开车，先不说了,请求等下打来,104,0,0,0,0,0,0
我在开车，有事等等说,请求等下打来,104,0,0,0,0,0,0
我在开车不方便接听10分钟后联系,请求等下打来,104,0,0,0,0,0,0
我在开车不方便说话,请求等下打来,104,0,0,0,0,0,0
我在开车等会说,请求等下打来,104,0,0,0,0,0,0
我在开车等下再说。,请求等下打来,104,0,0,0,0,0,0
我在开车等一下,请求等下打来,104,0,0,0,0,0,0
我在开车你等会再打吧,请求等下打来,104,0,0,0,0,0,0
我在开车稍后联系,请求等下打来,104,0,0,0,0,0,0
我在开车稍后联系吧,请求等下打来,104,0,0,0,0,0,0
我在开车晚上打来,请求等下打来,104,0,0,0,0,0,0
我在开车一会再说,请求等下打来,104,0,0,0,0,0,0
我在开会,请求等下打来,104,0,0,0,0,0,0
我在开会,请求等下打来,104,0,0,0,0,0,0
"我在开会, 有事等会说",请求等下打来,104,0,0,0,0,0,0
我在开会，不能接电话！,请求等下打来,104,0,0,0,0,0,0
我在开会，等会的,请求等下打来,104,0,0,0,0,0,0
我在开会，等会回你,请求等下打来,104,0,0,0,0,0,0
我在开会，等下再联系,请求等下打来,104,0,0,0,0,0,0
我在开会，等下再说,请求等下打来,104,0,0,0,0,0,0
我在开会，等下再说吧,请求等下打来,104,0,0,0,0,0,0
我在开会，过会再说,请求等下打来,104,0,0,0,0,0,0
我在开会，开完会联系,请求等下打来,104,0,0,0,0,0,0
我在开会，稍后联系,请求等下打来,104,0,0,0,0,0,0
我在开会，一会给你回复。,请求等下打来,104,0,0,0,0,0,0
我在开会等等再打来,请求等下打来,104,0,0,0,0,0,0
我在开会等会联系,请求等下打来,104,0,0,0,0,0,0
我在开会等会找你,请求等下打来,104,0,0,0,0,0,0
我在开会等下说。挂机,请求等下打来,104,0,0,0,0,0,0
我在开会哈～,请求等下打来,104,0,0,0,0,0,0
我在开会呢,请求等下打来,104,0,0,0,0,0,0
我在开会你等会打=打来,请求等下打来,104,0,0,0,0,0,0
我在开会稍后联系。,请求等下打来,104,0,0,0,0,0,0
我在看演唱会,请求等下打来,104,0,1,1,0,0,0
我在联系你,请求等下打来,104,0,0,0,0,0,0
我在路上,请求等下打来,104,0,0,0,0,0,0
我在忙,请求等下打来,104,0,0,0,0,0,0
我在忙，,请求等下打来,104,0,0,0,0,0,0
"我在忙, 1小时后打给我",请求等下打来,104,0,0,0,0,0,0
我在忙，不方便接听电话,请求等下打来,104,0,0,0,0,0,0
我在忙，等会打给你,请求等下打来,104,0,0,0,0,0,0
我在忙，等会再说,请求等下打来,104,0,0,0,0,0,0
我在忙，过会联系,请求等下打来,104,0,0,0,0,0,0
我在忙，没时间,请求等下打来,104,0,0,0,0,0,0
我在忙，你等下再打来,请求等下打来,104,0,0,0,0,0,0
我在忙，你过会儿再打来,请求等下打来,104,0,0,0,0,0,0
我在忙，你过一小时再打来,请求等下打来,104,0,0,0,0,0,0
我在忙，你后天再打来,请求等下打来,104,0,0,0,0,0,0
我在忙，你明天再打来,请求等下打来,104,0,0,0,0,0,0
我在忙，你下周再打来,请求等下打来,104,0,0,0,0,0,0
我在忙，稍后回电话,请求等下打来,104,0,0,0,0,0,0
我在忙，稍后联系。,请求等下打来,104,0,0,0,0,0,0
我在忙，稍后再说,请求等下打来,104,0,0,0,0,0,0
我在忙，一会给你回过去,请求等下打来,104,0,0,0,0,0,0
我在忙，有空再说,请求等下打来,104,0,0,0,0,0,0
我在忙不方便说话,请求等下打来,104,0,0,0,0,0,0
我在忙等会,请求等下打来,104,0,0,0,0,0,0
我在忙等会打我电话,请求等下打来,104,0,0,0,0,0,0
我在忙等会回你,请求等下打来,104,0,0,0,0,0,0
我在忙等会说,请求等下打来,104,0,0,0,0,0,0
我在忙挂断,请求等下打来,104,0,0,0,0,0,0
我在忙哈,请求等下打来,104,0,0,0,0,0,0
我在忙呢,请求等下打来,104,0,0,0,0,0,0
我在忙呢等会打吧,请求等下打来,104,0,0,0,0,0,0
我在忙稍后联系,请求等下打来,104,0,0,0,0,0,0
我在忙现在没时间,请求等下打来,104,0,0,0,0,0,0
我在忙有时间回给你,请求等下打来,104,0,0,0,0,0,0
我在面试,请求等下打来,104,0,0,0,0,0,0
我在跑步,请求等下打来,104,0,0,0,0,0,0
我在骑车,请求等下打来,104,0,0,0,0,0,0
我在骑车不方便听电话,请求等下打来,104,0,0,0,0,0,0
我在汽车站，都是喇叭,请求等下打来,104,0,0,0,0,0,0
我在上班,请求等下打来,104,0,0,0,0,0,0
我在上班,请求等下打来,104,0,0,0,0,0,0
我在上班，不方便接听你的电话，有事请等我下班了在说，现在很忙,请求等下打来,104,0,0,0,0,0,0
我在上班，等会联系,请求等下打来,104,0,0,0,0,0,0
我在上班，下班聊,请求等下打来,104,0,0,0,0,0,0
我在上班，下班说,请求等下打来,104,0,0,0,0,0,0
我在上班，下班以后给你回电话,请求等下打来,104,0,0,0,0,0,0
我在上班，下班再说,请求等下打来,104,0,0,0,0,0,0
我在上班，下班在联系,请求等下打来,104,0,0,0,0,0,0
我在上班，下午打过来,请求等下打来,104,0,0,0,0,0,0
我在上班不要骚扰我,请求等下打来,104,0,0,0,0,0,0
我在上班的路上,请求等下打来,104,0,0,0,0,0,0
我在上班等等再说,请求等下打来,104,0,0,0,0,0,0
我在上班稍后联系,请求等下打来,104,0,0,0,0,0,0
我在上班稍后联系。,请求等下打来,104,0,0,0,0,0,0
我在上班下班联系,请求等下打来,104,0,0,0,0,0,0
我在上班下班聊,请求等下打来,104,0,0,0,0,0,0
我在上班下班再联系你,请求等下打来,104,0,0,0,0,0,0
我在上班下班再说,请求等下打来,104,0,0,0,0,0,0
我在上厕所,请求等下打来,104,0,0,0,0,0,0
我在上课,请求等下打来,104,0,0,0,0,0,0
我在收麦子,请求等下打来,104,0,0,0,0,0,0
我在睡觉,请求等下打来,104,0,0,0,0,0,0
我在睡觉,请求等下打来,104,0,0,0,0,0,0
我在睡觉，白天再说,请求等下打来,104,0,0,0,0,0,0
我在睡觉别烦我,请求等下打来,104,0,0,0,0,0,0
我在睡觉太累了,请求等下打来,104,0,0,0,0,0,0
我在睡觉我在做梦,请求等下打来,104,0,0,0,0,0,0
我在外面，回去给你打过来哈,请求等下打来,104,0,0,0,0,0,0
我在外面，有事等我回去的,请求等下打来,104,0,0,0,0,0,0
我在外面不放便,请求等下打来,104,0,0,0,0,0,0
我在外面呢等会再打我电话,请求等下打来,104,0,0,0,0,0,0
我在外面有点忙,请求等下打来,104,0,0,0,0,0,0
我在洗澡,请求等下打来,104,0,0,0,0,0,0
我在想想，一会儿再打吧,请求等下打来,104,0,0,0,0,0,0
我这边不方便回答,请求等下打来,104,0,0,0,0,0,0
我这边不方便说话,请求等下打来,104,0,0,0,0,0,0
我这边打雷了等会打来,请求等下打来,104,0,0,0,0,0,0
我这边跟你是晚上联系,请求等下打来,104,0,0,0,0,0,0
我这边信号不好，等下再联系,请求等下打来,104,0,0,0,0,0,0
我这边有点事,请求等下打来,104,0,0,0,0,0,0
我这边在山上,请求等下打来,104,0,0,0,0,0,0
我这会不方便，在开会,请求等下打来,104,0,0,0,0,0,0
我这几天比较忙。过几天联系我,请求等下打来,104,0,0,0,0,0,0
我这里信号不是很好，你把信息发到我手机上,请求等下打来,104,0,0,0,0,0,0
我这要接个很重要的电话，再说哈。,请求等下打来,104,0,0,0,0,0,0
我真的很忙,请求等下打来,104,0,0,0,0,0,0
我正开会,请求等下打来,104,0,0,0,0,0,0
我正在吃饭，待会再说要的不?,请求等下打来,104,0,0,0,0,0,0
我正在开车,请求等下打来,104,0,0,0,0,0,0
我正在开车，不方便接电话。,请求等下打来,104,0,0,0,0,0,0
我正在开车，一会联系,请求等下打来,104,0,0,0,0,0,0
我正在开车待会回电给你。,请求等下打来,104,0,0,0,0,0,0
我正在开车了，等会联系你,请求等下打来,104,0,0,0,0,0,0
我正在开会,请求等下打来,104,0,0,0,0,0,0
我正在看比赛，完了再说,请求等下打来,104,0,0,0,0,0,0
我正在上班,请求等下打来,104,0,0,0,0,0,0
我正在上班，下班后再联系可以吧,请求等下打来,104,0,0,0,0,0,0
我正在上班，下班后再联系可以吧阿,请求等下打来,104,0,0,0,0,0,0
我正在上班，下班后再联系可以吧嗯,请求等下打来,104,0,0,0,0,0,0
我正在上班，下班后再联系可以吧啦,请求等下打来,104,0,0,0,0,0,0
我正在上班，下班后再联系可以吧没意思,请求等下打来,104,0,0,0,0,0,0
我正在上班，下班再联系,请求等下打来,104,0,0,0,0,0,0
我知道了，等忙完再说,请求等下打来,104,0,1,1,0,1,0
我子安在没时间,请求等下打来,104,0,0,0,0,0,0
下班后在联系可以吧,请求等下打来,104,0,0,0,0,0,0
下班联系,请求等下打来,104,0,0,0,0,0,0
下班联系吧,请求等下打来,104,0,0,0,0,0,0
下班联系你,请求等下打来,104,0,0,0,0,0,0
下班说,请求等下打来,104,0,0,0,0,0,0
下班以后联系你,请求等下打来,104,0,0,0,0,0,0
下班以后再联系，,请求等下打来,104,0,0,0,0,0,0
下班再聊吧,请求等下打来,104,0,0,0,0,0,0
下班再说,请求等下打来,104,0,0,0,0,0,0
下高速,请求等下打来,104,0,0,0,0,0,0
下午打给我,请求等下打来,104,0,0,0,0,0,0
下午给我联系吧,请求等下打来,104,0,0,0,0,0,0
下午联系你,请求等下打来,104,0,0,0,0,0,0
下午联系我,请求等下打来,104,0,0,0,0,0,0
下星期一打我电话,请求等下打来,104,0,0,0,0,0,0
下星期一协商,请求等下打来,104,0,1,1,0,0,0
先不说了，我要去打麻将了,请求等下打来,104,0,0,0,0,0,0
先挂了忙,请求等下打来,104,0,0,0,0,0,0
现在比较忙，晚点说,请求等下打来,104,0,0,0,0,0,0
现在不方便,请求等下打来,104,0,0,0,0,0,0
现在不方便,请求等下打来,104,0,0,0,0,0,0
现在不方便接电话,请求等下打来,104,0,0,0,0,0,0
现在不方便接电话，等会,请求等下打来,104,0,0,0,0,0,0
现在不方便接电话，我在开会,请求等下打来,104,0,0,0,0,0,0
现在不方便接听,请求等下打来,104,0,0,0,0,0,0
现在不方便一会再说,请求等下打来,104,0,0,0,0,0,0
现在不空等会聊,请求等下打来,104,0,0,0,0,0,0
现在很忙,请求等下打来,104,0,0,0,0,0,0
现在很忙，双手不空,请求等下打来,104,0,0,0,0,0,0
现在很忙，下午打给我,请求等下打来,104,0,0,0,0,0,0
现在很忙下班联系,请求等下打来,104,0,0,0,0,0,0
现在很忙下班再说吧,请求等下打来,104,0,0,0,0,0,0
现在忙,请求等下打来,104,0,0,0,0,0,0
现在忙，没时间。,请求等下打来,104,0,0,0,0,0,0
现在忙，稍后联系吧。,请求等下打来,104,0,0,0,0,0,0
现在忙，一会儿再说,请求等下打来,104,0,0,0,0,0,0
现在忙不方便,请求等下打来,104,0,0,0,0,0,0
现在忙等会回你,请求等下打来,104,0,0,0,0,0,0
现在忙没空,请求等下打来,104,0,0,0,0,0,0
现在忙没时间,请求等下打来,104,0,0,0,0,0,0
现在没得空。,请求等下打来,104,0,0,0,0,0,0
现在没空,请求等下打来,104,0,0,0,0,0,0
现在没时间,请求等下打来,104,0,0,0,0,0,0
现在没时间，等我忙完和你联系,请求等下打来,104,0,0,0,0,0,0
现在上班,请求等下打来,104,0,0,0,0,0,0
现在上飞机了,请求等下打来,104,0,0,0,0,0,0
现在我点忙,请求等下打来,104,0,0,0,0,0,0
现在信号不好，一会再说,请求等下打来,104,0,0,0,0,0,0
现在已经晚上10点，你们不下班吗,请求等下打来,104,0,0,0,0,0,0
现在有点不方便,请求等下打来,104,0,0,0,0,0,0
现在有点事,请求等下打来,104,0,0,0,0,0,0
现在有事,请求等下打来,104,0,0,0,0,0,0
现在有事，等会再打，,请求等下打来,104,0,0,0,0,0,0
现在有事，晚上联系,请求等下打来,104,0,0,0,0,0,0
现在有事等会再打我电话,请求等下打来,104,0,0,0,0,0,0
现在在吃饭,请求等下打来,104,0,0,0,0,0,0
现在在吃饭一家人都在等等联系你,请求等下打来,104,0,0,0,0,0,0
现在在开车,请求等下打来,104,0,0,0,0,0,0
现在在开车不方便接电话,请求等下打来,104,0,0,0,0,0,0
现在在开会,请求等下打来,104,0,0,0,0,0,0
现在在忙,请求等下打来,104,0,0,0,0,0,0
现在在忙呢,请求等下打来,104,0,0,0,0,0,0
要不你等会再打，我现在有事,请求等下打来,104,0,0,0,0,0,0
要赶飞机，再说了,请求等下打来,104,0,0,0,0,0,0
一会打过来,请求等下打来,104,0,0,0,0,0,0
一会儿打给你,请求等下打来,104,0,0,0,0,0,0
一会儿说,请求等下打来,104,0,0,0,0,0,0
一会儿我给你打过去,请求等下打来,104,0,0,0,0,0,0
一会儿再打吧,请求等下打来,104,0,0,0,0,0,0
一会儿再打过来吧,请求等下打来,104,0,0,0,0,0,0
一会儿再说,请求等下打来,104,0,0,0,0,0,0
一会给你回电,请求等下打来,104,0,0,0,0,0,0
一会联系,请求等下打来,104,0,0,0,0,0,0
一会说,请求等下打来,104,0,0,0,0,0,0
一会我给你打过去,请求等下打来,104,0,0,0,0,0,0
一会我再联系你吧,请求等下打来,104,0,0,0,0,0,0
一会在打来,请求等下打来,104,0,0,0,0,0,0
一会在说,请求等下打来,104,0,0,0,0,0,0
一小时过后打给你,请求等下打来,104,0,0,0,0,0,0
有点忙，等会儿再说,请求等下打来,104,0,0,0,0,0,0
有电话,请求等下打来,104,0,0,0,0,0,0
有个电话打进来了下次再说吧,请求等下打来,104,0,0,0,0,0,0
有空再联系。我现在忙,请求等下打来,104,0,0,0,0,0,0
有空再说,请求等下打来,104,0,0,0,0,0,0
有人喊我,请求等下打来,104,0,0,0,0,0,0
有人来了，不方便,请求等下打来,104,0,0,0,0,0,0
有什么事等会说，打游戏呢,请求等下打来,104,0,0,0,0,0,0
有时间联系你,请求等下打来,104,0,0,0,0,0,0
有时间再联系吧,请求等下打来,104,0,0,0,0,0,0
有事,请求等下打来,104,0,0,0,0,0,0
有事，现在忙,请求等下打来,104,0,0,0,0,0,0
有事等会说,请求等下打来,104,0,0,0,0,0,0
有事先挂了,请求等下打来,104,0,0,0,0,0,0
有事先挂了,请求等下打来,104,0,0,0,0,0,0
雨好大，我先闪了。,请求等下打来,104,0,0,0,0,0,0
月底联系我,请求等下打来,104,0,0,0,0,0,0
月底联系我,请求等下打来,104,0,1,1,0,0,0
月底在跟我联系吧,请求等下打来,104,0,0,0,0,0,0
再等我开完会,请求等下打来,104,0,0,0,0,0,0
再等我一分钟,请求等下打来,104,0,0,0,0,0,0
再开车,请求等下打来,104,0,0,0,0,0,0
再开会,请求等下打来,104,0,0,0,0,0,0
再联系,请求等下打来,104,0,0,0,0,0,0
在办理离婚手续,请求等下打来,104,0,0,0,0,0,0
在参加节目,请求等下打来,104,0,0,0,0,0,0
在吃饭,请求等下打来,104,0,0,0,0,0,0
在吃饭，等会再打过来,请求等下打来,104,0,0,0,0,0,0
在飞机上,请求等下打来,104,0,0,0,0,0,0
在干活,请求等下打来,104,0,0,0,0,0,0
在干活在干活,请求等下打来,104,0,0,0,0,0,0
在高速,请求等下打来,104,0,0,0,0,0,0
在高速开车,请求等下打来,104,0,0,0,0,0,0
在高速上,请求等下打来,104,0,0,0,0,0,0
在高速上回家才能处理,请求等下打来,104,0,0,0,0,0,0
在工作,请求等下打来,104,0,0,0,0,0,0
在公司,请求等下打来,104,0,0,0,0,0,0
在海里,请求等下打来,104,0,0,0,0,0,0
在见客户等会再打过来,请求等下打来,104,0,0,0,0,0,0
在开车,请求等下打来,104,0,0,0,0,0,0
在开车，不方便接电话,请求等下打来,104,0,0,0,0,0,0
在开车，等会打过来,请求等下打来,104,0,0,0,0,0,0
在开车，等会再打过来,请求等下打来,104,0,0,0,0,0,0
在开车不方便,请求等下打来,104,0,0,0,0,0,0
在开车等等,请求等下打来,104,0,0,0,0,0,0
在开会,请求等下打来,104,0,0,0,0,0,0
在开会，待会打给你,请求等下打来,104,0,0,0,0,0,0
在开会，待会联系你,请求等下打来,104,0,0,0,0,0,0
在开会，等会打过来,请求等下打来,104,0,0,0,0,0,0
在开会，等会再说,请求等下打来,104,0,0,0,0,0,0
在开会，你等会,请求等下打来,104,0,0,0,0,0,0
在开会，稍后联系你,请求等下打来,104,0,0,0,0,0,0
在开会，晚点联系你,请求等下打来,104,0,0,0,0,0,0
在开会，我等一下回电话给你,请求等下打来,104,0,0,0,0,0,0
在开会·,请求等下打来,104,0,0,0,0,0,0
在开会待会再联系,请求等下打来,104,0,0,0,0,0,0
在开会等等,请求等下打来,104,0,0,0,0,0,0
在开会呢,请求等下打来,104,0,0,0,0,0,0
在开会你等会打来,请求等下打来,104,0,0,0,0,0,0
在开会你等会打来可不可以呢,请求等下打来,104,0,0,0,0,0,0
在开会在,请求等下打来,104,0,0,0,0,0,0
在路上,请求等下打来,104,0,0,0,0,0,0
在路上。再联系,请求等下打来,104,0,0,0,0,0,0
在路上不方便接电话,请求等下打来,104,0,0,0,0,0,0
在路上了,请求等下打来,104,0,0,0,0,0,0
在忙,请求等下打来,104,0,0,0,0,0,0
在忙,请求等下打来,104,0,0,0,0,0,0
在忙，待会回你电话,请求等下打来,104,0,0,0,0,0,0
在忙，等会联系你,请求等下打来,104,0,0,0,0,0,0
在忙，等会再说,请求等下打来,104,0,0,0,0,0,0
在忙，你发个信息给我,请求等下打来,104,0,0,0,0,0,0
在忙，晚点电话,请求等下打来,104,0,0,0,0,0,0
在忙，我是他朋友,请求等下打来,104,1,0,0,1,1,1
在忙不方便跟你说,请求等下打来,104,0,0,0,0,0,0
在忙待会和你联系,请求等下打来,104,0,0,0,0,0,0
在忙等等,请求等下打来,104,0,0,0,0,0,0
在忙等等打,请求等下打来,104,0,0,0,0,0,0
在忙等会再打来,请求等下打来,104,0,0,0,0,0,0
在忙等会再说,请求等下打来,104,0,0,0,0,0,0
在忙哈～,请求等下打来,104,0,0,0,0,0,0
在培训,请求等下打来,104,0,0,0,0,0,0
在上班,请求等下打来,104,0,0,0,0,0,0
在上班，等会再打,请求等下打来,104,0,0,0,0,0,0
在上班，我下班你再打我电话,请求等下打来,104,0,0,0,0,0,0
在上班了，领导在，不方便电话！,请求等下打来,104,0,0,0,0,0,0
在上班下班联系你,请求等下打来,104,0,0,0,0,0,0
在上班下班聊,请求等下打来,104,0,0,0,0,0,0
在上课不能接电话,请求等下打来,104,0,0,0,0,0,0
在睡觉,请求等下打来,104,0,0,0,0,0,0
在谈业务,请求等下打来,104,0,0,0,0,0,0
在停车场,请求等下打来,104,0,0,0,0,0,0
在外面,请求等下打来,104,0,0,0,0,0,0
在医院呢,请求等下打来,104,0,0,0,0,0,0
找个安静的地方,请求等下打来,104,0,0,0,0,0,0
找时间详谈吧,请求等下打来,104,0,1,1,0,0,0
找他什么事吗，好的我联系一下！,请求等下打来,104,1,0,0,1,1,1
找他有什么事情，他正在隔壁的隔壁的房间里看电视,请求等下打来,104,1,0,0,1,1,1
这边新号不好，等我联系你,请求等下打来,104,0,0,0,0,0,0
这段时间在告诉上，下高速在说,请求等下打来,104,0,0,0,0,0,0
这个点该吃饭了,请求等下打来,104,0,1,1,0,0,0
这个钱。我待会联系你，,请求等下打来,104,0,1,1,0,0,0
这会在忙，后面再议,请求等下打来,104,0,0,0,0,0,0
这里信号不好，等会说,请求等下打来,104,0,0,0,0,0,0
正在开车,请求等下打来,104,0,0,0,0,0,0
正在开车，晚点再打吧,请求等下打来,104,0,0,0,0,0,0
正在开会,请求等下打来,104,0,0,0,0,0,0
正在开会，晚点打过去,请求等下打来,104,0,0,0,0,0,0
正在忙，没空,请求等下打来,104,0,0,0,0,0,0
正在忙，一会再说,请求等下打来,104,0,0,0,0,0,0
正在上班，下班说,请求等下打来,104,0,0,0,0,0,0
中午联系,请求等下打来,104,0,0,0,0,0,0
最近忙,请求等下打来,104,0,0,0,0,0,0
