from,label,original_label,original_text,new_label,not_sure
其它通讯方式,3,105,联系我律师吧,3,
WillingToPay,2,,谢谢你,106,
WillingToPay,2,,我忙完了给你回电话,104,
请求等下打来,3,104,我等会去看下,3,
WillingToPay,2,,你说拨打的用户，他没啦,109,
WillingToPay,2,,发工资处理,106,
WillingToPay,0,,嗯嗯，好的,0,
请求重复,3,103,你说话听不清啊,1,
WillingToPay,1,,钱到就还,1,
WillingToPay,1,,太麻烦,1,
WillingToPay,0,,金额高了,3,
请求重复,3,103,信号不好,3,
模糊确认,3,106,明白了,3,
WillingToPay,2,,我现在资金有点周转不开啊,1,
WillingToPay,2,,可能不行,1,
故意岔开话题,3,109,想春风,3,
WillingToPay,1,,帮我多申请点时间,1,
WillingToPay,1,,公司倒闭,1,
WillingToPay,1,,你来我这我就还,1,
WillingToPay,2,,我在忙，稍后联系。,104,
WillingToPay,2,,10分钟打过来,104,
WillingToPay,2,,信号不少，稍等,104,
WillingToPay,2,,待会再说在开车,104,
模糊确认,3,106,再等等,1,
WillingToPay,0,,不认识,1,
WillingToPay,0,,后天,0,
模糊确认,3,106,行的，可以,3,
WillingToPay,1,,坐牢刚出来，等我上班再还,1,
WillingToPay,0,,不认识,109,
WillingToPay,0,,我知道了,106,
WillingToPay,1,,有,106,
WillingToPay,1,,我又不该罪，你报警啊,1,
请求等下打来,3,104,我过20分钟给你回电话,3,
WillingToPay,0,,我在高速上,104,
WillingToPay,0,,那就这样吧,106,
WillingToPay,1,,实在不能,1,
请求重复,3,103,我没有听清池,3,
请求等下打来,3,104,我待会再联系你,3,
请求等下打来,3,104,这里信号不好，等会说,3,
WillingToPay,1,,我待会忙完就去把钱还了,0,
WillingToPay,1,,额知道了,106,
WillingToPay,2,,我核实好了再说,106,
WillingToPay,1,,不打清楚,1,
WillingToPay,0,,。,1,
WillingToPay,2,,明天再说,1,
WillingToPay,1,,知道了,106,
WillingToPay,2,,等会,1,
WillingToPay,2,,我会还的，现在很忙的,1,
WillingToPay,2,,我晚点跟你联系,104,
模糊确认,3,106,要的，我下来了解下,106,
WillingToPay,2,,等他还了我就还,1,
WillingToPay,2,,啥子飞蛾蛾？,109,
WillingToPay,2,,能处理一部分,1,
故意岔开话题,3,109,宽容宽容哈～,1,
WillingToPay,2,,哦,106,
WillingToPay,2,,别打我电话了,1,
WillingToPay,1,,来不及,1,
WillingToPay,1,,他坐牢了,1,
WillingToPay,2,,有钱了我会还，现在不知道！,1,
WillingToPay,2,,这个金额太高了哈哈哈,1,
WillingToPay,2,,朋友没给我,1,
WillingToPay,0,,怎么还啊,108,
WillingToPay,2,,有可能处理,1,
WillingToPay,1,,你这简直是在为难我,1,
WillingToPay,1,,你怎么不去抢钱啊,1,
WillingToPay,0,,好好,0,
WillingToPay,1,,在找父母要,1,
请求等下打来,3,104,你用手机给我发个信息吧,3,
WillingToPay,2,,真没钱了，少点就还,2,
WillingToPay,2,,我现在资金周转有点问题，你看能不能给我点优惠啊，我都是你们的老顾客了,1,
WillingToPay,1,,现在没有那么多钱,1,
WillingToPay,1,,待会就说,1,
WillingToPay,2,,我在高速上开车,104,
WillingToPay,0,,确认还款方式,108,
WillingToPay,2,,我借多少还多少,106,
WillingToPay,1,,慢慢还,1,
WillingToPay,2,,钱太多了,1,
WillingToPay,2,,马上就来解决哈,0,
WillingToPay,2,,金额太多了,1,
WillingToPay,1,,换不起呀现在,1,
WillingToPay,0,,咋不早说嘛，就点渣渣钱，分分钟就搞定了。,106,
WillingToPay,2,,占时没钱还,1,
WillingToPay,0,,爽,109,
请求等下打来,3,104,有时间再联系吧,3,
模糊确认,3,106,等我考虑下再说,3,
WillingToPay,2,,你不要打电话过来了,1,
请求等下打来,3,104,我有时间再说,3,
WillingToPay,0,,在路上了,109,
WillingToPay,1,,不认识,109,
WillingToPay,1,,我就还去报警抓我啊,1,
WillingToPay,2,,工资没发,1,
WillingToPay,1,,给我点时间,1,
WillingToPay,2,,金额太吓人了，一时半会办事还不了哦，这个数就不能少点吗？,1,
WillingToPay,2,,不知道呢,1,
WillingToPay,2,,哈哈，只有100,1,
WillingToPay,2,,信号不好，等会打给你！,104,
WillingToPay,1,,不说话,1,
WillingToPay,2,,等等在说,104,
其它通讯方式,3,105,去酒吧面谈下吧,3,
WillingToPay,1,,对这么无理的要求，请恕我无法满足,1,
WillingToPay,1,,我已经还了,1,
请求等下打来,3,104,我在开车，有事等等说,3,
WillingToPay,2,,没听清楚,103,
模糊确认,3,106,我知道了,3,
请求等下打来,3,104,有时间联系你,3,
WillingToPay,1,,我在高速等会再说,104,
请求等下打来,3,104,晚上再说,3,
WillingToPay,1,,好，等太阳从西边出来了就还。,1,
WillingToPay,0,,我在吃饭待会就还,1,
WillingToPay,1,,怎么可能,1,
WillingToPay,2,,我想办法,106,
WillingToPay,2,,暂时没有钱,1,
WillingToPay,2,,晚上联系,104,
故意岔开话题,3,109,有一点惆怅,3,
WillingToPay,2,,没钱,1,
WillingToPay,2,,尽量吧,106,
WillingToPay,1,,骂人,1,
WillingToPay,2,,我在忙,1,
WillingToPay,2,,不一定吧,1,
WillingToPay,2,,你提前联系我,109,1
WillingToPay,1,,可是我无法达到你的要求,1,
故意岔开话题,3,109,一下都没心情了,3,
WillingToPay,1,,你们是不是有病啊,1,
WillingToPay,2,,不知道过两天发不发工资,1,
WillingToPay,2,,行，行，行,106,
WillingToPay,2,,这个金额太高了,1,
WillingToPay,2,,开会,104,
WillingToPay,1,,等发工资再说吧，,1,
WillingToPay,1,,你给我点时间,1,
WillingToPay,0,,后天,0,
WillingToPay,1,,等我忙完,1,
故意岔开话题,3,109,下班后去健身吧,3,
WillingToPay,1,,利息好高,1,
WillingToPay,0,,对公转账,1,
故意岔开话题,3,109,人都不好了,3,
WillingToPay,2,,不还了,1,
WillingToPay,0,,到时候我联系你扣款,106,
请求等下打来,3,104,在山上，等下山处理,3,
WillingToPay,1,,通融一下,1,
WillingToPay,1,,正在筹钱,1,
WillingToPay,1,,在路上,1,
请求等下打来,3,104,我忙了,3,
其它通讯方式,3,105,你们能上门和我律师谈谈嘛,3,
WillingToPay,1,,马上,,
WillingToPay,0,,不认识,109,
请求等下打来,3,104,我过60分钟给你回电话,3,
WillingToPay,1,,十五号联系我,104,
WillingToPay,2,,火车上面,109,
WillingToPay,1,,不说话,1,
WillingToPay,0,,哈哈哈,109,
WillingToPay,2,,包养了个小四,109,
WillingToPay,2,,你逾期太久了,109,
WillingToPay,0,,我是忘记还了，怎么操作,109,
WillingToPay,2,,可以,106,
WillingToPay,2,,等我一下,104,1
WillingToPay,1,,吓尿了,109,
WillingToPay,1,,我还欠你多少,1,1
WillingToPay,1,,在银行排队存钱呢,109,1
其它通讯方式,3,105,有这么多么，发过来吧,3,
WillingToPay,0,,好好好,0,
WillingToPay,2,,现在忙,1,
WillingToPay,2,,我等会就去,106,
WillingToPay,0,,好了好了,0,
WillingToPay,1,,要减免下,1,
WillingToPay,2,,没钱,1,
WillingToPay,0,,可以啊,106,
WillingToPay,2,,还不起,1,
WillingToPay,1,,不知道,1,
WillingToPay,1,,不认识,109,
请求重复,3,103,没听清,3,
WillingToPay,2,,吃饭,109,
WillingToPay,2,,手头有点紧,1,
WillingToPay,1,,刚买的号码,1,
WillingToPay,2,,我也很想还,106,
WillingToPay,2,,你电话坏了吧,109,
WillingToPay,1,,开车,1,
WillingToPay,1,,当时没借那么多,1,
WillingToPay,1,,不行要到月底,1,
WillingToPay,0,,有,1,
模糊确认,3,106,得，你别说了，我下来自己处理,3,
请求等下打来,3,104,一会我再联系你吧,3,
WillingToPay,2,,父母正在周转。,1,
还款方式,3,108,麻烦问哈有哪些方式还,3,
WillingToPay,2,,我等会给你过去,1,
请求重复,3,103,好久还清？,3,
WillingToPay,1,,跟你说我现在没时间,1,
WillingToPay,0,,时间够了,0,
WillingToPay,1,,看看到时候能有多少钱我先还上,1,
WillingToPay,2,,现在忙,1,
WillingToPay,1,,我在住院,1,
WillingToPay,2,,工资发齐就还,1,
请求等下打来,3,104,没得电了！,3,
请求等下打来,3,104,有女友,109,
模糊确认,3,106,只能这样了,3,
WillingToPay,0,,有钱就还,1,
WillingToPay,2,,什么意思？,103,
WillingToPay,2,,下高速,109,
故意岔开话题,3,109,没到位,3,
WillingToPay,1,,你再逼我自杀了,1,
请求等下打来,3,104,我待还联系你,3,
WillingToPay,2,,连个你的号码多少，我加你微信。,105,
WillingToPay,1,,诚意,1,
WillingToPay,0,,少还一点,1,
WillingToPay,1,,要等一段时间,1,
请求重复,3,103,信号不好吗,3,
WillingToPay,0,,好的，我知道了,0,
WillingToPay,2,,后天说,104,
请求重复,3,103,你说什么，听不清楚,3,
WillingToPay,2,,不可以,1,
请求重复,3,103,我信号不好,3,
WillingToPay,2,,知道了,106,
WillingToPay,1,,那你打算怎么处理？,1,
请求等下打来,3,104,我要上班了,3,
WillingToPay,0,,支付宝,108,
WillingToPay,0,,还不上,1,
WillingToPay,1,,不能少点吗,1,
WillingToPay,1,,我也不知道,1,
模糊确认,3,106,行吧，想办法,3,
WillingToPay,2,,高利贷,1,
请求等下打来,3,104,我在上班的路上,3,
WillingToPay,2,,等我朋友钱给我的,1,
模糊确认,3,106,我能有什么意见,3,
WillingToPay,2,,下月在说,1,
WillingToPay,2,,我在上山,109,
WillingToPay,2,,家人不知道帮不帮我,106,
WillingToPay,2,,现在没钱怎么还,1,
WillingToPay,1,,不认识,109,
WillingToPay,1,,知道了,106,
WillingToPay,0,,你猜我是不是,109,
模糊确认,3,106,应该能还,3,
WillingToPay,1,,再打投诉,1,
WillingToPay,0,,我去凑钱,1,
WillingToPay,2,,知道了,106,
WillingToPay,0,,怎么还款,108,
WillingToPay,1,,我在高速上,109,
WillingToPay,2,,钱转了还没有到账,1,
WillingToPay,0,,钱没到,1,
WillingToPay,1,,孩子生病了,109,
WillingToPay,2,,等哈会儿再做。,1,
WillingToPay,1,,7月份工程款下来还,1,
还款方式,3,108,还不来啊,1,
WillingToPay,0,,朋友钱还没有打过来,1,
WillingToPay,2,,等会给你打过去,0,
WillingToPay,1,,行,106,1
WillingToPay,2,,还不起,1,
WillingToPay,2,,这个金额太高了,1,
WillingToPay,2,,出车祸了,109,
WillingToPay,2,,我在开车，等我停好车的,104,
WillingToPay,1,,开口骂,1,
WillingToPay,2,,我正在筹钱，马上就还,1,
WillingToPay,2,,我考虑一下,1,
WillingToPay,2,,我在山上,109,1
WillingToPay,0,,恩,106,
WillingToPay,2,,好的，好的，好的,106,
WillingToPay,2,,我看一下啊！,106,
WillingToPay,2,,钱太多了,1,
WillingToPay,0,,利息多少,1,1
WillingToPay,0,,这几天就行,0,
WillingToPay,1,,可以延期吗,1,
WillingToPay,2,,尽量吧,106,
WillingToPay,1,,你想怎处理就怎处理,1,
WillingToPay,2,,我会起诉你们的,1,
WillingToPay,0,,？,1,
模糊确认,3,106,我想想办法吧,3,
WillingToPay,2,,万籁俱寂,1,
WillingToPay,1,,父母钱还没给我,1,
其它通讯方式,3,105,你加我微信说吧,3,
WillingToPay,2,,钱不一定能凑齐,1,
WillingToPay,0,,能减免吗,1,
请求等下打来,3,104,在开会,3,
WillingToPay,1,,没得那么多钱啊,1,
WillingToPay,2,,我在学习,109,
WillingToPay,1,,在山里,109,
请求等下打来,3,104,在干活,3,
WillingToPay,1,,工资一直拖着，等发工资就还,1,
WillingToPay,2,,你说什么,103,
WillingToPay,1,,不认识,109,
WillingToPay,0,,我知道了,106,
WillingToPay,1,,缺钱啊,1,
WillingToPay,1,,你找他什么事,109,
WillingToPay,1,,什么,103,
WillingToPay,1,,诈骗公司,1,
WillingToPay,0,,时间,1,
WillingToPay,0,,不认识,109,
WillingToPay,1,,一直不来吗,109,
WillingToPay,1,,我现在不方便接,104,
WillingToPay,2,,没有钱,1,
WillingToPay,0,,嗯，正确，还钱了,0,1
WillingToPay,1,,等我中彩票就还,1,
WillingToPay,0,,怎么还款,108,
WillingToPay,2,,我明天给你答复,104,1
WillingToPay,2,,不一定,1,
WillingToPay,1,,我不在乎征信,1,
WillingToPay,0,,别人欠我的钱要回来马上还,1,
WillingToPay,0,,老板跑了，等找到老板钱就还款,1,
WillingToPay,2,,你们利息太高，我还不起，,1,
WillingToPay,2,,现在就扣吧,0,1
WillingToPay,2,,知道了,106,
WillingToPay,0,,明天吧，现在在忙。,0,
WillingToPay,2,,我没有钱,1,
WillingToPay,2,,现在没钱,1,
WillingToPay,1,,只还本金,2,
WillingToPay,1,,借给朋友用的,109,
WillingToPay,0,,听不懂,1,
WillingToPay,2,,慢慢还可以吧,2,1
WillingToPay,1,,只能先还一部分,2,
WillingToPay,2,,我凑不到那么多钱,1,
WillingToPay,0,,我每次都是按时还款的。,1,1
WillingToPay,2,,有时间在说,1,
WillingToPay,2,,现在不方便一会再说,104,
WillingToPay,0,,这是我的电话,109,
WillingToPay,1,,还清了,1,1
请求等下打来,3,104,现在没得空。,3,
WillingToPay,2,,知道了,106,
WillingToPay,2,,不说话,1,
WillingToPay,0,,三天内哈,0,
故意岔开话题,3,109,明白,106,
WillingToPay,2,,不碱面不还,2,
WillingToPay,2,,你放心,106,
WillingToPay,2,,我一会给你打过去，这是你的电话吗,0,
请求等下打来,3,104,我晚上联系你,3,
WillingToPay,1,,等等的,1,
WillingToPay,2,,现在要还多少才行,1,
模糊确认,3,106,可以，我过段时间处理,3,
WillingToPay,0,,我在筹款,1,1
WillingToPay,0,,找父母借钱,1,1
WillingToPay,2,,？,1,
WillingToPay,2,,你说什么？没听见,103,
WillingToPay,2,,减少一半，我就能还得起了,2,
WillingToPay,1,,不认识,109,
WillingToPay,0,,知道,106,
WillingToPay,1,,去借钱,1,
WillingToPay,0,,下午就给你打过来,0,
WillingToPay,1,,等下个再联系我,104,
WillingToPay,2,,你说的啥子,103,
WillingToPay,1,,他说你是诈骗的,1,
WillingToPay,1,,我贷了这么多，缺你这一家？,1,
模糊确认,3,106,不慌，我可以先唱首歌给你听一下,109,
WillingToPay,2,,你在说什么,103,
请求重复,3,103,你电话坏了吧,3,
WillingToPay,1,,老板跑了,1,
WillingToPay,2,,行,106,1
WillingToPay,2,,刚上班,109,1
WillingToPay,2,,家里有人生病没钱还,1,
WillingToPay,2,,兄弟你谁啊,107,
WillingToPay,1,,现在总共需要处理多少,1,1
WillingToPay,0,,本金多少,1,1
WillingToPay,2,,不在乎,1,
WillingToPay,0,,我没空,1,
WillingToPay,2,,我在开车，稍后联系。,104,
请求等下打来,3,104,2小时之后你联系我,3,
WillingToPay,1,,我不清楚,1,
WillingToPay,1,,利息高了,1,
WillingToPay,0,,不了解,109,
WillingToPay,2,,我现在困难，没钱,1,
模糊确认,3,106,明天再说吧,3,1
WillingToPay,2,,等我有钱再联系你,1,
WillingToPay,0,,等朋友钱到账还,1,
WillingToPay,2,,等下打来,104,
请求重复,3,103,你说什么,3,
WillingToPay,0,,只要减免我就还,2,
WillingToPay,1,,等下个月月底吧,0,
WillingToPay,2,,我现在忙，等会联系！,104,
WillingToPay,1,,太多了,1,
请求重复,3,103,信号不好我听不清,3,
模糊确认,3,106,我想想,3,
WillingToPay,2,,过一段时间还,1,
WillingToPay,1,,我能分期吗,2,
WillingToPay,2,,我们老板来了，我挂了,1,
请求重复,3,103,啥？啥时间一定还？,3,
WillingToPay,1,,我没空,1,
WillingToPay,2,,听不清楚,103,
WillingToPay,2,,下下月在说,0,
请求等下打来,3,104,一会在说,3,
模糊确认,3,106,ok,3,
WillingToPay,2,,马上处理,0,
WillingToPay,0,,没钱我也处理不了,1,
WillingToPay,2,,我问问财务，你一会再联系我,104,
WillingToPay,2,,我明天找你,104,
WillingToPay,2,,钱太多了，负担不起,1,
WillingToPay,0,,卖房子,109,1
WillingToPay,0,,我朋友借一下，抓紧把事情处理掉。,109,
WillingToPay,0,,等我下班,104,
WillingToPay,1,,你过来我还给你,1,
WillingToPay,1,,给我一个星期我想办法,1,
WillingToPay,1,,我现在急着赶飞机，等我空了在说。,104,
WillingToPay,0,,不急嘛，我有钱,1,
请求等下打来,3,104,我这几天比较忙。过几天联系我,3,
WillingToPay,2,,等一下联系,104,
请求重复,3,103,能不能大点声,3,
WillingToPay,1,,只愿还本金,2,
WillingToPay,2,,有钱就还了,1,
WillingToPay,2,,要减免下,1,
WillingToPay,1,,我一次性拿不出这么多钱,1,
请求重复,3,103,雪一直下,109,1
WillingToPay,2,,我知道了,106,
WillingToPay,0,,小事,106,
请求等下打来,3,104,明天联系你,3,
WillingToPay,1,,我还完了你为什么还打我电话,1,
故意岔开话题,3,109,阿斯顿撒,3,
WillingToPay,1,,我知道了,106,
WillingToPay,0,,明天我打你电话,104,
WillingToPay,0,,不说话,1,
WillingToPay,0,,你等着看好了,1,
其它通讯方式,3,105,我又不止借了你们一家公司,1,
WillingToPay,2,,我没钱,1,
WillingToPay,2,,减点行不,1,
WillingToPay,0,,等我工资发下来就还,1,1
WillingToPay,1,,等我有空就处理,1,
WillingToPay,1,,我有钱了还,1,
WillingToPay,1,,能给我多久的时间,1,
WillingToPay,2,,开车不方便,104,
WillingToPay,1,,等会再打过来,104,
WillingToPay,0,,我明天来还,0,
WillingToPay,2,,山体滑坡,109,
WillingToPay,1,,我看能不能借到钱,1,
模糊确认,3,106,考虑下,3,
WillingToPay,2,,我还6000行吗,2,
请求等下打来,3,104,我在开会,1,
WillingToPay,1,,上个工作人员骂人,1,
其它通讯方式,3,105,要钱没有，要命一条,1,
WillingToPay,1,,你们这个钱是不合法的,1,
WillingToPay,2,,我现在很困难,1,
WillingToPay,2,,好的,0,
WillingToPay,2,,说什么，晚点说,104,
故意岔开话题,3,109,今生无缘，来世再见,3,
WillingToPay,2,,我赚到钱还,1,
WillingToPay,1,,等我发了工资就还上！,1,
WillingToPay,2,,之前有人骚扰，道歉就还,1,
WillingToPay,2,,我在外面,1,
WillingToPay,2,,现在不方便,1,
WillingToPay,2,,你们给我造成的影响怎么算,1,
WillingToPay,2,,时间太急，不还,1,
WillingToPay,2,,等会再说,104,
WillingToPay,2,,等会说,104,
WillingToPay,1,,能在减免一点吗,1,
WillingToPay,0,,我等下,1,
WillingToPay,2,,我回家商量商量,1,
WillingToPay,2,,没有钱,1,
WillingToPay,2,,我明天处理,0,
WillingToPay,0,,过两天,0,
请求等下打来,3,104,我待会看看吧,3,
模糊确认,3,106,可以吧,3,
WillingToPay,2,,我尽最大努力,1,1
模糊确认,3,106,好，知道了,0,
WillingToPay,0,,我现在上班明天找时间去,0,
WillingToPay,2,,我很忙,1,
WillingToPay,1,,不要打我电话，没用的,1,
请求等下打来,3,104,现在有事，没办法处理,3,
WillingToPay,1,,空了说,1,
WillingToPay,0,,我马上转,0,
WillingToPay,2,,等我有空就给你回电话,104,
WillingToPay,0,,我不会让你工作不好做,106,
WillingToPay,1,,遇到困难，给半年时间处理,0,
WillingToPay,0,,有什么事,103,
请求等下打来,3,104,等有空联系你,3,
WillingToPay,0,,财务说三天后发工资还,0,
模糊确认,3,106,这个考虑下,3,
WillingToPay,2,,行,106,
请求等下打来,3,104,我正在看比赛，完了再说,3,
WillingToPay,2,,我一定给你办好,0,
WillingToPay,0,,是直接还到银行卡吗,108,
WillingToPay,0,,有,106,
WillingToPay,2,,过两天现在有事,1,
请求等下打来,3,104,在高速,3,
WillingToPay,0,,我尽快在这时间内处理,1,
WillingToPay,0,,现在没钱，但是会还的,1,
WillingToPay,1,,我尽量吧,1,1
WillingToPay,2,,欠钱太多,1,
WillingToPay,1,,发了工资再说,1,
WillingToPay,1,,等下个处理,1,
WillingToPay,1,,我考虑考虑,106,
WillingToPay,1,,什么东西啊,103,
WillingToPay,0,,知道,106,
WillingToPay,1,,你弄死我嘛,1,
WillingToPay,1,,家里说是高利息不让还,1,
WillingToPay,2,,等我有钱的,1,
WillingToPay,2,,没有还款方式,108,
WillingToPay,2,,我出了了事情,1,
WillingToPay,2,,我回家商量下,1,
WillingToPay,2,,好了，好了,0,
WillingToPay,1,,你去起诉吧,1,
WillingToPay,2,,知道了,106,
模糊确认,3,106,好嘛，到时再说,3,
WillingToPay,0,,以前没钱，现在怎么处理,108,
WillingToPay,1,,不确定,1,
请求等下打来,3,104,有朋友,1,
WillingToPay,0,,给我点时间，我跟家里人凑点,1,
WillingToPay,2,,。,1,
WillingToPay,2,,你说的什么,103,
WillingToPay,2,,等下说,104,
WillingToPay,0,,尽量,1,
请求等下打来,3,104,火车上面,3,1
故意岔开话题,3,109,请问利息是多少？,1,
WillingToPay,0,,现在没钱,1,
还款方式,3,108,能用外币还嘛,3,
WillingToPay,0,,行，你放一万个心,0,
WillingToPay,1,,数额太大了，我先想想吧,1,
WillingToPay,0,,问朋友借把钱还了,1,
WillingToPay,0,,正在转,1,
WillingToPay,2,,我在山区,109,
WillingToPay,2,,你是哪的,107,
WillingToPay,1,,无语,1,
WillingToPay,0,,我去问朋友借点,1,1
WillingToPay,0,,不认识,109,
故意岔开话题,3,109,今天天不错,3,
WillingToPay,1,,你去起诉吧,1,
WillingToPay,1,,混不起走了,1,
故意岔开话题,3,109,最近生意好吗,3,
WillingToPay,0,,应该可以,0,
WillingToPay,0,,恩,106,
WillingToPay,2,,我还合法的,1,
模糊确认,3,106,到时我去处理,3,
WillingToPay,1,,过不下去了啊,1,
WillingToPay,2,,为什么上个月月底没还呢,1,
WillingToPay,2,,当时银行卡丢了,1,
WillingToPay,2,,我现在没钱,1,
模糊确认,3,106,行了,3,
WillingToPay,2,,现在没钱呀,1,
WillingToPay,2,,等一会联系你的,104,
故意岔开话题,3,109,一上午的时间就浪费了,3,
WillingToPay,2,,挂机,1,
WillingToPay,1,,好,0,
WillingToPay,2,,过两天发工资处理,0,
WillingToPay,0,,我马上转,0,
WillingToPay,0,,我听不清,103,
还款方式,3,108,你们是现在给我账号吗？,3,
回问身份,3,107,为什么要还你钱？你是谁,3,
WillingToPay,1,,不一定,1,
WillingToPay,1,,发工资就处理,1,
请求等下打来,3,104,我在开会，不能接电话！,3,
故意岔开话题,3,109,阳光好好,3,
请求重复,3,103,开车噪音,3,
WillingToPay,2,,宽限一段时间吧,1,
WillingToPay,1,,有钱就处理,1,
WillingToPay,2,,有答案,1,
WillingToPay,2,,分几次还,2,
WillingToPay,2,,我现在在忙，你以后再联系我,104,
请求等下打来,3,104,等一下在联系,3,
WillingToPay,1,,谁用找谁,1,
WillingToPay,1,,刚才说了没钱都嘛，先还一部分可以不？,2,
WillingToPay,2,,给点时间,1,
WillingToPay,2,,我试试吧,106,
WillingToPay,0,,，,1,
WillingToPay,2,,？,1,
WillingToPay,1,,月底联系我,1,
WillingToPay,0,,嗯嗯,106,
WillingToPay,0,,你给我一个账号吧,108,
请求重复,3,103,信号不好，,3,
WillingToPay,1,,随你怎么办,1,
请求等下打来,3,104,我家里来人了，先挂了,3,
WillingToPay,0,,你等等,1,
WillingToPay,2,,这个钱是我父母给的，他们只给这点，处理不了你找他们吧！,1,
WillingToPay,2,,在忙,1,
WillingToPay,2,,为什么这样说？,1,
WillingToPay,0,,尽我最大努力,106,1
WillingToPay,2,,我会还的,1,1
WillingToPay,1,,你也是可以呀,109,
还款方式,3,108,怎么还？,3,
故意岔开话题,3,109,今天我还不了,1,
WillingToPay,1,,no,1,
WillingToPay,0,,没有人联系,109,
WillingToPay,1,,可能需要一段时间，到时候我联系你,1,
WillingToPay,2,,还要再等等,1,
WillingToPay,0,,我现在在忙，等下我看一下。,104,
WillingToPay,2,,钱到位了联系你,1,
故意岔开话题,3,109,哈哈哈哈哈你们真搞笑,3,
WillingToPay,2,,我空了联系,104,
WillingToPay,1,,有嘛,109,
WillingToPay,1,,手机掉了,109,
WillingToPay,2,,我在高速上,109,
WillingToPay,0,,能不能缓缓,1,
WillingToPay,0,,只愿还本金,2,
WillingToPay,1,,28号才能发工资,0,
WillingToPay,2,,银行卡丢了,1,
WillingToPay,2,,在找朋友周转,1,
模糊确认,3,106,可以,3,
WillingToPay,1,,我凑钱,1,
请求等下打来,3,104,在山上信号不好,3,
WillingToPay,0,,大后天,0,
WillingToPay,1,,月底发工资,1,
WillingToPay,2,,不能,1,
WillingToPay,2,,我忙了,1,
WillingToPay,2,,你用手机给我发个信息吧,105,
请求重复,3,103,这名字没听清,3,
WillingToPay,2,,你说什么,103,
WillingToPay,0,,不认识,109,
WillingToPay,1,,这么多我还不起啊,1,
WillingToPay,1,,不清楚,1,
WillingToPay,0,,我在上班,109,
WillingToPay,1,,不了解,1,
请求重复,3,103,听不清,3,
WillingToPay,2,,我在医院,109,
WillingToPay,2,,正在银行,109,
还款方式,3,108,怎么还款我给忘了,3,
请求等下打来,3,104,我一会给你打过去，这是你的电话吗,3,
WillingToPay,2,,嗯，嗯，嗯,106,
WillingToPay,2,,我在吃饭，吃完饭就弄,0,1
WillingToPay,2,,我尽量吧,1,1
故意岔开话题,3,109,开车了不知道,3,
WillingToPay,1,,我一下子没那么多钱，帮我分期,2,
请求等下打来,3,104,等我开会结束联系你,3,
WillingToPay,0,,你跟某某某联系，我跟他说好了,105,
WillingToPay,2,,刚在电梯信号不好，你说什么,103,
请求重复,3,103,啊？信号不好,3,
WillingToPay,1,,还不了那么多,1,
WillingToPay,2,,行了，在忙，等下,104,
WillingToPay,0,,我叫他们转给你,1,1
WillingToPay,0,,一会就好了,0,
WillingToPay,1,,我父母过世了,109,
WillingToPay,0,,星期四,0,
还款方式,3,108,必须要银行卡吗,3,
WillingToPay,2,,知道了知道了,106,
故意岔开话题,3,109,你们能拿多少钱工资啊,3,
WillingToPay,0,,好,0,
请求重复,3,103,风大你说的哈,3,
WillingToPay,1,,我以前还了,1,
WillingToPay,2,,别烦我我知道,106,
WillingToPay,2,,，,1,
其它通讯方式,3,105,联系我助理吧,3,
WillingToPay,2,,已经还了,1,1
模糊确认,3,106,我想想办法,3,
请求等下打来,3,104,等下午我联系你,3,
WillingToPay,2,,要找还一部分，现在没钱,1,
WillingToPay,0,,借钱,109,1
WillingToPay,0,,过段时间处理,1,
故意岔开话题,3,109,保护自己,3,
WillingToPay,2,,有钱了处理,1,
WillingToPay,0,,我看下,106,
WillingToPay,2,,你那边是不是信号不好啊,103,
WillingToPay,2,,现在不方便,104,
WillingToPay,2,,我在开会,104,
请求重复,3,103,我没听清呢,3,
WillingToPay,2,,我跟老板预支看看,106,1
WillingToPay,2,,不认识,1,
请求等下打来,3,104,我明天给你答复,3,
WillingToPay,1,,在开车,109,
WillingToPay,0,,支付宝转给你们吧,108,
WillingToPay,0,,不认识,109,
WillingToPay,0,,你是谁,107,
WillingToPay,2,,到时候我自己还进去,1,1
WillingToPay,1,,过去了,109,
WillingToPay,0,,现在不方便，最迟明天或晚上,0,
WillingToPay,2,,不认识,109,
WillingToPay,1,,可以问朋友借,1,
请求等下打来,3,104,等一下联系,3,
WillingToPay,1,,给其施压,109,
请求等下打来,3,104,等会就好,0,1
模糊确认,3,106,再说嘛,3,
请求等下打来,3,104,我现在有事,3,
WillingToPay,1,,知道了,106,
WillingToPay,0,,到时候联系你,106,1
请求重复,3,103,风大，听不见,3,
WillingToPay,2,,没空,1,
WillingToPay,2,,没钱,1,
WillingToPay,2,,没有能力,1,
WillingToPay,1,,呃，我没那么多钱,1,
WillingToPay,0,,现在在转,0,
WillingToPay,2,,我这里信号不好听不清,103,
WillingToPay,1,,月底想办法,0,1
WillingToPay,2,,我现在没那么多钱,1,
WillingToPay,1,,利息太多,1,
请求重复,3,103,有事说事,3,
WillingToPay,2,,忙好了再说吧,1,
WillingToPay,1,,只愿还本金,2,
WillingToPay,0,,我可以先还一部分吗,2,
WillingToPay,0,,钱被人扣了,1,
WillingToPay,2,,太多了，我的天,1,
WillingToPay,1,,知道了马上处理,0,
WillingToPay,2,,不认识,109,
WillingToPay,0,,后天,0,
WillingToPay,1,,知道了,106,
模糊确认,3,106,知道了，下午再说,3,
WillingToPay,1,,利息太高,1,
WillingToPay,2,,去你的走开,1,
WillingToPay,2,,我知道了,106,
WillingToPay,2,,好好好,0,
WillingToPay,1,,只还本金可以,2,
WillingToPay,1,,没那么多啊,1,
WillingToPay,1,,我去哪里偷啊,1,
WillingToPay,1,,可以,0,1
故意岔开话题,3,109,搞错了,3,
故意岔开话题,3,109,我不买房,3,
WillingToPay,2,,开会呢,104,
WillingToPay,1,,家里最近出了点事,1,
WillingToPay,1,,知道了,106,
请求重复,3,103,能不能说大点,3,
WillingToPay,2,,不能,1,
WillingToPay,0,,该怎么还，你给我说下方式,108,
WillingToPay,0,,你帮我减免到本金我就处理掉,2,
WillingToPay,0,,这样吧，多给我四天，我肯定能还,2,1
模糊确认,3,106,嗯哈，以后再说,1,
WillingToPay,0,,什么意思,103,
WillingToPay,2,,现在忙,104,
WillingToPay,0,,转账可以吧,108,
请求等下打来,3,104,在开车,3,
WillingToPay,0,,怎么联系你,109,1
WillingToPay,2,,一会的,106,
WillingToPay,1,,周边没银行,1,
WillingToPay,2,,我开会呢,104,
WillingToPay,0,,待会发截图给你,0,1
请求等下打来,3,104,等下再聊,3,
请求等下打来,3,104,等哈会儿再做。,106,
WillingToPay,2,,好的,0,
WillingToPay,2,,在开会在,104,
WillingToPay,1,,很紧张,1,
WillingToPay,2,,多减点儿嘛？,1,
WillingToPay,2,,不认识,109,
请求重复,3,103,说什么太吵了,3,
模糊确认,3,106,行,3,
WillingToPay,2,,家里困难啊,1,
请求等下打来,3,104,我没话费了，再见,3,
WillingToPay,2,,能少点，我就还,2,
故意岔开话题,3,109,人血馒头不好吃,3,
WillingToPay,2,,这个，我一定尽量,1,1
WillingToPay,1,,太高了,1,
WillingToPay,1,,ON,109,
WillingToPay,2,,？,1,
WillingToPay,2,,你说拨打的用户，他人呢,1,
模糊确认,3,106,我现在确定不了,3,
WillingToPay,2,,不还了,1,
回问身份,3,107,骗子,1,
WillingToPay,2,,我看哪天有空就处理,1,
WillingToPay,2,,我在骑车,104,
请求等下打来,3,104,我等会给你过去,3,
WillingToPay,2,,忙,1,
WillingToPay,0,,要得,0,
WillingToPay,1,,好的,106,
WillingToPay,1,,等朋友钱到账还,1,
WillingToPay,1,,我要找上一次联系我的那个人,105,
WillingToPay,0,,可以支付宝吗,108,
请求等下打来,3,104,现在没空,3,
WillingToPay,0,,一会,0,
WillingToPay,1,,2小时之内不行,0,
WillingToPay,2,,我一会打给你,104,
WillingToPay,0,,哎呀，我忘了,1,
请求等下打来,3,104,我过三小时给你回电话,3,
WillingToPay,1,,你猜我是不是,109,
WillingToPay,0,,明天,0,
WillingToPay,1,,有点困难,1,
WillingToPay,0,,我银行卡没来,1,
WillingToPay,1,,我父母过世了,1,
WillingToPay,1,,在办理离婚手续,1,
WillingToPay,2,,我家里来人了，先挂了,104,
WillingToPay,2,,要少点我才得还,2,
WillingToPay,0,,你说还有多少,1,
故意岔开话题,3,109,上面有答案,3,
还款方式,3,108,我身上只有现金，要怎么处理,3,
WillingToPay,1,,我在忙等会打我电话,104,
WillingToPay,1,,等下再说，现在忙,104,
故意岔开话题,3,109,吓死恩,3,
WillingToPay,2,,不还了,1,
WillingToPay,0,,随时随地,109,
WillingToPay,1,,随便你怎么弄,1,
WillingToPay,2,,让人来拿,108,1
WillingToPay,2,,现在接一下,109,
请求重复,3,103,头太大，听不清,3,
请求等下打来,3,104,我没空,3,
还款方式,3,108,app有减免的活动没有呢,3,
WillingToPay,2,,霸王条款,1,
WillingToPay,2,,还本金这几天还,2,
WillingToPay,1,,老是发骚扰短信，侮辱,1,
WillingToPay,1,,坐牢就还,1,
请求重复,3,103,啥子飞蛾蛾？,3,
WillingToPay,2,,能减免的话，我就处理,2,
WillingToPay,1,,我也是被骗了,1,
WillingToPay,2,,等借到钱的,1,
WillingToPay,1,,难,1,
WillingToPay,2,,我尽量吧,1,1
WillingToPay,2,,我在工作,104,
请求重复,3,103,这里信号不好，听不清,3,
WillingToPay,1,,月底再说,1,
WillingToPay,1,,有,106,
WillingToPay,1,,你们是诈骗的吧,1,
请求等下打来,3,104,到时候联系你,3,
WillingToPay,2,,恩,106,
故意岔开话题,3,109,趁着夜还未央,3,
WillingToPay,0,,你是不是有病,1,
回问身份,3,107,已经有人联系过我了,1,
WillingToPay,2,,资金不够,1,
WillingToPay,0,,正在筹钱,1,
模糊确认,3,106,好就这样,0,
WillingToPay,2,,你是谁啊,107,
WillingToPay,1,,利息太高了,1,
WillingToPay,0,,你找他什么事,109,
WillingToPay,2,,等下给你回电,104,
WillingToPay,2,,不认识,109,
WillingToPay,2,,还没发工资,1,
WillingToPay,0,,我回家和父母商量,1,
WillingToPay,2,,我参加聚会呢,109,
WillingToPay,2,,我也不知道,1,
WillingToPay,1,,别人欠我钱在要,1,
WillingToPay,2,,没钱,1,
模糊确认,3,106,再说,3,
WillingToPay,2,,不能,1,
故意岔开话题,3,109,不思量有多少遗憾,3,
WillingToPay,1,,你们利息太高了,1,
WillingToPay,2,,到时再说,1,
WillingToPay,2,,在开会呢,104,
WillingToPay,0,,什么,103,
WillingToPay,1,,钱都用完了，再等等,1,
WillingToPay,0,,等下说,104,
WillingToPay,0,,太好了,106,
WillingToPay,1,,我已经还掉了,1,
WillingToPay,1,,你们高利贷,1,
WillingToPay,2,,不认识,109,
WillingToPay,2,,不还了,1,
WillingToPay,2,,有钱了就还,1,
WillingToPay,1,,也挺,109,
其它通讯方式,3,105,我说个地方，你来找我,3,
WillingToPay,1,,爱怎样就怎样,1,
模糊确认,3,106,行，行，行,3,
WillingToPay,1,,你说什么,103,
请求等下打来,3,104,没办法，明天来,3,
WillingToPay,2,,待会回你电话,104,
WillingToPay,1,,现在还不起，有钱还,1,
WillingToPay,2,,你说啥，,103,
WillingToPay,1,,过两天处理,0,
WillingToPay,2,,谁啊,107,
请求重复,3,103,听不清,3,
回问身份,3,107,先报上你的姓名,3,
WillingToPay,2,,不认识,109,
WillingToPay,2,,你讲什么,103,
WillingToPay,2,,电梯里信号不好,103,
WillingToPay,1,,欠款太多,1,
WillingToPay,2,,等老婆拨款,1,
WillingToPay,1,,可以相信,109,
WillingToPay,2,,工资延迟发了。,1,
WillingToPay,2,,我在开车，稍后联系。,104,
WillingToPay,2,,工程款没下来，没钱处理,1,
WillingToPay,1,,信号不好，没听清,103,
WillingToPay,0,,明白,106,
WillingToPay,2,,这样子我就还的起了,106,
WillingToPay,2,,了解清楚了,106,
WillingToPay,1,,在说把,1,
请求等下打来,3,104,等等就处理,0,
WillingToPay,1,,这边没有银行,1,
模糊确认,3,106,嗯,3,
WillingToPay,2,,我知道了，我想办法,106,
WillingToPay,0,,要的，我晓得老，我尽快,106,
WillingToPay,2,,没工资,1,
WillingToPay,0,,听不见,103,
WillingToPay,2,,我向朋友借钱，我们协商解决，不然不还了,1,
模糊确认,3,106,好的，我尽量,3,
WillingToPay,2,,之前联系我的骂我了,1,
WillingToPay,0,,我忘记了,1,
WillingToPay,0,,钱已经要来了,106,
WillingToPay,0,,分期,2,
WillingToPay,1,,高抬贵手,1,
WillingToPay,0,,我手机丢了，现在在哪里还,108,
WillingToPay,1,,我跟家人商量,106,
WillingToPay,2,,我忙了,1,
WillingToPay,2,,不认识,109,
请求等下打来,3,104,找时间详谈吧,3,
模糊确认,3,106,嗯，我知道了,3,
还款方式,3,108,卡里有钱但是你们没扣我也没有办法还,3,
WillingToPay,2,,到时联系你,1,1
WillingToPay,1,,执行没有财产,1,
WillingToPay,0,,我先还一部分剩下的下个月全部处理,2,
WillingToPay,2,,风太大,103,
请求等下打来,3,104,我在开车，到家说,3,
WillingToPay,2,,？,1,
请求重复,3,103,信号不好，听不到,3,
WillingToPay,2,,朋友钱还没转过来。,1,
WillingToPay,1,,我死了就马上还。,1,
WillingToPay,0,,知道了,106,
WillingToPay,0,,行，我现在上APP等我几分钟,0,
WillingToPay,2,,没什么问题但是要5天,0,
WillingToPay,1,,好的,0,
请求等下打来,3,104,我等下联系你,3,
请求等下打来,3,104,10分钟打过来,3,
WillingToPay,1,,不是本人,109,
还款方式,3,108,还是还之前的银行账户嘛,3,
WillingToPay,1,,好了好了,0,
WillingToPay,2,,在上班,1,
WillingToPay,0,,不认识,109,
WillingToPay,1,,我没这么多钱,1,
WillingToPay,2,,钱到就还,1,
WillingToPay,1,,你做梦呢？2天,1,
WillingToPay,1,,我考虑下,106,
WillingToPay,0,,能少还点吗,1,
请求重复,3,103,听不清,3,
WillingToPay,1,,我离婚了身无分文,1,
WillingToPay,0,,催命哦，知道了,1,
WillingToPay,1,,你这是高利贷,1,
WillingToPay,1,,老板拖欠N个月工资，后天就发了，肯定还！,1,
WillingToPay,2,,明天说,104,
故意岔开话题,3,109,汽车还多啊,3,
模糊确认,3,106,嗯嗯，好的,3,
WillingToPay,2,,现在没时间，等我忙完和你联系,104,
WillingToPay,1,,家里困难，,1,
WillingToPay,0,,我父母过世了,1,
请求重复,3,103,信号不太好，再说吧,3,
WillingToPay,1,,不能,1,
WillingToPay,0,,现在没钱，有钱在处理,1,
WillingToPay,1,,财务说马上发工资,1,
WillingToPay,1,,还有其他平台要还,1,
模糊确认,3,106,我其实一直是想还的,3,
WillingToPay,2,,你声音大一点,103,
WillingToPay,1,,只还本金然后人失踪了,2,
模糊确认,3,106,要得,1,
WillingToPay,2,,我这几天比较忙。过几天联系我,1,
WillingToPay,2,,知道再处理,106,
WillingToPay,2,,住房公积金取不出来,1,
WillingToPay,2,,我不知道,1,
WillingToPay,0,,三天内呀,0,
WillingToPay,0,,把卡号发给我，,108,
WillingToPay,2,,现在忙没时间,1,
模糊确认,3,106,知道,3,
WillingToPay,0,,好,106,
请求等下打来,3,104,我在医院,3,1
WillingToPay,0,,我听不清,103,
WillingToPay,2,,一会我再联系你吧,104,
WillingToPay,2,,等会再说,104,
WillingToPay,2,,最少还多少,109,
WillingToPay,0,,我筹到钱马上联系你,1,
WillingToPay,2,,我去想想办法,106,
WillingToPay,2,,不方便接电话,104,
WillingToPay,0,,不认识,109,
WillingToPay,2,,你说什么  听不清楚,103,
请求等下打来,3,104,这个钱。我待会联系你，,3,
WillingToPay,2,,你再说一次,103,
WillingToPay,1,,来我家就砍死你,1,
WillingToPay,1,,来我家就砍死你,1,
WillingToPay,1,,我爸妈过几天就回来了给钱,1,
WillingToPay,2,,家里回来就还,1,
WillingToPay,2,,那你起诉我吧，我就这点！,1,
WillingToPay,2,,我有事,104,
WillingToPay,2,,等下好吧,104,
WillingToPay,1,,你们搞错了吧,1,
WillingToPay,1,,变成这么多钱了？,1,
WillingToPay,1,,投资失败,1,
WillingToPay,2,,我现在有点忙,104,
WillingToPay,2,,到时候联系你,1,
请求重复,3,103,听不清太吵,3,
WillingToPay,2,,现在没钱,1,
请求等下打来,3,104,你等我待会联系你,3,
WillingToPay,0,,我一直想处理，APP登录不上了,108,
请求重复,3,103,可以什么？,3,
WillingToPay,0,,下个月,0,
WillingToPay,0,,你等下,106,1
WillingToPay,1,,有困难,1,
WillingToPay,0,,？,1,
WillingToPay,2,,没钱处理,1,
WillingToPay,0,,我没有你们的帐号信息，能给一个还款的账号吗？立马给你打过来,108,
WillingToPay,1,,我会还的,106,
WillingToPay,0,,只要减免我就还,2,
WillingToPay,0,,能不能直接扣,108,
WillingToPay,0,,三天内,0,
WillingToPay,2,,我在山里,1,
WillingToPay,2,,这个金额太高，还不起,1,
请求等下打来,3,104,在高速上,3,
WillingToPay,2,,待会联系，忙,104,
WillingToPay,0,,我父母过世了,1,
WillingToPay,2,,我要投诉,1,
WillingToPay,2,,别人借我钱,1,
请求等下打来,3,104,我过一个小时给你回电话,3,
WillingToPay,2,,我现在没钱,1,
模糊确认,3,106,行，好的，你放一万个心,3,
WillingToPay,2,,我想想办法,106,
WillingToPay,0,,不清楚,1,
WillingToPay,2,,不说话,1,
WillingToPay,1,,还个屁哦,1,
WillingToPay,2,,再说一遍,103,
WillingToPay,2,,说的快了,103,
WillingToPay,2,,死开5天就好,1,
WillingToPay,0,,我现在还没有发工资,1,
WillingToPay,0,,钱太多,1,
WillingToPay,1,,sorry,1,
WillingToPay,1,,你天天给我打电话也没用啊，我说了等几天，你听不懂人话蛮？,1,
WillingToPay,0,,有时间,106,
WillingToPay,2,,你们是高利贷吧,1,
WillingToPay,1,,时间这么短那你可以再减免一些吗,1,
WillingToPay,1,,等我发工资的,1,
WillingToPay,2,,太吵了,103,
故意岔开话题,3,109,人品不好,3,
WillingToPay,2,,那你是在等什么？,109,
请求等下打来,3,104,我在开车,3,
WillingToPay,1,,我是真还不了，能还我就还了,1,
WillingToPay,0,,月底联系我,1,
模糊确认,3,106,行，好的，你放心,3,
请求等下打来,3,104,在忙，你发个信息给我,3,
WillingToPay,2,,没有工作，没有经济能力,1,
WillingToPay,0,,立即,0,
请求等下打来,3,104,我在开车，等我停好车的,3,
WillingToPay,0,,我正在筹钱，给几天时间,1,
WillingToPay,1,,你是哪个，没跟你借哈。,107,
请求等下打来,3,104,我问问财务，你一会再联系我,3,
请求重复,3,103,手太大，听不清,3,
WillingToPay,0,,不明白,1,
模糊确认,3,106,好的，好的，好的,0,
WillingToPay,2,,你们抓我吧,1,
请求重复,3,103,信号不好，听不见,3,
WillingToPay,1,,我在上班,104,
WillingToPay,0,,没说不还,106,
WillingToPay,0,,行，我知道了，你等我联系你,104,
WillingToPay,0,,等一下,104,
请求等下打来,3,104,在停车场,3,
WillingToPay,0,,我只有多少钱,1,
WillingToPay,2,,不认识,109,
模糊确认,3,106,嗯,3,
WillingToPay,1,,如果钱到我会还,1,
WillingToPay,0,,不认识,109,
WillingToPay,2,,都是骗你的,1,
其它通讯方式,3,105,这明显是不可能的,109,
WillingToPay,1,,不能保证,1,
WillingToPay,2,,听不清你说什么,103,
请求等下打来,3,104,等会我朋友给我钱再说,3,
请求等下打来,3,104,我正在开车了，等会联系你,3,
故意岔开话题,3,109,哥在不,3,
故意岔开话题,3,109,跟你去到遥远的梦里,3,
WillingToPay,2,,你加我微信,105,
WillingToPay,0,,好了没有,106,1
WillingToPay,2,,我正在看比赛，完了再说,104,
WillingToPay,2,,我父母还在住院,1,
WillingToPay,2,,打电话总是骚扰我家人,1,
WillingToPay,0,,时间紧，不还,1,
WillingToPay,2,,我不明白,103,
模糊确认,3,106,可以，我会行办法的,3,
模糊确认,3,106,行，到那天再说了,3,
WillingToPay,0,,我已经还了啊，怎么还打电话,1,1
WillingToPay,2,,你说什么,103,
故意岔开话题,3,109,我帅的不要不要的,3,
WillingToPay,1,,朋友用我证件办的等我朋友还钱我就还,1,
WillingToPay,0,,后天联系我,1,1
WillingToPay,1,,你说呢,109,
WillingToPay,1,,有什么事,103,
请求等下打来,3,104,我一会联系你,3,
WillingToPay,0,,不认识,1,
还款方式,3,108,已经还了，提示正在交易中,3,
WillingToPay,2,,你们利息太高了,1,
WillingToPay,1,,家里有事不一定,1,
WillingToPay,2,,暂时不还可以不,1,
请求等下打来,3,104,今天临时有事改天吧,3,
WillingToPay,2,,金额太高,1,
WillingToPay,1,,我再看看,1,
请求重复,3,103,听不见,3,
WillingToPay,1,,谁欠钱了。,1,
WillingToPay,1,,我尽量吧,1,
WillingToPay,0,,信号不好，没听清,103,
WillingToPay,0,,我回去商量下,1,
WillingToPay,2,,有钱一定处理,1,
请求等下打来,3,104,以后再说,3,
WillingToPay,2,,不认识,109,
WillingToPay,2,,骂人,1,
WillingToPay,0,,转给你了,1,
WillingToPay,2,,我看一下,106,
WillingToPay,0,,什么时候的事,1,
WillingToPay,2,,我借不到那么多钱,1,
WillingToPay,0,,我号码换了没法还！,1,
WillingToPay,0,,不说话,1,
WillingToPay,2,,我能处理自己不会处理吗,1,
WillingToPay,1,,我现在手头紧张,1,
WillingToPay,2,,你们是骗子,1,
WillingToPay,2,,我尽量在这之前还上,1,
WillingToPay,1,,有时间再说,1,
WillingToPay,1,,我先还一部分吧,2,
WillingToPay,1,,想还再还,1,
请求等下打来,3,104,在开会·,3,
WillingToPay,2,,等我开会结束联系你,104,
WillingToPay,1,,我得去凑钱,1,
WillingToPay,1,,不方便出去,1,
模糊确认,3,106,好的，我再想想,3,
WillingToPay,1,,你听不懂人话哦？手头紧，不方便,1,
请求等下打来,3,104,在开会，待会联系你,3,
模糊确认,3,106,好了，我知道了，我会处理的,0,
模糊确认,3,106,有钱就还,1,
WillingToPay,0,,我父母过世了,1,
WillingToPay,2,,等父母给钱的,1,
WillingToPay,1,,过十年就还。,0,
WillingToPay,0,,下个月,0,
WillingToPay,2,,不知道,1,
WillingToPay,2,,不认识,109,
请求等下打来,3,104,我等会找你,3,
WillingToPay,1,,分期还可以吗,2,
WillingToPay,0,,知道了,106,
WillingToPay,1,,找到工作了在还,1,
WillingToPay,2,,太吵了,103,
WillingToPay,2,,行的，可以,1,
WillingToPay,2,,我现在在忙能等半小时吗，,104,
WillingToPay,2,,失业了,1,
WillingToPay,1,,等一下哈,1,
WillingToPay,2,,我在忙，稍后回电话,104,
WillingToPay,1,,银行卡被冻结了,1,
WillingToPay,1,,利息太高，高利贷,1,
WillingToPay,1,,你不是认真的吧,1,
WillingToPay,1,,金额太高了,1,
请求重复,3,103,没听清，挂,3,
WillingToPay,2,,我过二小时给你回电话,104,
WillingToPay,2,,我在外面,1,
WillingToPay,1,,不能,1,
WillingToPay,0,,家里有人生病，慢慢还,1,
WillingToPay,2,,看情况,1,
WillingToPay,1,,这个金额太高了,1,
请求重复,3,103,说的清楚一点,3,
WillingToPay,2,,你是不是有病,1,
WillingToPay,2,,不一定,1,
故意岔开话题,3,109,其他人的,3,
故意岔开话题,3,109,我浪迹天涯,3,
WillingToPay,2,,找我干嘛,103,
WillingToPay,2,,你说什么,103,
WillingToPay,0,,家里拆迁等款,1,
WillingToPay,2,,不知道啊,1,
WillingToPay,1,,兄弟你谁啊,107,
WillingToPay,0,,加微信,105,
WillingToPay,2,,资金链断了，再想办法处理。,1,
WillingToPay,1,,我父母过世了,1,
WillingToPay,2,,不知道,1,
WillingToPay,2,,我下载APP看看,1,
WillingToPay,0,,这么转账给你们,0,
WillingToPay,1,,自己在工地，工资一年结一次,109,
WillingToPay,1,,我有钱在处理,1,
WillingToPay,2,,我没听清呢,103,
WillingToPay,2,,等我下高速的,104,
WillingToPay,2,,父母住院,1,
回问身份,3,107,你是诈骗的吧,1,
WillingToPay,2,,有点困难,1,
WillingToPay,0,,就是不还,1,
WillingToPay,1,,我现在缺钱,1,
WillingToPay,2,,可能回答内容,109,
WillingToPay,2,,月底这样吧,0,
WillingToPay,2,,你说什么,103,
WillingToPay,1,,不能,1,
模糊确认,3,106,好的，放心,0,
WillingToPay,2,,你最近遇到什么事情了,1,
WillingToPay,1,,利息太高,1,
WillingToPay,1,,有钱再处理,1,
WillingToPay,2,,都说了会还,106,
WillingToPay,0,,十五号联系我,1,
模糊确认,3,106,行，我看看,3,
请求重复,3,103,我没听清,3,
WillingToPay,0,,和家里商量一下,1,
WillingToPay,1,,我在上班,104,
WillingToPay,2,,好的,0,
WillingToPay,0,,只要减免我就还,2,
请求等下打来,3,104,我现在有事,3,
WillingToPay,1,,我给老板打个电话,104,
WillingToPay,1,,看看再说,1,
请求等下打来,3,104,等等的,3,
WillingToPay,2,,我不懂,1,
WillingToPay,1,,先换一部分,2,
WillingToPay,1,,他说去银行了,106,
请求等下打来,3,104,你等下发个信息给我,3,
WillingToPay,0,,先换一部分,2,
WillingToPay,2,,钱到账还,1,
WillingToPay,2,,你感觉能逃避掉吗？,109,
WillingToPay,2,,风太大,109,
WillingToPay,2,,今天天不错,109,
WillingToPay,1,,我正在想办法,1,
WillingToPay,2,,不说话,1,
请求重复,3,103,电梯里信号不好,3,
WillingToPay,2,,还是太多,1,
WillingToPay,0,,提前联系我,1,1
模糊确认,3,106,可以，就这样吧,3,
WillingToPay,0,,五分钟,0,
WillingToPay,2,,你不要我还给别的公司了！,1,
WillingToPay,2,,喂喂喂,103,
WillingToPay,2,,等发工资再说,1,
WillingToPay,1,,钱到了立马还,1,
WillingToPay,0,,不处理了,1,
WillingToPay,2,,换不起,1,
WillingToPay,1,,我下个月还,0,
WillingToPay,0,,提供还款方式,108,
WillingToPay,2,,明天再说,104,
WillingToPay,0,,到那天再联系,1,
WillingToPay,1,,直接挂断,1,
WillingToPay,2,,下周在确定,1,
WillingToPay,1,,我要先还别的贷款,1,
WillingToPay,2,,爱咋咋,1,
WillingToPay,1,,工程结束，结了工程款就还,1,
WillingToPay,1,,你不给我减免我就不还,2,
请求等下打来,3,104,我先看看我还有多少钱，，等会打你电话,3,
WillingToPay,2,,我现在没空,1,
WillingToPay,1,,月底在跟我联系吧,1,1
WillingToPay,1,,你不怕法律后果吗？,1,
WillingToPay,0,,我已经还了。,1,
WillingToPay,0,,不差钱,109,
模糊确认,3,106,好,0,
WillingToPay,2,,没问题,0,
WillingToPay,1,,你打错了,1,
WillingToPay,1,,现在没空,1,
WillingToPay,0,,等我发工资的,1,
请求等下打来,3,104,等一段时间,3,
WillingToPay,0,,哦知道了,106,
WillingToPay,2,,信号不太好，再说吧,1,
WillingToPay,1,,要钱没有，要命一条,1,
请求等下打来,3,104,我等会再联系你！,3,
WillingToPay,2,,我要去开会了，晚点再说,104,
WillingToPay,2,,我过四小时给你回电话,104,
WillingToPay,2,,看老板拖不拖工资,1,
WillingToPay,2,,在路上。再联系,104,
WillingToPay,2,,利息高,1,
WillingToPay,1,,我还不确定,1,
请求等下打来,3,104,我过40分钟给你回电话,3,
WillingToPay,2,,不是说了吗,1,
WillingToPay,2,,客服骂人,1,
WillingToPay,0,,我怎么还款,108,
请求等下打来,3,104,等等会处理,3,
请求等下打来,3,104,吃过饭再说,3,
WillingToPay,2,,我在山上,109,
WillingToPay,2,,等等,104,
故意岔开话题,3,109,假的,109,
WillingToPay,2,,利息减掉就还,2,
WillingToPay,0,,要还多少钱,1,
WillingToPay,2,,我考虑考虑,106,
WillingToPay,0,,小事情,106,
其它通讯方式,3,105,SKYPE有不有,3,
请求等下打来,3,104,等会再说,3,
WillingToPay,1,,嗯嗯,106,
WillingToPay,0,,明天,0,
WillingToPay,0,,嗯，年底给你,0,
WillingToPay,2,,风太大了,109,
WillingToPay,2,,还不起,1,
WillingToPay,2,,没有工作，等找到工作有钱就还,1,
WillingToPay,2,,帮个忙哈，兄弟,1,
WillingToPay,0,,6个月还清,0,
请求重复,3,103,怎么回事，听不清,3,
WillingToPay,2,,我改天再联系你,1,
WillingToPay,2,,不说话,1,
WillingToPay,2,,在开会,104,
故意岔开话题,3,109,我好帅,3,
WillingToPay,1,,滚,1,
WillingToPay,0,,我最近两天想办法,1,
模糊确认,3,106,我也很想还,3,
WillingToPay,2,,这个是高利贷,1,
WillingToPay,2,,不是我不还钱在卡里你们不扣还怪我但是利息我不还,2,
请求等下打来,3,104,在开会在,3,
请求重复,3,103,信号不少，稍等,3,
WillingToPay,2,,我在高速上,109,
WillingToPay,1,,利息大高,1,
WillingToPay,1,,我试试吧,106,
WillingToPay,2,,我再想想办法吧,106,
请求等下打来,3,104,下周再说,3,
WillingToPay,2,,搞不醒活。,1,
WillingToPay,0,,我先还一部分吧，剩下的我再想办法,2,
WillingToPay,2,,你们就是高利贷,1,
请求等下打来,3,104,等会再说,3,
WillingToPay,1,,过几天,1,
请求等下打来,3,104,在高速上回家才能处理,3,
WillingToPay,2,,等一下,104,
WillingToPay,2,,我想办法处理,106,
WillingToPay,0,,我找老板预支工资还给你们,106,
WillingToPay,2,,我先确认一下我卡上钱够不够,106,
WillingToPay,2,,在开会,104,
WillingToPay,2,,再说吧,1,
故意岔开话题,3,109,昨天我订的那只兔子快点给我送过来,3,
WillingToPay,2,,我过50分钟给你回电话,104,
WillingToPay,1,,我在山区短时间出不去,1,
WillingToPay,1,,一个月以后可以,0,
WillingToPay,2,,还不起,1,
WillingToPay,2,,工资到了就发,1,
WillingToPay,1,,我暂时换不上呀,1,
还款方式,3,108,我客户端登陆不了,3,
WillingToPay,0,,老公回来说他还的，我问问,1,
请求等下打来,3,104,ok等下,3,
故意岔开话题,3,109,我不开心,3,
WillingToPay,2,,一会在说,104,
WillingToPay,0,,还不上你看着办,1,
请求等下打来,3,104,在开会，稍后联系你,3,
WillingToPay,1,,有什么事,103,
WillingToPay,2,,你说什么,103,
WillingToPay,2,,你说啥子？,103,
请求等下打来,3,104,我在山区,109,
模糊确认,3,106,行你放心,3,
WillingToPay,0,,我放银行卡里你们扣,0,
WillingToPay,1,,听不清,103,
请求等下打来,3,104,在忙,3,
WillingToPay,2,,我现在很忙,104,
WillingToPay,2,,我在上班下班聊,104,
WillingToPay,1,,等我有钱肯定还,1,
WillingToPay,1,,敷衍,1,
WillingToPay,0,,等我有钱的,1,
WillingToPay,0,,。,1,
WillingToPay,2,,现在没钱,1,
WillingToPay,2,,干嘛,103,
WillingToPay,0,,我尽量,1,
WillingToPay,0,,可以减免一点利息吗,1,
WillingToPay,1,,赌博输了,1,
WillingToPay,2,,我没有钱,1,
WillingToPay,0,,明天,0,
请求重复,3,103,听不见哈,3,
WillingToPay,2,,再想想,1,
WillingToPay,2,,没时间,1,
WillingToPay,0,,？,1,
WillingToPay,1,,这个金额高了,1,
WillingToPay,1,,来撒,109,1
WillingToPay,2,,我现在没钱,1,
WillingToPay,2,,家里出了事情，这么多钱拿不出来,1,
WillingToPay,2,,稍等,104,
WillingToPay,1,,有,109,1
WillingToPay,2,,睡觉,104,
请求等下打来,3,104,等会回复,3,
WillingToPay,1,,没时间哈,1,
WillingToPay,1,,等我买彩票中了特等奖，就可以还了,1,
WillingToPay,0,,我银行卡掉了怎么还,1,
WillingToPay,1,,有点多没那么多钱,1,
WillingToPay,2,,等家人把钱给我再还,1,
WillingToPay,2,,啥子东东哦？,103,
WillingToPay,0,,能不能过段时间现在没钱,1,
WillingToPay,2,,到那天天不处理后果自负。,109,
请求重复,3,103,没听明白？,3,
请求等下打来,3,104,我在高速上开车,3,
WillingToPay,1,,脑残,1,
WillingToPay,1,,喊你们领导来我都不得还,1,
WillingToPay,0,,明天上午,0,
WillingToPay,2,,有没有折扣,1,
WillingToPay,2,,。,1,
WillingToPay,2,,我会还,106,
WillingToPay,0,,不会不还,106,
WillingToPay,2,,听不清楚,103,
WillingToPay,0,,因为app登不上去了没有还款渠道,108,
WillingToPay,0,,到时候通知你,1,
WillingToPay,1,,没那么多钱,1,
WillingToPay,1,,家人在帮忙周转，不确定时间,1,
WillingToPay,1,,不认识,109,
WillingToPay,1,,我试试,106,
故意岔开话题,3,109, 小溪向东去,3,
模糊确认,3,106,恩,3,
WillingToPay,0,,不说话,1,
WillingToPay,0,,我尽量,106,
请求等下打来,3,104,慢会儿空了再说。,3,
WillingToPay,2,,你没想过为什么这么高？,1,
WillingToPay,1,,年底我一次性结清,0,
WillingToPay,0,,嗯，好,106,
WillingToPay,2,,在开会,104,
模糊确认,3,106,恩？,3,
WillingToPay,0,,随时都可以,0,
WillingToPay,2,,等有钱,1,
WillingToPay,0,,钱刚提现需要时间,0,
模糊确认,3,106,知道了·,3,
WillingToPay,1,,金额太多了,1,
WillingToPay,0,,发工资,1,
WillingToPay,2,,小孩这两天开学学费,1,
WillingToPay,2,,在开会,104,
WillingToPay,1,,不认识,109,
WillingToPay,1,,刚上班,109,
请求等下打来,3,104,我在开车,3,
WillingToPay,2,,上面有答案,109,
WillingToPay,2,,不好意思你再说一次,103,
WillingToPay,2,,你找谁,109,
WillingToPay,0,,我朋友已经答应借给我了，给我点时间,1,
WillingToPay,2,,工资还没发,1,
WillingToPay,1,,果断时间可以,1,
WillingToPay,2,,现在在忙呢,104,
WillingToPay,0,,你记一下这个电话，如果联系不到我，找他也可以,105,
WillingToPay,1,,你能怎么着我,1,
WillingToPay,0,,是么时候还,1,
WillingToPay,0,,周末,0,
WillingToPay,1,,应该可以,106,
WillingToPay,1,,要钱没有，要命一条,1,
WillingToPay,2,,不还了，找平安客服给我打电话！,1,
WillingToPay,2,,本金就可以还,2,
WillingToPay,1,,估计下辈子去了,1,
WillingToPay,0,,我知道了,106,
WillingToPay,0,,明天,0,
WillingToPay,2,,之前工作太忙忘了时间，能免滞纳金不？我马上就还,2,
故意岔开话题,3,109,人人都在闹,3,
WillingToPay,2,,我想分期处理,2,
WillingToPay,1,,我要投诉你们,1,
WillingToPay,2,,我尽量吧,106,
请求等下打来,3,104,我手机没电了。先充电了,3,
WillingToPay,2,,我在开会,104,
WillingToPay,0,,不认识,109,
WillingToPay,2,,你们不是要起诉的吗,1,
WillingToPay,0,,我下个月再还,0,
WillingToPay,1,,什么时候有钱什么时候还,1,
请求等下打来,3,104,我在学习,3,
WillingToPay,2,,我打电话借一下！,1,
WillingToPay,0,,在借钱,1,
请求等下打来,3,104,等等在说,3,
请求等下打来,3,104,晚上联系你,3,
WillingToPay,0,,借到钱再还,1,
WillingToPay,1,,欠钱管你什么事？我就不还,1,
WillingToPay,0,,没工作,1,
WillingToPay,0,,等我发工资的,1,
WillingToPay,0,,家人在帮忙筹钱，就这几天,106,
请求等下打来,3,104,我在上班,3,
故意岔开话题,3,109,我先唱一首歌吧,3,
WillingToPay,1,,我父母过世了,1,
WillingToPay,1,,我朋友有钱，放心,1,
故意岔开话题,3,109,不是本人，有病小医生,3,
请求等下打来,3,104,今天不行，明天吧,0,
WillingToPay,2,,等发工资,1,
WillingToPay,2,,待还再打,104,
WillingToPay,2,,我现在要凑钱,1,
WillingToPay,2,,好的,0,
WillingToPay,1,,过一段时间,1,
WillingToPay,0,,我现在没钱，过几天吧。,1,
请求重复,3,103,再说次,3,
WillingToPay,2,,我在想想办法,1,
模糊确认,3,106,可以，尽量想办法,1,
WillingToPay,2,,啊什么,103,
WillingToPay,1,,想处理会自己处理的,1,
WillingToPay,0,,会还的,1,
WillingToPay,2,,你那边很吵,103,
模糊确认,3,106,考虑考虑,1,
WillingToPay,0,,没钱,1,
WillingToPay,2,,说什么太吵了,103,
WillingToPay,1,,我父母过世了,1,
WillingToPay,0,,微信,105,
WillingToPay,1,,不说话,1,
WillingToPay,1,,不知道,1,
WillingToPay,0,,你猜我是不是,109,
WillingToPay,2,,我考虑下,1,
WillingToPay,1,,没问题？没问题才怪呢！,1,
WillingToPay,0,,你来下我这，我给你,0,
模糊确认,3,106,我考虑一下,1,
WillingToPay,0,,麻烦给三天时间,0,
WillingToPay,1,,很困难,1,
WillingToPay,1,,我外面钱要来就还,1,
WillingToPay,0,,ojbk,106,
请求重复,3,103,太吵了,3,
WillingToPay,1,,我在筹钱,1,
WillingToPay,2,,我尽快处理,1,
WillingToPay,2,,你谁啊,107,
WillingToPay,1,,等会打,104,
WillingToPay,1,,贷款2天之后肯定能下来,106,
WillingToPay,1,,我父母过世了,1,
WillingToPay,2,,朋友还没回复我，现在不知道！,1,
模糊确认,3,106,知道了,3,
WillingToPay,0,,等我下个月,0,
请求等下打来,3,104,晚上我打你电话,3,
WillingToPay,2,,没有钱,1,
WillingToPay,1,,工程款到了还,1,
WillingToPay,1,,滞纳金太多了，不想还了,1,
WillingToPay,0,,发了工资还,1,
WillingToPay,0,,明天,0,
WillingToPay,1,,提前一天联系我，我做准备,1,
故意岔开话题,3,109,即便这功劳尽舍弃,3,
WillingToPay,2,,不认识,109,
WillingToPay,2,,我快被逼疯了,1,
WillingToPay,2,,。,1,
WillingToPay,1,,走开,1,
WillingToPay,1,,能减免吗,1,
WillingToPay,2,,没有时间,1,
WillingToPay,2,,接了不说话,1,
WillingToPay,2,,可以,0,
WillingToPay,1,,没辣么多,1,
WillingToPay,2,,我跟着就处理，打个折哈,2,
WillingToPay,2,,这是抢钱啊,1,
WillingToPay,0,,我给你一个账号你直接扣款吧,108,
WillingToPay,2,,？,1,
WillingToPay,2,,没有钱,1,
请求等下打来,3,104,我开会呢,3,
WillingToPay,0,,不认识,109,
WillingToPay,1,,99天就还,0,
WillingToPay,0,,老板家里出了事情，等老板来了钱拿到立马处理,1,
WillingToPay,2,,等下再说,1,
WillingToPay,1,,我也不知道，钱还没到账,1,
WillingToPay,1,,我现在有事，过两天再说,1,
请求等下打来,3,104,我明天找你,3,
WillingToPay,2,,我朋友是搞这一方面的，你直接跟我说最低多少,1,
WillingToPay,1,,我现在资金不足,1,
WillingToPay,1,,我在筹钱,1,
WillingToPay,2,,提现,1,
WillingToPay,2,,我旁边有人,1,
WillingToPay,1,,四个包包一样重，你说怎么还,1,
还款方式,3,108,没办法,1,
WillingToPay,2,,不好说,1,
WillingToPay,0,,还到哪里,108,
故意岔开话题,3,109,时间太快了,3,
WillingToPay,0,,要的,0,
WillingToPay,2,,我在开会,104,
WillingToPay,0,,我去想想,1,
WillingToPay,2,,没听清，挂,1,
WillingToPay,2,,钱太多,1,
请求等下打来,3,104,等等我再回复你,3,
WillingToPay,0,,今天下午,0,
WillingToPay,2,,你加我微信说吧,105,
WillingToPay,2,,进监狱了,1,
WillingToPay,1,,这样啊,106,
WillingToPay,1,,你没听说过，借钱的是大爷哇,1,
WillingToPay,2,,我欠的多，还不了那么多。,1,
WillingToPay,2,,工资不够,1,
WillingToPay,2,,手机没电了，,1,
请求等下打来,3,104,我过二小时给你回电话,3,
请求等下打来,3,104,我参加聚会呢,3,
WillingToPay,1,,算了吧,1,
WillingToPay,2,,风大，听不见,103,
请求等下打来,3,104,在海里,3,
WillingToPay,1,,能给我几天时间吗,1,
WillingToPay,2,,高利贷不还起诉吧,1,
WillingToPay,1,,现在困难,1,
WillingToPay,1,,哪个说的？,1,
请求重复,3,103,有,106,
还款方式,3,108,你们给我减免了我该怎么还啊？,108,
还款方式,3,108,这个真的有点儿坑,1,
模糊确认,3,106,收到,3,
WillingToPay,2,,钱太多了，一次性还不了,1,
WillingToPay,2,,有钱再还,1,
WillingToPay,0,,明天可以还是啊吧,0,
WillingToPay,1,,赌赢了，就还,1,
还款方式,3,108,忘记怎么还款了,3,
WillingToPay,2,,好的,106,
WillingToPay,0,,在卖车,1,
WillingToPay,0,,只愿还本金,2,
请求等下打来,3,104,说什么，晚点说,3,
WillingToPay,2,,被人骗了,1,
WillingToPay,1,,下个月吧,0,
还款方式,3,108,可以汇款不,3,
WillingToPay,1,,你嗯呢给我道歉,1,
WillingToPay,1,,家里遇到困难,1,
请求等下打来,3,104,我在开车，啪！,3,
WillingToPay,2,,我想办法看看,1,
WillingToPay,1,,少一点行吗,1,
故意岔开话题,3,109,有答案,3,
故意岔开话题,3,109,划落的万千情丝,3,
WillingToPay,2,,我稍后回给你,104,
WillingToPay,0,,到时候你直接在卡上扣款就行了,0,
还款方式,3,108,该怎么还,3,
WillingToPay,2,,好的，知道了,0,
WillingToPay,2,,应该可以的,0,
WillingToPay,2,,没钱,1,
WillingToPay,0,,明白了,106,
WillingToPay,2,,我以前还的怎么算,1,1
WillingToPay,2,,没有钱,1,
WillingToPay,1,,朋友帮贷的,1,
WillingToPay,2,,我朋友正在存钱,1,
请求等下打来,3,104,下次再说,3,
WillingToPay,0,,明天还者,0,
WillingToPay,2,,钱到了立马给你打电话,1,
WillingToPay,1,,要我怎么说你才能明白,109,
WillingToPay,0,,你等会我看一下啊！,1,
WillingToPay,1,,明天看看有没有钱,1,
WillingToPay,2,,等发工资的,1,
WillingToPay,2,,我会慢慢还,1,
WillingToPay,0,,下个月,0,
WillingToPay,2,,我怎么听不懂,103,
WillingToPay,0,,我没空,1,
WillingToPay,1,,能不能再少点  我去借点处理,2,
WillingToPay,0,,先还一部分,2,
WillingToPay,2,,不还了,1,
WillingToPay,1,,现在没那么多钱,1,
模糊确认,3,106,好的，我知道了,0,
请求重复,3,103,太吵了,3,
WillingToPay,2,,应该能,0,
请求重复,3,103,刚在开会，你说什么,3,
WillingToPay,2,,金额太高,1,
WillingToPay,0,,分期还,2,
WillingToPay,2,,你们管的真多啊,1,
请求等下打来,3,104,待会再说在开车,3,
故意岔开话题,3,109,花儿、花儿、慢慢落下,3,
WillingToPay,2,,开车了,104,
模糊确认,3,106,好，我知道了,0,
WillingToPay,2,,我别家贷款都是只还本金你不可以不就不还了,2,
故意岔开话题,3,109,家里人可以还吧,3,
请求等下打来,3,104,我在上山,3,
模糊确认,3,106,我看看有没有其他办法,3,
WillingToPay,1,,没钱去还,1,
WillingToPay,2,,听不懂,103,
WillingToPay,0,,别打我电话，我有钱联系我,1,
WillingToPay,1,,明天联系我,1,
请求等下打来,3,104,等下好吧,3,
WillingToPay,1,,高利贷吧,1,
WillingToPay,2,,5号可能发工资,1,
WillingToPay,2,,我下个月累加还,0,
WillingToPay,1,,你们搞错没有，还有滞纳金啊,1,
WillingToPay,1,,高利贷,1,
WillingToPay,2,,怎么回事,1,
WillingToPay,2,,你以为我是开银行的哦，这么多钱。必须要少才可以,1,
WillingToPay,1,,过两天,1,
故意岔开话题,3,109, 约定好、约定好,3,
WillingToPay,0,,最近有钱,1,
WillingToPay,2,,坐牢刚出来,1,
WillingToPay,2,,马上就好,0,
请求重复,3,103,啥子东东哦？,3,
WillingToPay,2,,我过30分钟给你回电话,104,
WillingToPay,0,,真的没钱，会还的,1,
WillingToPay,1,,我晓得，我有钱了马上就还，现在手头有点紧张,1,
请求等下打来,3,104,等我下班就去还,3,
WillingToPay,2,,我没那么多钱。,1,
WillingToPay,0,,不认识,109,
WillingToPay,2,,月底再说,1,
WillingToPay,0,,不认识,1,
WillingToPay,2,,风大你说的哈,103,
WillingToPay,2,,不缺钱,1,
请求等下打来,3,104,我改天再联系你,3,
WillingToPay,2,,我过40分钟给你回电话,104,
WillingToPay,2,,到期再说,1,
WillingToPay,0,,我正在去银行的路上,0,
WillingToPay,0,,这个时间很合适,0,
WillingToPay,1,,没钱我怎么还啊,1,
请求等下打来,3,104,我有事了,3,
WillingToPay,2,,在忙,104,
WillingToPay,0,,现在不够还的，可以分期吗,2,
WillingToPay,2,,好的，放心,0,
WillingToPay,2,,家里没没粮食了,109,
WillingToPay,2,,过段时间吧。钱没到。,1,
请求等下打来,3,104,等一会,3,
WillingToPay,2,,我有钱自然会还,1,
WillingToPay,2,,方便我联系你,1,
WillingToPay,1,,你们利息太高了,1,
WillingToPay,1,,你打错了,1,
WillingToPay,2,,我幸好不好,109,
WillingToPay,1,,有时间就处理,1,
故意岔开话题,3,109,装傻就挂断,3,
WillingToPay,2,,没钱,1,
WillingToPay,2,,我还过呀，钱怎么变多了,1,
WillingToPay,2,,2小时之后你联系我,104,
WillingToPay,2,,你们抓我吧,1,
WillingToPay,2,,有钱肯定还上,1,
WillingToPay,1,,马上还，你做梦哇？,1,
其它通讯方式,3,105,你找我撒,3,
请求等下打来,3,104,我在高速上，下高速就还,3,
请求等下打来,3,104,有空再联系。我现在忙,3,
WillingToPay,1,,绝对没问题,0,
WillingToPay,0,,那为什么逾期这么久呢,109,
请求等下打来,3,104,你等等。,3,
WillingToPay,2,,朋友钱到了就还,1,
WillingToPay,1,,太多了处理不了,1,
WillingToPay,0,,加我微信,105,
WillingToPay,2,,再说一遍,103,
WillingToPay,1,,还要些时间,1,
WillingToPay,0,,已经还了，提示正在交易中,0,
WillingToPay,0,,在领工资,1,
WillingToPay,2,,骂人,1,
WillingToPay,2,,你说什么,103,
WillingToPay,1,,遇到事情困难,1,
WillingToPay,2,,我去凑,1,
WillingToPay,2,,我就不还,1,
WillingToPay,2,,我的电话没电了，再联系,104,
WillingToPay,1,,我现在两手空空,1,
WillingToPay,1,,我父母过世了,1,
请求重复,3,103,电话太吵了,3,
WillingToPay,0,,嗯,106,
WillingToPay,1,,没空,1,
WillingToPay,2,,发个信息给我,105,
WillingToPay,2,,我以前还别的都还多少,109,
WillingToPay,1,,不说话,1,
WillingToPay,2,,没钱,1,
WillingToPay,2,,可以把这个事情处理掉。,106,
WillingToPay,0,,给我点时间,1,
WillingToPay,0,,现在总共需要处理多少,1,1
WillingToPay,2,,坐牢了,1,
WillingToPay,2,,我在开会,104,
WillingToPay,2,,等会回你电话,104,
WillingToPay,2,,在停车场,109,
WillingToPay,1,,下次,1,
WillingToPay,1,,我周转一下,1,
WillingToPay,1,,我现在等工资,1,
WillingToPay,0,,上打给我,1,
请求等下打来,3,104,我在吃饭，吃完饭就弄,3,
故意岔开话题,3,109,长头发短头发？,3,
WillingToPay,1,,你是哪家公司,107,
请求等下打来,3,104,我在联系你,3,
WillingToPay,2,,我现在没有工作，拿不出来那么多钱,1,
WillingToPay,2,,滚开我会还的,1,
其它通讯方式,3,105,要不你报警抓我吧,1,
WillingToPay,0,,下个月吧,0,
WillingToPay,2,,在忙,1,
故意岔开话题,3,109,有一些思念,3,
WillingToPay,0,,等我这批货卖出去的,1,
WillingToPay,2,,我没那么多钱,1,
故意岔开话题,3,109,钱钱都舍不得,3,
WillingToPay,2,,过几天,1,
模糊确认,3,106,嗯，好的,0,
模糊确认,3,106,好的,3,
还款方式,3,108,我都不用智能手机，钱咋个个还法,3,
WillingToPay,2,,我先看看我还有多少钱，，等会打你电话,104,
WillingToPay,2,,我在医院,109,
WillingToPay,2,,白驹过隙,109,
WillingToPay,1,,你别催了我知道了,1,
还款方式,3,108,我没的你们的银行卡号啊，还不了啊,3,
WillingToPay,1,,利息太高，不还,1,
WillingToPay,1,,不写,1,
WillingToPay,1,,后天联系我,104,
WillingToPay,1,,我一定处理,106,
WillingToPay,1,,你打错了,1,
模糊确认,3,106,我再看看,3,
WillingToPay,2,,我要和你们负责人协商,105,
WillingToPay,2,,金额太多，暂时没这么多钱,1,
WillingToPay,2,,我工资要等一段时间，等发工资再说,1,
WillingToPay,0,,行呢，我朋友说今晚借给我滴,0,
WillingToPay,2,,我现在忙待会回你电话,104,
请求等下打来,3,104,我待会联系你,3,
WillingToPay,0,,我去朋友那借,1,
请求等下打来,3,104,我听不见；在开车；能等会打吗,3,
模糊确认,3,106,好好好,3,
WillingToPay,0,,知道了,106,
请求等下打来,3,104,等会联系你,3,
WillingToPay,1,,我想换现在换不起,1,
WillingToPay,2,,不认识,109,
WillingToPay,0,,可以，你到时候直接查账单,0,
请求等下打来,3,104,开完会再说,3,
请求等下打来,3,104,等有空还,3,
WillingToPay,0,,等等,1,
WillingToPay,2,,留下两个紧急联系人的电话。,105,
故意岔开话题,3,109,你声音挺好听的,3,
WillingToPay,1,,可以减免吗,1,
其它通讯方式,3,105,视屏吧，我看看你长啥样,1,
请求等下打来,3,104,最近忙,1,
WillingToPay,1,,号码是我刚办的....,1,
WillingToPay,0,,我想办法,106,
WillingToPay,2,,信号不好我听不清,103,
WillingToPay,0,,可否减免,1,
WillingToPay,1,,我知道了，,106,
故意岔开话题,3,109,树好高,3,
WillingToPay,1,,我现在资金紧张,1,
WillingToPay,0,,是的吧,106,
请求等下打来,3,104,现在有事,3,
请求等下打来,3,104,等下打来,3,
WillingToPay,2,,免点利息和你谈,1,
WillingToPay,0,,不可以，我到**时间才能有钱,1,
WillingToPay,2,,发工资的时候联系你,1,
请求等下打来,3,104,再医院,3,
还款方式,3,108,俺怎么还,3,
WillingToPay,2,,嗯,106,
WillingToPay,2,,你说什么,103,
WillingToPay,2,,风大听不清楚,103,
请求等下打来,3,104,我在开车一会再说,3,
WillingToPay,1,,不认识,109,
请求等下打来,3,104,我在上班，下班说,3,
请求重复,3,103,你说什么？没听见,3,
WillingToPay,1,,我在高速上,1,
WillingToPay,2,,如微雨轻尘落脚底,109,
WillingToPay,1,,不知道,1,
WillingToPay,1,,高利贷,1,
WillingToPay,0,,行你放心,0,
WillingToPay,1,,发奖金我就还,1,
WillingToPay,2,,刚买的号码,1,
WillingToPay,0,,暂时没钱要等发工资,1,
WillingToPay,1,,给你说了，要缓一阵，怎么说不听呢,1,
WillingToPay,2,,你们是抢钱,1,
WillingToPay,0,,只要减免我就还,2,
请求等下打来,3,104,我等会联系,3,
WillingToPay,1,,过段时间就还,1,
WillingToPay,2,,等有空联系你,1,
WillingToPay,0,,滚,1,
WillingToPay,2,,不可能,1,
请求等下打来,3,104,这段时间在告诉上，下高速在说,3,
模糊确认,3,106,行，也行吧,3,
WillingToPay,2,,你想多了哦，这么多我是不可能还的，要少点儿,3,
请求等下打来,3,104,有事先挂了,3,
请求等下打来,3,104,地震得好厉害，好厉害，好晃动！,3,
WillingToPay,1,,我尽量吧,1,
WillingToPay,0,,赌博输了,1,
WillingToPay,1,,嗯嗯,106,
WillingToPay,1,,我想一下,1,
WillingToPay,0,,能少点还吗,2,
WillingToPay,1,,这个歌金额太高了,1,
回问身份,3,107,我是欠钱，但是只欠公司的钱，不欠一个随便打电话来的陌生人的钱,107,
WillingToPay,2,,不认识,109,
请求等下打来,3,104,我到时候联系你把,3,
WillingToPay,1,,你们利息太高了,1,
回问身份,3,107,打错了,3,
WillingToPay,2,,我再山上,109,
WillingToPay,2,,工资没发,1,
请求等下打来,3,104,等一下,3,
WillingToPay,0,,我可以通过别的方式还款吗,108,
WillingToPay,1,,让朋友还,1,
WillingToPay,1,,暂时没有钱,1,
模糊确认,3,106,嗯，我想办法,3,
WillingToPay,1,,不知道这个事,1,
模糊确认,3,106,行，我想想办法,3,
请求等下打来,3,104,在医院,109,
WillingToPay,0,,有钱我会还的,1,
WillingToPay,1,,现在上班,109,
WillingToPay,1,,数额太大，考虑考虑,1,
WillingToPay,2,,发工资就还,1,
WillingToPay,2,,利息多少啊,1,
模糊确认,3,106,好的，知道了,0,
WillingToPay,1,,我年底还,0,
请求等下打来,3,104,待会联系你,3,
其它通讯方式,3,105,加微信,3,
WillingToPay,1,,你们干嘛给我爸联系,1,
模糊确认,3,106,我也不知道,3,
WillingToPay,2,,我想想,1,
WillingToPay,2,,最近手头紧，还不了这么多,1,
WillingToPay,0,,知道了,106,
WillingToPay,1,,走法律程序,1,
WillingToPay,1,,今天还，还个鬼哦！,1,
WillingToPay,0,,后天,0,
WillingToPay,0,,不说话,1,
请求等下打来,3,104,我在开会,3,
还款方式,3,108,优惠力度那么小，算了,1,
WillingToPay,2,,我待会打给你,104,
WillingToPay,0,,晓得，晓得，明天第一时间还哈。,0,
请求等下打来,3,104,下高速,109,
WillingToPay,2,,没这么多钱现在,1,
WillingToPay,2,,我还不完,1,
WillingToPay,1,,看情况吧,106,
WillingToPay,2,,我家里只凑了这点钱，处理不了只能随你们了！,1,
WillingToPay,1,,在去银行的路上,0,1
WillingToPay,2,,和朋友在一起，不方便,104,
WillingToPay,2,,起诉我吧,1,
WillingToPay,0,,给我几天时间,1,
故意岔开话题,3,109,啊！这么多啊！,1,
请求等下打来,3,104,在路上。再联系,3,
WillingToPay,2,,开车,104,
WillingToPay,0,,我父母过世了,1,
WillingToPay,0,,之前想还款没有方式,108,
WillingToPay,0,,明天10吧,0,
WillingToPay,2,,到时候看看吧,1,
WillingToPay,1,,什么时候的事,1,
WillingToPay,2,,有钱就处理,1,
WillingToPay,0,,知道了,106,
请求等下打来,3,104,马上就好,0,
WillingToPay,2,,告我去吧,1,
WillingToPay,2,,声音大点听不清,103,
WillingToPay,2,,也许吧,1,
WillingToPay,0,,有什么事,103,
WillingToPay,2,,时间能不能长点,1,
WillingToPay,0,,我借多少还多少,2,
WillingToPay,1,,机主不在,1,
WillingToPay,0,,我朋友明天钱给我,106,
WillingToPay,1,,我最近打牌输的有点多，过两天手气好了就还,1,
WillingToPay,2,,放心吧，相信我,106,
WillingToPay,2,,你们不要再给我家人打电话了,1,
WillingToPay,1,,等过两天我就把钱还了,1,
WillingToPay,1,,不知道,1,
WillingToPay,2,,干嘛告诉你,1,
请求重复,3,103,说的啥子,3,
WillingToPay,2,,傻B，操,1,
WillingToPay,2,,信号不好了,103,
WillingToPay,1,,在拖拖吧,1,
WillingToPay,0,,等朋友的钱给我的,1,
WillingToPay,2,,有钱还,1,
WillingToPay,1,,到过年的吧,0,
WillingToPay,2,,晚上说,104,
WillingToPay,2,,无所谓,1,
WillingToPay,0,,钱转了还没有到账,0,1
请求重复,3,103,为什么不说话,3,
WillingToPay,1,,在高速上,109,
请求重复,3,103,你说什么事情,103,
WillingToPay,2,,你找他什么事,103,1
模糊确认,3,106,哦，知道了,3,
请求等下打来,3,104,在山里,1,
WillingToPay,1,,我不知道,1,
请求等下打来,3,104,待还再打,3,
WillingToPay,0,,明天吧,0,
WillingToPay,0,,发誓，如果处理不了,1,
WillingToPay,0,,我下个月再还，只还本金,2,
WillingToPay,2,,好的,0,
WillingToPay,1,,我尽量吧,1,
WillingToPay,1,,到时候你联系我,106,
WillingToPay,2,,现在没得空。,1,
WillingToPay,1,,你们利息太高了,1,
WillingToPay,0,,年底还给你们可以吧？,0,
WillingToPay,0,,我现在没那么多钱,1,
WillingToPay,2,,有点困难,1,
模糊确认,3,106,好吧,0,
WillingToPay,0,,我考虑下,106,
模糊确认,3,106,额,3,
模糊确认,3,106,好好好,0,
WillingToPay,1,,有困难,1,
WillingToPay,0,,等几天,1,
WillingToPay,1,,不认识,109,
WillingToPay,2,,钱到账就还,1,
请求等下打来,3,104,出去了,3,
WillingToPay,2,,在山上信号不好,104,1
WillingToPay,2,,不认识,109,
WillingToPay,1,,金额太高了,1,
WillingToPay,2,,就是不还,1,
故意岔开话题,3,109,赌博,3,
WillingToPay,1,,回不去,1,
WillingToPay,2,,大后年在说,0,1
WillingToPay,2,,你说什么,103,
还款方式,3,108,我看不清,109,
WillingToPay,2,,一定会处理好的,0,
WillingToPay,2,,忙了,104,1
WillingToPay,2,,开车,104,1
WillingToPay,2,,不认识,109,
WillingToPay,2,,我手机没电了。先充电了,104,
WillingToPay,2,,我在乡下信号不好,104,
WillingToPay,1,,等发工资,1,
模糊确认,3,106,好的呢,0,
WillingToPay,2,,在飞机上,109,1
WillingToPay,2,,明白,106,
还款方式,3,108,可以银联卡转账？,3,
WillingToPay,1,,这个金额太多,1,
WillingToPay,1,,今天财务钱还没有下来,1,
WillingToPay,2,,多少钱,1,
故意岔开话题,3,109,提现,3,
请求等下打来,3,104,在山上,1,1
请求等下打来,3,104,等我跟老板商量能预支工资不,1,
WillingToPay,1,,等几年,1,
WillingToPay,1,,你们有人威胁我,109,
WillingToPay,2,,噪音太大了,103,1
WillingToPay,2,,我过10分钟给你回电话,104,
WillingToPay,1,,还没有发工资,1,
WillingToPay,2,,你是谁呀,107,
请求等下打来,3,104,现在忙没空,3,
WillingToPay,1,,别巴巴拉拉的,1,
WillingToPay,2,,我现在借钱,1,
请求等下打来,3,104,现在信号不好，一会再说,3,
WillingToPay,2,,不能,1,
WillingToPay,0,,？,1,
WillingToPay,1,,不说话,1,
WillingToPay,1,,等等我自己查看看,104,1
WillingToPay,2,,想办法尽量吧,1,
WillingToPay,1,,我不缺钱，分分钟几百万,109,1
WillingToPay,1,,再说吧,1,
还款方式,3,108,我网银密码忘了,3,
还款方式,3,108,你把账号给我,3,
WillingToPay,0,,先出我就看看账单,1,1
WillingToPay,1,,你们是骗子吧,1,
WillingToPay,2,,我暂时没有,1,
WillingToPay,1,,不认识,109,
WillingToPay,1,,我现在忙，等会在打过来,104,
WillingToPay,2,,我等下联系你,104,
WillingToPay,0,,刚买的号码,1,
WillingToPay,2,,慢会儿空了再说。,104,
WillingToPay,1,,听不清,103,
还款方式,3,108,浪个弄？,3,
WillingToPay,1,,好的,0,
请求等下打来,3,104,雨下太大，没法去处理,3,
WillingToPay,1,,你报警嘛,1,
请求等下打来,3,104,我在骑车,3,
WillingToPay,2,,电话太吵了,109,1
WillingToPay,2,,正在想办法,1,
WillingToPay,2,,有可能吧,1,
WillingToPay,2,,我一会联系你,104,
请求等下打来,3,104,我再山上,104,1
故意岔开话题,3,109,干你们这行工资高不,3,
WillingToPay,2,,撞人了,109,
WillingToPay,0,,10打工资,1,
WillingToPay,0,,我不还了,1,
WillingToPay,0,,行会尽快的,0,
WillingToPay,2,,再扣点就马上还。,2,
WillingToPay,2,,要不你等会再打，我现在有事,104,
请求等下打来,3,104,我现在在忙能等半小时吗，,3,
请求等下打来,3,104,现在忙没时间,3,
回问身份,3,107,我猜你是打错了,1,
WillingToPay,0,,好，你可以接受现金支票吗？,108,
WillingToPay,2,,什么时候的事,1,
WillingToPay,0,,不行,1,
WillingToPay,2,,不能,1,
WillingToPay,2,,要一次性全部还清,1,1
WillingToPay,0,,我想想办法,1,
WillingToPay,0,,还要再等等,1,
模糊确认,3,106,好叻,0,
WillingToPay,2,,有什么事,103,1
WillingToPay,2,,我先砸吃饭都是问题没钱还贷款,1,
WillingToPay,2,,你说了算,1,1
还款方式,3,108,没人给我还款账号啊,3,
请求等下打来,3,104,等我躲过了这场洪水再说吧,3,
WillingToPay,2,,晚上联系你,104,
还款方式,3,108,明天朋友就换我钱了,106,
WillingToPay,2,,上面有答案,109,
WillingToPay,1,,在打官司,1,
WillingToPay,2,,有什么事,103,
请求等下打来,3,104,我的电话没电了，再联系,3,
故意岔开话题,3,109,你打错了,1,
WillingToPay,2,,等等的,1,1
WillingToPay,1,,朋友钱没给我,1,
WillingToPay,0,,我想办法周转,1,
WillingToPay,2,,为什么打我家人电话,109,
WillingToPay,0,,破产还不起了,1,
WillingToPay,2,,说的啥子,103,
WillingToPay,2,,你说什么听不懂,1,
WillingToPay,2,,钱还没到账,1,
WillingToPay,0,,不认识,109,
WillingToPay,2,,我也不能确定,1,
WillingToPay,1,,在银行,0,1
WillingToPay,2,,现在没有太多，想处理部分,2,
WillingToPay,2,,又不是不还,1,
请求等下打来,3,104,我要工作了,3,
请求等下打来,3,104,下班以后再联系，,3,
WillingToPay,1,,现在资金链断了！,1,
WillingToPay,1,,关你什么事啊,1,
WillingToPay,2,,我去申请,1,1
WillingToPay,2,,利息太高了.处理不了,1,
WillingToPay,2,,你那边声音太大，听不到你说怎么,103,
WillingToPay,1,,等等,104,
WillingToPay,0,,我想办法,1,
WillingToPay,2,,利息高,1,
WillingToPay,0,,不缺钱,1,
WillingToPay,2,,想处理，但是身上没钱,1,
WillingToPay,2,,等我开资的,1,
WillingToPay,2,,我现在有事,104,
WillingToPay,1,,刚还了信用卡,1,
还款方式,3,108,我可以支付宝嘛,3,
WillingToPay,1,,不能,1,
WillingToPay,2,,我尽量,1,
WillingToPay,2,,在忙等会再说,104,
WillingToPay,2,,嗯嗯，好的,0,
WillingToPay,2,,你说什么,103,
WillingToPay,2,,马上处理,0,
请求等下打来,3,104,我忙了,3,
WillingToPay,0,,我忘记了没处理！,1,
WillingToPay,1,,孩子上学花钱,1,
WillingToPay,2,,这段时间在告诉上，下高速在说,104,
WillingToPay,1,,不能,1,
WillingToPay,1,,金额太高了,1,
WillingToPay,1,,我在哪里的欠款,1,
WillingToPay,2,,我最近在老家,1,
WillingToPay,1,,不一定,1,
WillingToPay,1,,明天再谈,104,
WillingToPay,2,,高利贷,1,
WillingToPay,0,,等等，我在和朋友要钱！,1,
WillingToPay,0,,不认识,109,
还款方式,3,108,在哪还,3,
WillingToPay,1,,你们是高利贷,1,
请求等下打来,3,104,在少点,,
请求等下打来,3,104,现在忙,1,
WillingToPay,2,,太吵了,103,
请求等下打来,3,104,线路问题,3,
WillingToPay,2,,等会,104,
模糊确认,3,106,我需要考虑考虑,1,
WillingToPay,2,,现在不方便接听,104,
WillingToPay,1,,行的，可以,0,
WillingToPay,1,,骗子,1,
WillingToPay,2,,银行已经关门，我过段时间在处理，,1,
WillingToPay,1,,我不知道这是,109,
WillingToPay,2,,到时间你联系我,104,3
WillingToPay,0,,减免还,2,
WillingToPay,2,,什么东西？在说一遍,103,
WillingToPay,1,,在给我两天时间好吗？,0,1
故意岔开话题,3,109,今天我很帅,3,
WillingToPay,1,,我很忙，以后再打吧,104,
WillingToPay,0,,我现在就还，能减免点吗,2,
WillingToPay,2,,好像能把,106,
请求等下打来,3,104,等我下高速的,3,
模糊确认,3,106,行，你放一万个心,0,
回问身份,3,107,我怎么可能借钱,1,
WillingToPay,1,,知道了,106,
WillingToPay,1,,不说话,1,
WillingToPay,1,,失业了,1,
WillingToPay,2,,家人都不帮,1,
WillingToPay,2,,我挂了,1,
WillingToPay,1,,不处理了,1,
WillingToPay,0,,恩,106,
WillingToPay,1,,不要,1,
模糊确认,3,106,能筹到钱吧,3,
WillingToPay,2,,可以分开还吗,1,
WillingToPay,2,,你说话听不清啊,103,
WillingToPay,1,,银行卡丢了,1,
请求重复,3,103,信号不好的,3,
模糊确认,3,106,知道了,3,
WillingToPay,2,,你说拨打的用户，无法接通,1,
WillingToPay,2,,有事，现在忙,104,
WillingToPay,0,,自己在app还,0,
WillingToPay,2,,给其压力,109,
请求等下打来,3,104,没有时间,109,
WillingToPay,2,,你说什么,103,
WillingToPay,0,,欠钱怎么可能不还？,106,
WillingToPay,1,,卡里有钱你们不扣怪谁,0,
请求重复,3,103,什么意思？,3,
WillingToPay,2,,贷款没下来,1,
WillingToPay,0,,听不懂,1,
WillingToPay,1,,好的,0,
请求等下打来,3,104,我在上班下班聊,3,
WillingToPay,2,,金额太高，我一次性还不了的，你们看着办吧,1,
WillingToPay,1,,别人弄的，,1,
WillingToPay,2,,没得时间理你。,1,
WillingToPay,1,,过两天,1,
WillingToPay,0,,催啥子哦，我又没说我不换,1,
WillingToPay,1,,被人骗了,1,
WillingToPay,1,,不还太高了,1,
其它通讯方式,3,105,光脚的不怕穿鞋的,1,
请求重复,3,103,分太大，没听清,103,
WillingToPay,2,,听不见，你说话,103,
WillingToPay,0,,会得，会得。,0,
WillingToPay,2,,你还是挂电话吧,1,
WillingToPay,2,,我会还的,0,
WillingToPay,1,,处理不上,1,
故意岔开话题,3,109,小生的花伞还落在你家,3,
WillingToPay,0,,明天,0,
请求重复,3,103,没听清,3,
WillingToPay,2,,我现在没空,104,
WillingToPay,1,,在开会,104,
WillingToPay,2,,我在想办法,1,
WillingToPay,2,,帮你申请债务重组,109,
WillingToPay,2,,我过20分钟给你回电话,104,
WillingToPay,0,,你打错了,1,
WillingToPay,1,,知道,106,
WillingToPay,1,,不能,1,
故意岔开话题,3,109,多摆一盘？,3,
WillingToPay,2,,看看再说,1,
WillingToPay,1,,找我律师,105,
WillingToPay,1,,我有钱再还！,1,
WillingToPay,0,,我没折贷款,1,
WillingToPay,0,,明天,0,
WillingToPay,1,,行没问题,0,
WillingToPay,2,,我尽量,1,
WillingToPay,2,,不想还,1,
WillingToPay,1,,我去想想办法,1,
WillingToPay,0,,我知道了,106,
请求等下打来,3,104,我等会再联系你；这里信号不好；稍后联系,3,
请求等下打来,3,104,有时间找我,3,
WillingToPay,0,,不认识,1,
WillingToPay,1,,不一定的,1,
WillingToPay,2,,我请不到假,1,
WillingToPay,2,,你那边太吵，听不清。,103,
WillingToPay,2,,骂人,1,
WillingToPay,2,,我就不给,1,
WillingToPay,2,,不晓得喃,1,
WillingToPay,1,,以前一直在还就这个月遇到点事,1,
WillingToPay,2,,好，我知道了,0,
WillingToPay,2,,没工作,1,
还款方式,3,108,我的银行卡被冻结了,1,
WillingToPay,2,,过几天再联系吧,104,
WillingToPay,0,,明天,0,
WillingToPay,2,,风太大,1,
模糊确认,3,106,我不确定,1,
WillingToPay,2,,我现在借不到了,1,
WillingToPay,2,,明天打我电话,104,
WillingToPay,0,,下个月,0,
WillingToPay,2,,现在忙，等下我自己还,0,
模糊确认,3,106,好的,0,
WillingToPay,0,,，。,1,
WillingToPay,0,,嗯，我知道了。,106,
WillingToPay,1,,金额太高了,1,
请求重复,3,103,信号不好，听不清,3,
WillingToPay,0,,？,1,
请求重复,3,103,雷太大，听不清,3,
故意岔开话题,3,109,你的背包，背到现在还没烂,3,
WillingToPay,2,,工资拖欠没发，发了我立马处理！,1,
WillingToPay,2,,是什么原因没还你心里没点数吗,1,
WillingToPay,1,,听不懂,1,
WillingToPay,1,,我在哪的欠款,1,
WillingToPay,0,,嗯嗯,106,
WillingToPay,2,,在开会，稍后联系你,104,
WillingToPay,1,,听不见,103,
请求重复,3,103,信号不好，没听清,3,
WillingToPay,0,,到时联系,1,
WillingToPay,1,,你是不是有病，隔壁四医院看看,1,
WillingToPay,0,,现在没钱,1,
还款方式,3,108,红旗连锁能还吗？,3,
WillingToPay,2,,还不了,1,
还款方式,3,108,还是还到上次那个账号吗？,3,
WillingToPay,2,,找时间详谈吧,1,
故意岔开话题,3,109,最近球赛还有点好看，买彩票没？,3,
请求重复,3,103,信号不好了,3,
WillingToPay,2,,不知道,1,
WillingToPay,1,,我父母过世了,109,
请求等下打来,3,104,我在开车，稍后联系。,3,
WillingToPay,2,,太吵,103,
WillingToPay,1,,昨天说还的，干嘛还联系我家人,1,
请求等下打来,3,104,我等会就去,0,
WillingToPay,0,,我有钱了,1,
WillingToPay,1,,你们抓我吧,1,
WillingToPay,0,,等我有钱就处理,1,
请求等下打来,3,104,和朋友在一起，不方便,3,
WillingToPay,2,,等会打给我,104,
WillingToPay,2,,金额太高,1,
WillingToPay,2,,有困难,1,
WillingToPay,1,,下辈子一定还。,1,
WillingToPay,2,,你见过我的小熊吗？,109,
WillingToPay,2,,工程款没有下来,1,
WillingToPay,2,,明天再说,104,
WillingToPay,2,,你大点声,103,
WillingToPay,1,,不认识,109,
请求等下打来,3,104,你说拨打的用户，他,109,
WillingToPay,1,,你不是已经说过了吗肯定会还的,1,
WillingToPay,1,,工作人员态度不好,109,
WillingToPay,0,,OKOK,0,
其它通讯方式,3,105,怎么可能还清？,1,
WillingToPay,2,,我欠了好多家银行钱,1,
WillingToPay,1,,过两月我有个工程款下来就还,0,
WillingToPay,2,,月底前给你答复,1,
WillingToPay,2,,我回头问问我朋友,1,
WillingToPay,0,,我等会,104,1
WillingToPay,1,,我工资没到账,1,
WillingToPay,2,,金额接受不了,1,
请求等下打来,3,104,我在医院我母亲生病,1,
WillingToPay,2,,一次性处理不了,1,
WillingToPay,1,,不认识,109,
WillingToPay,1,,不明白,103,
WillingToPay,2,,欠款太多,1,
WillingToPay,2,,下周再说,1,
WillingToPay,2,,我等工资下来得,1,
请求等下打来,3,104,我过四小时给你回电话,3,
WillingToPay,2,,有事先挂了,1,
WillingToPay,2,,能不能过段时间再还啊，现在没钱,1,
WillingToPay,0,,。,1,
WillingToPay,0,,发工资再说,1,
WillingToPay,2,,你说什么，听不清,103,
WillingToPay,1,,我想办法,1,
模糊确认,3,106,要得，我知道,3,
WillingToPay,1,,我想办法,1,
WillingToPay,1,,时间长点,1,
WillingToPay,0,,等找到工作的,1,
WillingToPay,1,,为什么骚扰我家人,1,
请求等下打来,3,104,我没空现在,3,
模糊确认,3,106,知道再处理,3,
WillingToPay,2,,等我办好卡的再说,1,
WillingToPay,1,,应该做不到,1,
请求等下打来,3,104,一会联系,3,
WillingToPay,0,,微信转给你们吧,0,
WillingToPay,2,,一个人承担太难,1,
WillingToPay,1,,我在去银行的路上,0,
故意岔开话题,3,109,什么时候没有联系啊,3,
WillingToPay,2,,我在开会,104,
WillingToPay,2,,不好意思我没听清,103,
WillingToPay,1,,过来撒,108,
故意岔开话题,3,109,地震了,3,
WillingToPay,2,,我发洪水了,109,
还款方式,3,108,我还到哪里,3,
WillingToPay,0,,我钱够,106,
WillingToPay,1,,不要打电话了，会还的,0,
WillingToPay,0,,利息太高了,1,
请求等下打来,3,104,我现在没空,3,
请求等下打来,3,104,我忙完了给你回电话,3,
请求等下打来,3,104,下午联系我,3,
WillingToPay,0,,尽量吧,1,
WillingToPay,1,,金额太高了。,1,
WillingToPay,1,,利息太高,1,
WillingToPay,2,,行，我明天处理,0,
故意岔开话题,3,109,能用的钱有多少,3,
WillingToPay,0,,土豪,1,
WillingToPay,2,,我在忙，过会联系,104,
WillingToPay,1,,能再贷点吗,1,
WillingToPay,2,,再说吧,1,
WillingToPay,0,,听不见,103,
请求等下打来,3,104,在忙，等会联系你,3,
请求等下打来,3,104,我等会联系你,3,
WillingToPay,2,,发工资的,1,
WillingToPay,2,,你谁啊,107,
WillingToPay,1,,过段时间处理,1,
模糊确认,3,106,我要和家里人商量下再说,1,
WillingToPay,2,,在山上,109,
WillingToPay,2,,可以的,0,
请求重复,3,103,你说慢一点,3,
请求等下打来,3,104,明天的吧,0,
WillingToPay,0,,我让别人给你打过去,0,
请求重复,3,103,我在乡下信号不好,3,
WillingToPay,2,,晚上我打你电话,104,
WillingToPay,2,,我现在没钱，发工资还,1,
WillingToPay,2,,不减不还！,2,
WillingToPay,2,,财产都被执行了,1,
WillingToPay,2,,金额太高，,1,
WillingToPay,0,,还钱是不可能的，这辈子都不可能,1,
WillingToPay,2,,你们利息太高，,1,
WillingToPay,1,,你等我想想再回复你,106,
WillingToPay,1,,在医院,109,
请求等下打来,3,104,我稍后回给你,3,
WillingToPay,1,,不说话,1,
WillingToPay,1,,最近忙,1,
WillingToPay,0,,明天下午5点前,0,
WillingToPay,2,,让你们主管找我，给我减成本金，我就考虑还,2,
WillingToPay,2,,我朋友在,109,
WillingToPay,2,,滞纳金是什么啊，我没钱给,1,
WillingToPay,2,,放心会还的,0,
WillingToPay,2,,我在高速上，下高速就还,0,
WillingToPay,2,,现在没有工作还不上减点利息,1,
WillingToPay,2,,不认识,109,
WillingToPay,0,,我父母过世了,109,
WillingToPay,1,,不说话,1,
WillingToPay,1,,你等我考虑一下吧,106,
WillingToPay,1,,我在山里,109,
WillingToPay,2,,等等,106,
WillingToPay,2,,我下班联系你,104,
WillingToPay,2,,再说吧,1,
WillingToPay,1,,没有这么多钱，我在想想办法,1,
WillingToPay,0,,答应你的我一定会做到,106,
WillingToPay,2,,我在打官司，工程款拿来就还,1,
WillingToPay,1,,尽快,106,
WillingToPay,1,,钱打到卡，我联系你,104,
请求等下打来,3,104,我先洗个澡,3,
WillingToPay,0,,现在没时间，去去去,1,
WillingToPay,0,,可以相信,109,
故意岔开话题,3,109,答案跟问题三一样的,3,
WillingToPay,2,,这里信号不好，等会说,104,
WillingToPay,1,,我在卖房子，等我房子卖了的,1,
请求等下打来,3,104,我空了联系,3,
WillingToPay,0,,我跟家人商量,106,
WillingToPay,2,,能少点还吗,1,
WillingToPay,1,,这个时间内，肯定有问题,1,
模糊确认,3,106,再说吧,1,
WillingToPay,0,,我父母过世了,109,
WillingToPay,0,,正向朋友借钱,1,
还款方式,3,108,怎么转给你们,3,
WillingToPay,2,,看情况吧,1,
WillingToPay,2,,钱不够,1,
WillingToPay,2,,好的,0,
请求等下打来,3,104,晚上说,3,
请求等下打来,3,104,我在处理一些事情稍等,3,
WillingToPay,2,,应该没问题,106,
WillingToPay,0,,可以嘛,0,
请求等下打来,3,104,我过10分钟给你回电话,3,
故意岔开话题,3,109,难回首,3,
WillingToPay,1,,在借钱,1,
WillingToPay,1,,有,106,
WillingToPay,2,,我有钱就去还,1,
WillingToPay,2,,听不清楚,103,
WillingToPay,2,,过段时间处理,1,
WillingToPay,2,,不一定,1,
WillingToPay,2,,改天请你吃饭，打个折晒,1,
WillingToPay,1,,这个金额太高了,1,
WillingToPay,1,,听不见,1,
WillingToPay,2,,等我有钱处理,1,
WillingToPay,0,,估计要三五个月的,0,
WillingToPay,2,,我哪知道啊，钱是朋友帮我借的！,104,
WillingToPay,2,,我等会找你,104,
WillingToPay,1,,别烦我,1,
WillingToPay,1,,我发工资就会还的,1,
WillingToPay,1,,你们是抢钱,1,
WillingToPay,2,,我尽力吧,106,
WillingToPay,1,,三天以内有点困难,1,
WillingToPay,0,,哈哈,109,
WillingToPay,2,,破产了,1,
WillingToPay,2,,知道,106,
WillingToPay,0,,明天哦,0,
WillingToPay,1,,不能,1,
WillingToPay,0,,不认识,109,
WillingToPay,2,,信号不好听不到,104,
WillingToPay,2,,微信联系我现在忙,105,
WillingToPay,2,,等等联系,104,
WillingToPay,2,,没有钱,1,
请求等下打来,3,104,开车,3,
WillingToPay,2,,我什么时候有钱什么时候还,1,
WillingToPay,2,,有钱了一定第一时间处理,1,
WillingToPay,2,,开会,104,
请求等下打来,3,104,现在接一下,109,
请求重复,3,103,你说什么？听不清楚,103,
WillingToPay,0,,嗯,106,
WillingToPay,2,,钱没到位,1,
WillingToPay,2,,赌博欠了一屁股债,1,
WillingToPay,2,,钱借钱,1,
WillingToPay,0,,我这里问问朋友有没有手机银行,108,
WillingToPay,0,,。,1,
WillingToPay,2,,不还,1,
请求重复,3,103,说什么听不懂,3,
WillingToPay,0,,不可以,1,
WillingToPay,2,,在开会，待会联系你,104,
WillingToPay,2,,你和银行里边有讨价还价的机会吗？哦,1,
WillingToPay,2,,征信都黑了还什么还,1,
请求重复,3,103,信号不好,3,
WillingToPay,2,,马上处理,0,
WillingToPay,0,,等借朋友的钱到账了,1,
请求等下打来,3,104,我旁边有人,3,
请求等下打来,3,104,等我忙完,3,
WillingToPay,2,,我会筹到钱联系你,1,
WillingToPay,0,,不超过八点,0,
WillingToPay,2,,额,106,
WillingToPay,1,,没得门。,1,
WillingToPay,0,,现在没钱，有钱肯定还,1,
WillingToPay,1,,我不知道你再说什么,104,
WillingToPay,2,,提前打电话给你,1,
WillingToPay,0,,现在手头有点紧，可能要到月底才能还,0,
WillingToPay,0,,兄弟你谁啊,107,
WillingToPay,2,,等发工资再说吧,1,
WillingToPay,1,,放狗咬你,1,
WillingToPay,2,,这钱怎么不对啊,1,
请求等下打来,3,104,等我好好想想再,3,
WillingToPay,2,,你等我待会联系你,104,
WillingToPay,2,,没听清楚,103,
WillingToPay,2,,爆我通讯录给个说法,1,
WillingToPay,1,,我在新疆没回家,1,
WillingToPay,2,,不知道,1,
WillingToPay,2,,资金还没到位。,1,
WillingToPay,2,,金额太高，我想想办法,1,
WillingToPay,2,,想办法去借,1,
WillingToPay,0,,能不能减免啊,1,
WillingToPay,1,,等我工程款下来就还,1,
请求等下打来,3,104,等我和家里联系一下再说,3,
WillingToPay,1,,现在忙，没时间。,1,
故意岔开话题,3,109,你发工资了没有,109,
WillingToPay,1,,给我点时间我去借钱,1,
WillingToPay,1,,恩,106,
请求等下打来,3,104,我们老板来了，我挂了,3,
WillingToPay,2,,你是谁,107,
WillingToPay,1,,你等我跟家里商量一下吧,104,
还款方式,3,108,可以去银行当面交易吗,3,
WillingToPay,2,,到时候尽量处理点,1,
WillingToPay,1,,抱歉,106,
WillingToPay,0,,嗯，下周给你,0,
WillingToPay,1,,我工程款下来就还！,1,
WillingToPay,2,,哥，帮帮忙，我真的没钱了！,1,
WillingToPay,2,,不认识,109,
WillingToPay,1,,我知道了，我会还的,0,
WillingToPay,1,,信号不好，没听清,103,
请求等下打来,3,104,马上回来,3,
WillingToPay,1,,不好办,1,
请求等下打来,3,104,待会回你电话,3,
WillingToPay,2,,凭本事借的，为什么要还,1,
WillingToPay,2,,地震了,109,
WillingToPay,2,,在海里,109,
WillingToPay,2,,住院了，比较困难,1,
WillingToPay,2,,等会再说,104,
WillingToPay,1,,不妥,1,
WillingToPay,2,,我现在有事,104,
WillingToPay,2,,如果老板不拖欠马上还,1,
WillingToPay,1,,信号不好,103,
WillingToPay,0,,到时候你提前给我打电话说一声,1,？
WillingToPay,0,,？,1,
WillingToPay,2,,周转不灵,1,
WillingToPay,0,,能少点吗,1,
WillingToPay,2,,我上有老，下有小，可不可以宽限几天,1,
WillingToPay,1,,你来告我吧,1,
WillingToPay,0,,逾期多久了,1,
WillingToPay,0,,你怎么才打电话，一直联系不上你们,106,
WillingToPay,1,,在高速,109,
WillingToPay,1,,现在是多少，等涨到多少再还,1,
WillingToPay,2,,利息高，还不了,1,
WillingToPay,2,,你们说话慢点啊,103,
请求等下打来,3,104,你说拨打的用户，无法接听你的电话,1,
还款方式,3,108,还款路径？,3,
模糊确认,3,106,回头我算算再说,1,
WillingToPay,0,,不认识,109,
WillingToPay,1,,时间可以再长一点吗,1,
WillingToPay,0,,不认识,109,
WillingToPay,2,,朋友说转我后,1,
WillingToPay,1,,哪里有钱还你哦,1,
WillingToPay,2,,利息高,1,
WillingToPay,0,,不认识,109,
WillingToPay,2,,相信你,109,
WillingToPay,1,,你语文老师谁教的？听不懂人话吗？,109,
WillingToPay,2,,你猜我是不是,109,
WillingToPay,2,,等一下,104,
WillingToPay,0,,要不了那么长时间,0,
WillingToPay,0,,等我下班后处理,0,
WillingToPay,1,,有钱会处理,1,
WillingToPay,1,,这个不是我说了算的，我也想马上还进去,1,
WillingToPay,1,,明白,106,
WillingToPay,1,,你帮我处理,109,1
WillingToPay,2,,知道了,106,
WillingToPay,2,,去抓我吧,1,
WillingToPay,0,,到时候联系你,1,1
WillingToPay,1,,听不清,103,
请求等下打来,3,104,现在在忙,3,
WillingToPay,2,,现在没钱,1,
WillingToPay,0,,钱太多,1,
WillingToPay,2,,下班联系,104,
WillingToPay,2,,说什么,1,1
WillingToPay,2,,我朋友钱没还给我,1,
WillingToPay,2,,过几天,1,
WillingToPay,1,,工程款没下来,1,
WillingToPay,2,,太贵了,1,
WillingToPay,2,,我问过律师了，我是可以只还我应该还的金额,1,
WillingToPay,0,,我现在上班，没办法处理,1,
WillingToPay,0,,我暂时没那么多,1,
WillingToPay,2,,我没折贷款,1,
WillingToPay,2,,你上班了吗？,109,
WillingToPay,2,,没这么多钱，你们给个最低还款标准吧,1,
回问身份,3,107,这个号码我才换的,109,
请求等下打来,3,104,待会联系,3,
WillingToPay,1,,跟你有关系吗,1,
WillingToPay,2,,不行，以后再说,1,
WillingToPay,0,,。,1,
WillingToPay,0,,我父母过世了,109,
WillingToPay,2,,你等下发个信息给我,105,
还款方式,3,108,怎么还款？,3,
WillingToPay,0,,我父母过世了,109,
模糊确认,3,106,行,0,
请求重复,3,103,这里信号不好,3,
WillingToPay,0,,谢谢你,106,
WillingToPay,1,,利息能少点吗？我想想办法凑一下！,1,
WillingToPay,2,,听不到,103,
WillingToPay,2,,我在开车，到家说,104,
WillingToPay,2,,等我发工资的,1,
WillingToPay,2,,我抽时间过来，,1,
WillingToPay,1,,你从卡里扣就行了,0,
请求重复,3,103,你们是什么公司，滞纳金要这么多，你们有合同吗？给我看下,107,
WillingToPay,0,,那好吧,106,
请求等下打来,3,104,我在工作,3,
WillingToPay,1,,又不是不还，又打电话,1,
请求等下打来,3,104,你说拨打的用户，无法接通,3,
WillingToPay,1,,知道了,106,
模糊确认,3,106,知道了,3,
WillingToPay,2,,太高了，我是不会还这个金额的,1,
WillingToPay,2,,呵呵,1,
WillingToPay,2,,没听明白？,103,
WillingToPay,1,,有钱我会处理的,1,
WillingToPay,0,,你把信息发我手机上,105,
请求等下打来,3,104,我有事,3,
WillingToPay,2,,钱没有到账,1,
WillingToPay,0,,嗯嗯·,106,
WillingToPay,1,,这个时间内，问题大了,1,
WillingToPay,2,,在山上,109,
WillingToPay,0,,等回去,104,
故意岔开话题,3,109,坐牢才出来,109,
WillingToPay,2,,有困难,1,
WillingToPay,1,,朋友说帮我凑点的,1,
WillingToPay,2,,确定可以处理吗？,1,
WillingToPay,2,,凭本事借的，干嘛要还,1,
WillingToPay,1,,发工资还,1,
WillingToPay,2,,说的什么,103,
请求等下打来,3,104,他本人不在我帮你问一下吧,104,
WillingToPay,2,,会还的,1,
WillingToPay,2,,别人欠我钱,1,
WillingToPay,2,,明白了,106,
WillingToPay,2,,不认识,109,
请求等下打来,3,104,我过50分钟给你回电话,3,
请求等下打来,3,104,有事，现在忙,3,
WillingToPay,1,,手头有点紧,1,
WillingToPay,2,,有人来了，不方便,104,
WillingToPay,1,,给我时间在宽裕点,1,
WillingToPay,2,,吃饭都不够,1,
WillingToPay,2,,不可以,1,
WillingToPay,2,,可以打折不,1,
WillingToPay,2,,你说拨打的用户，他,1,
WillingToPay,2,,不要再打了，还不上,1,
WillingToPay,2,,我不知道明天工资能不能发,1,
WillingToPay,1,,在火车上,109,
WillingToPay,2,,没钱,1,
WillingToPay,0,,把对公账户给我,108,1
WillingToPay,2,,等下再聊,104,
WillingToPay,2,,不能,1,
WillingToPay,1,,不认识,109,
WillingToPay,2,,不说话,1,
WillingToPay,0,,我有钱了就还。,1,
WillingToPay,1,,会还，需要3年,1,1
WillingToPay,1,,我子安在没时间,109,
请求等下打来,3,104,等我下班,3,
WillingToPay,2,,你们利息太高了,1,
WillingToPay,0,,我一会看看我的APP,1,
WillingToPay,2,,套股票里了,1,
WillingToPay,1,,行了，我知道，我会还的,0,
WillingToPay,0,,怎么还款的呢,108,
WillingToPay,2,,哪个哦？,107,
WillingToPay,0,,可以分期减免吗,1,
其它通讯方式,3,105,不清楚,109,
还款方式,3,108,能再缓几天可以不,1,
WillingToPay,0,,银行卡丢了,1,
WillingToPay,1,,我在国外,109,
WillingToPay,2,,我晚上联系你,104,
WillingToPay,2,,这个钱。我待会联系你，,104,
WillingToPay,1,,我发誓19就行,0,
WillingToPay,0,,我有钱再还！,1,
WillingToPay,1,,还，拿命来还，拿去嘛！,1,
WillingToPay,0,,在拍队,109,
WillingToPay,2,,实在困难,1,
WillingToPay,2,,投资失败,1,
WillingToPay,1,,有钱我就还,1,
WillingToPay,0,,我在上班,104,
请求重复,3,103,没听清楚,3,
WillingToPay,2,,不认识,109,
WillingToPay,2,,晚上再说,109,
WillingToPay,1,,我看你是没睡醒,1,
WillingToPay,2,,我知道了,106,
WillingToPay,2,,到时候联系你,1,1
WillingToPay,2,,可以,0,
请求等下打来,3,104,现在已经晚上10点，你们不下班吗,109,
模糊确认,3,106,好，我想想办法，正好最近性情好，办法总是容易想出来,106,
WillingToPay,2,,遇到困难了,1,
WillingToPay,2,,知道了,106,
还款方式,3,108,你们有还钱流程么？,3,
WillingToPay,2,,一会联系,104,
WillingToPay,1,,钱太多了,1,
WillingToPay,0,,信号不好，没听清,103,
WillingToPay,0,,除了钱，我什么都没了,109,
WillingToPay,2,,在干活,1,
请求重复,3,103,有有,106,
请求等下打来,3,104,待会联系，忙,3,
WillingToPay,1,,到时再说,1,
请求等下打来,3,104,等会联系,3,
WillingToPay,2,,不想还,1,
WillingToPay,1,,ok,0,
WillingToPay,2,,看看吧,106,
WillingToPay,2,,后天再说,1,
WillingToPay,0,,。,1,
WillingToPay,0,,忙完处理,106,
WillingToPay,0,,这个钱不是我借的，他给我钱我在还！,1,
WillingToPay,2,,还不起,1,
WillingToPay,2,,我在上班，下班以后给你回电话,104,
WillingToPay,0,,我说了十号你别打电话了！,0,
WillingToPay,2,,晚上跟我联系,104,
WillingToPay,0,,出去了,109,
WillingToPay,2,,喂喂喂,103,
WillingToPay,0,,十天内,0,
故意岔开话题,3,109,莫名其妙的,109,
WillingToPay,0,,没工资,1,
WillingToPay,2,,我父母过世了,109,
WillingToPay,0,,等我有空在处理,1,
WillingToPay,1,,在外面要债,1,
WillingToPay,0,,嗯，我不是在赖账，有了就给你,1,
WillingToPay,2,,想看看自己还款明细,106,1
WillingToPay,2,,哈哈哈哈哈你们真搞笑,109,
WillingToPay,0,,今天天不错,109,
WillingToPay,0,,我今天没有时间,1,
WillingToPay,2,,你说什么，听不清楚,103,
WillingToPay,1,,来来来,106,
WillingToPay,2,,我不清楚！,1,
故意岔开话题,3,109,好漂亮,109,
WillingToPay,1,,你等我打客服问问再说,104,
WillingToPay,1,,朋友转的还没到,1,
WillingToPay,1,,输了300多万,109,
WillingToPay,0,,好的，我知道了！,0,
WillingToPay,2,,别闹,1,
WillingToPay,1,,朋友转的还没到,1,
故意岔开话题,3,109,一壶好酒,3,
请求重复,3,103,我幸好不好,3,
WillingToPay,1,,时间太急，不还,1,
WillingToPay,2,,你说什么,103,
WillingToPay,2,,你那边信号不好,103,
WillingToPay,1,,还是有点高没那么多钱,1,
WillingToPay,2,,有钱再还,1,
WillingToPay,2,,我又不是不还,1,
WillingToPay,1,,钱太多了,1,
WillingToPay,0,,能申请少还一点吗,1,
WillingToPay,2,,我不知道,1,
请求等下打来,3,104,我在外面,3,
故意岔开话题,3,109,大家联系,3,
请求等下打来,3,104,开会,3,
WillingToPay,2,,你爱人上班了吗？,109,
WillingToPay,2,,利息太高不还了,1,
WillingToPay,2,,我现在没工作,1,
WillingToPay,1,,不认识,109,
WillingToPay,2,,走开别烦我,1,
请求重复,3,103,俺这里信号不好,3,
WillingToPay,2,,我多少还多少,109,
WillingToPay,0,,这个金额太高了,1,
还款方式,3,108,可以支付宝吗,3,
WillingToPay,0,,嗯,106,
WillingToPay,0,,我马上发工资,1,
请求等下打来,3,104,我过30分钟给你回电话,3,
WillingToPay,2,,我过三小时给你回电话,104,
故意岔开话题,3,109,记得冲水费,3,
WillingToPay,2,,在开会，等会打过来,104,
WillingToPay,1,,看情况吧,1,
WillingToPay,1,,老板拖欠工资，说下个月一起发,1,
WillingToPay,2,,我先接个电话,104,
模糊确认,3,106,我想一下,3,
WillingToPay,2,,不说话,1,
WillingToPay,1,,等工程款结了就还,1,
WillingToPay,2,,后年再说,0,
WillingToPay,2,,我到时候联系你把,1,
WillingToPay,2,,你声音挺好听的,109,
WillingToPay,2,,我借到就处理,1,
WillingToPay,2,,我不还了,1,
WillingToPay,2,,我想想办法,106,
WillingToPay,2,,我现在没有那么多钱,1,
WillingToPay,2,,告知逾期的后果,1,1
WillingToPay,0,,钱掉了，也着急在找,1,
WillingToPay,0,,遇到困难了,1,
WillingToPay,0,,现在在弄,0,
WillingToPay,2,,我现在在路上。待会联系你,104,
WillingToPay,1,,等下说,104,
WillingToPay,2,,就不还，你能怎么样,1,
模糊确认,3,106,不急,1,
WillingToPay,1,,你抓到我去卖血嘛,1,
WillingToPay,1,,你们不是要起诉我的吗,1,
WillingToPay,1,,我等下就安排银行的行长还哈。,1,
WillingToPay,2,,工程款下来的,1,
WillingToPay,2,,手气不好，输钱，没钱还,1,
WillingToPay,2,,朋友钱还没给我,1,
请求等下打来,3,104,这边新号不好，等我联系你,3,
WillingToPay,0,,还像以前银行卡划扣还款吗,108,
WillingToPay,0,,能不能分期啊,1,
请求等下打来,3,104,我朋友在,3,
WillingToPay,2,,一下子拿不出来,1,
请求等下打来,3,104,明天联系我吧,3,
WillingToPay,0,,下个月房子卖了一次性还，不用你催的,0,
WillingToPay,2,,嗯，我知道了,106,
WillingToPay,0,,钱到位了联系你,106,
WillingToPay,2,,下星期一协商,1,
WillingToPay,2,,大哥，和领导申请一哈，多折点嘛。,1,
WillingToPay,2,,我刚从拘留所出来,1,
WillingToPay,2,,看发不发工资再说,1,
WillingToPay,1,,不处理了,1,
WillingToPay,1,,去你的滚你谁啊,107,
WillingToPay,1,,知道,106,
WillingToPay,2,,不能,1,
WillingToPay,2,,不说话,1,
故意岔开话题,3,109,没听他说过么～,3,
WillingToPay,1,,跟你家人借,1,
WillingToPay,1,,只能每月还500,1,
WillingToPay,2,,你说拨打的用户，无法接听你的电话,104,
WillingToPay,0,,想想办法,1,
WillingToPay,1,,金额太高拿不出来，我只能先还一点,1,
WillingToPay,1,,等我朋友钱给我的,1,
WillingToPay,2,,我没钱啊,1,
模糊确认,3,106,哎呀哈,109,
WillingToPay,1,,让其客服打电话要,105,
WillingToPay,2,,嗯，好的,0,
WillingToPay,1,,现在欠了几十万以后会还的,1,
WillingToPay,2,,我在上班，下班说,104,
WillingToPay,0,,我有钱哈,106,
WillingToPay,2,,工程款没下来,1,
WillingToPay,2,,我去借钱看看，借到就处理,1,
WillingToPay,2,,不想还,1,
故意岔开话题,3,109,气氛开始有一点尴尬,3,
WillingToPay,2,,他现在没有这么多钱,1,
WillingToPay,2,,回头我联系你,1,
还款方式,3,108,我现在有钱，但是不知道如何还,3,
故意岔开话题,3,109,答对有奖励,3,
WillingToPay,2,,假的,109,
WillingToPay,2,,金额太多,1,
模糊确认,3,106,还有时间,3,
故意岔开话题,3,109,股民朋友吗,3,
WillingToPay,0,,晓得，晓得。,106,
WillingToPay,2,,马上就好,0,
WillingToPay,1,,再说吧,1,
WillingToPay,2,,收到,106,
WillingToPay,2,,然后那,106,
WillingToPay,2,,忘记了,1,
请求等下打来,3,104,晚上联系,3,
WillingToPay,2,,不认识,109,
请求重复,3,103,信号不好听不清,3,
WillingToPay,1,,在山上,103,
WillingToPay,0,,确定,0,
WillingToPay,2,,不知道你在说什么,1,
WillingToPay,2,,之前工作人员骂我了,109,
WillingToPay,0,,我要等发工资的,1,
WillingToPay,2,,现在身上钱不够,1,
请求重复,3,103,没听清，再说一遍,3,
WillingToPay,2,,啥子喃？,103,
请求等下打来,3,104,开会,104,
WillingToPay,0,,你把账号发给我,108,
WillingToPay,2,,上班挣钱还,1,
WillingToPay,2,,之前一直有还款为什么要一次结清,1,
WillingToPay,2,,会还的,106,
WillingToPay,1,,别人欠钱我的钱要回来就还了,1,
WillingToPay,2,,我在开会，等下再说,104,
WillingToPay,1,,你说什么,103,
WillingToPay,2,,我现在只有这么多，能减我就还，不能就等我有钱再说吧,1,
WillingToPay,0,,等一下,109,1
WillingToPay,1,,不认识,109,
请求重复,3,103,我乡下的，信号不好！,3,
WillingToPay,2,,有没有办法商量,1,
WillingToPay,0,,好吧,0,
请求等下打来,3,104,下午给我联系吧,3,
WillingToPay,0,,你们是抢钱,1,
故意岔开话题,3,109,天天催啥子嘛！没得钱还！,1,
WillingToPay,2,,。,1,
请求等下打来,3,104,信号不好,103,
故意岔开话题,3,109,牛逼,3,
WillingToPay,2,,我这边信号差,103,
WillingToPay,1,,不一定能借到钱处理,1,
WillingToPay,2,,信号不好，听不见,103,
WillingToPay,0,,嗯嗯好的,0,
WillingToPay,2,,现在手头钱不够,1,
请求重复,3,103,在上班,104,
模糊确认,3,106,行没问题,0,
WillingToPay,0,,我在等工资,1,
模糊确认,3,106,可能,3,
WillingToPay,1,,我父母过世了,109,
WillingToPay,2,,大后天再说,1,1
WillingToPay,1,,我在开会，等会再说,104,
WillingToPay,2,,知道了,106,
WillingToPay,1,,我在海上,109,
WillingToPay,2,,考虑考虑,106,
WillingToPay,2,,知道了,106,
WillingToPay,2,,我这边信号不好。,103,
WillingToPay,2,,转账,108,
WillingToPay,2,,要还的钱有点高，低点可以不,1,
WillingToPay,2,,我出了点事,1,
WillingToPay,2,,我感冒了,109,
WillingToPay,2,,我过一个小时给你回电话,104,
WillingToPay,2,,你们说什么啊,103,
WillingToPay,2,,你们是高利贷,1,
