original_text,from,original_label,split_text
麻烦给我发个短信呢,其它通讯方式,105,麻烦 给我发 个 短信 呢
我们微信聊,其它通讯方式,105,我们 微信 聊
你有微信不？,其它通讯方式,105,你 有 微信 不 ？
加我微信吧,其它通讯方式,105,加 我 微信 吧
加微信吧,其它通讯方式,105,加微信 吧
加我微信,其它通讯方式,105,加 我 微信
我们见面仔细聊吧,其它通讯方式,105,我们 见面 仔细 聊 吧
发我邮箱,其它通讯方式,105,发 我 邮箱
加我Q,其它通讯方式,105,加 我 Q
你给我发到邮箱吧,其它通讯方式,105,你 给我发 到 邮箱 吧
加我qq,其它通讯方式,105,加 我 qq
不太方便，要不你加我 QQ 吧,其它通讯方式,105,不太 方便   要 不 你 加 我 QQ 吧
你有没有叮叮,其它通讯方式,109,你 有没有 叮叮
你好久空，我们面谈,其它通讯方式,105,你 好久 空   我们 面谈
你加我微信吧,其它通讯方式,105,你加 我 微信 吧
电话不方便得，价格微信说。,其它通讯方式,105,电话 不 方便 得   价格 微信 说 。
你把详情发我短信,其它通讯方式,105,你 把 详情 发 我 短信
你给我你的私人电话吧，我待会打给你聊,其它通讯方式,104,你 给 我 你 的 私人 电话 吧   我待会 打 给 你 聊
你给我发个短信,其它通讯方式,105,你 给我发 个 短信
加我QQ吧,其它通讯方式,105,加 我 QQ 吧
我们面谈吧,其它通讯方式,105,我们 面谈 吧
加我微,其它通讯方式,105,加 我 微
你把详细情况给我发到微信上吧,其它通讯方式,105,你 把 详细情况 给我发 到 微信 上 吧
你有微信么,其它通讯方式,105,你 有 微信 么
不太方便，要不你加我微信吧,其它通讯方式,105,不太 方便   要 不 你 加 我 微信 吧
Telegram好不好,其它通讯方式,105,Telegram 好不好
微信说,其它通讯方式,105,微信 说
还不起你又能把我怎样,其它通讯方式,110,还 不起 你 又 能 把 我 怎样
你加我QQ吧,其它通讯方式,105,你加 我 QQ 吧
咋们微信上说吧。,其它通讯方式,105,咋们 微信 上 说 吧 。
发我短信,其它通讯方式,105,发 我 短信
你打我另外这个电话，我们聊,其它通讯方式,105,你 打 我 另外 这个 电话   我们 聊
你有QQ不,其它通讯方式,105,你 有 QQ 不
加我飞信吧,其它通讯方式,105,加 我 飞信 吧
给我打短信,其它通讯方式,105,给 我 打 短信
加我谈谈,其它通讯方式,105,加 我 谈谈
我现在很忙，我们微信聊吧,其它通讯方式,105,我 现在 很 忙   我们 微信 聊 吧
加我企鹅号,其它通讯方式,105,加 我 企鹅 号
打我电话嘛,其它通讯方式,105,打 我 电话 嘛
加我微信，发给我,其它通讯方式,105,加 我 微信   发给 我
要不你加我QQ聊,其它通讯方式,105,要 不 你 加 我 QQ 聊
电话里面说不清，要不你加我 QQ,其它通讯方式,105,电话 里面 说不清   要 不 你 加 我 QQ
SKYPE有不有,其它通讯方式,105,SKYPE 有 不 有
qq说,其它通讯方式,105,qq 说
别加微信了，加了也没用,其它通讯方式,105,别加 微信 了   加 了 也 没用
我给你我的邮箱,其它通讯方式,105,我 给 你 我 的 邮箱
我微信给你，你加我下。,其它通讯方式,105,我 微信 给 你   你加 我 下 。
加我wechat吧,其它通讯方式,105,加 我 wechat 吧
你给我个QQ邮箱，我们发邮件说,其它通讯方式,105,你 给 我 个 QQ 邮箱   我们 发邮件 说
我在开会呢，先加我微信,其它通讯方式,105,我 在 开会 呢   先加 我 微信
加我陌陌,其它通讯方式,105,加 我 陌陌
我很忙，我加你微信吧,其它通讯方式,105,我 很 忙   我加 你 微信 吧
给我打电话,其它通讯方式,105,给 我 打电话
短信联系我吧,其它通讯方式,105,短信 联系 我 吧
你找我撒,其它通讯方式,101,你 找 我 撒
我这会不方便沟通，你加我qq,其它通讯方式,105,我 这会 不 方便 沟通   你加 我 qq
叮叮有没有,其它通讯方式,109,叮叮 有没有
电话里面说不清，要不你加我 QQ，我们在 QQ 里面聊,其它通讯方式,105,电话 里面 说不清   要 不 你 加 我 QQ   我们 在 QQ 里面 聊
要不你加我微信说,其它通讯方式,105,要 不 你 加 我 微信 说
微博上说,其它通讯方式,105,微博上 说
我直接电话联系你吧,其它通讯方式,105,我 直接 电话 联系 你 吧
我们skype上聊吧,其它通讯方式,105,我们 skype 上聊 吧
有什么事微信上说，电话不方便。,其它通讯方式,105,有 什么 事微 信上 说   电话 不 方便 。
你加我微信聊吧,其它通讯方式,105,你加 我 微信 聊 吧
加我whatsapp吧,其它通讯方式,105,加 我 whatsapp 吧
你们在成都哪里办公？,其它通讯方式,105,你们 在 成都 哪里 办公 ？
我们QQ聊,其它通讯方式,105,我们 QQ 聊
我在开车，你加我微信，等下聊,其它通讯方式,105,我 在 开车   你加 我 微信   等 下 聊
打我座机,其它通讯方式,105,打 我 座机
我加你QQ把,其它通讯方式,105,我加 你 QQ 把
给我发短信,其它通讯方式,105,给我发 短信
联系我爱人吧，手机号是**,其它通讯方式,105,联系 我 爱人 吧   手机号 是    
qq发给我吧,其它通讯方式,105,qq 发给 我 吧
电话里面说不清，要不你加我 QQ，我们在 QQ 里面聊这个事情,其它通讯方式,105,电话 里面 说不清   要 不 你 加 我 QQ   我们 在 QQ 里面 聊 这个 事情
加微信,其它通讯方式,105,加微信
你住哪儿，我下班来找你,其它通讯方式,105,你 住 哪儿   我 下班 来 找 你
我们约个时间面谈,其它通讯方式,105,我们 约个 时间 面谈
我们微信上沟通,其它通讯方式,105,我们 微信 上 沟通
电话说了我也记不住啊，加个微信吧。,其它通讯方式,105,电话 说 了 我 也 记不住 啊   加个 微信 吧 。
你们有办公地点么？我空了过去说,其它通讯方式,105,你们 有 办公 地点 么 ？ 我空 了 过去 说
我们飞信聊,其它通讯方式,105,我们 飞信 聊
你在微信上把详细的发给我,其它通讯方式,105,你 在 微信 上 把 详细 的 发给 我
打我另一个号码,其它通讯方式,105,打 我 另 一个 号码
你把所有信息通过微信发给我把,其它通讯方式,105,你 把 所有 信息 通过 微信 发给 我 把
你打我另外个电话,其它通讯方式,105,你 打 我 另外 个 电话
联系我助理吧,其它通讯方式,105,联系 我 助理 吧
聊一下,其它通讯方式,105,聊 一下
你发我一个短信，把计算公式和详情发过来一下,其它通讯方式,105,你 发 我 一个 短信   把 计算公式 和 详情 发过来 一下
电话里面说不清，要不你加我 QQ，我们在 QQ 里面聊这个事情，方便些,其它通讯方式,105,电话 里面 说不清   要 不 你 加 我 QQ   我们 在 QQ 里面 聊 这个 事情   方便 些
微信聊,其它通讯方式,105,微信 聊
你们公司在哪点，我过来,其它通讯方式,105,你们 公司 在 哪点   我 过来
我现在在外地出差,其它通讯方式,104,我 现在 在 外地 出差
回去QQ上和你说,其它通讯方式,105,回去 QQ 上 和 你 说
****，我的微信，加上说。,其它通讯方式,105,          我 的 微信   加上 说 。
你有百度帐号吗,其它通讯方式,105,你 有 百度 帐号 吗
加我米聊吧,其它通讯方式,105,加 我 米 聊 吧
加个微信，你给我发过来看看再说,其它通讯方式,105,加个 微信   你 给我发 过来 看看 再说
加我陌陌吧,其它通讯方式,105,加 我 陌陌 吧
你有Skype吗？,其它通讯方式,105,你 有 Skype 吗 ？
我们在qq上聊,其它通讯方式,105,我们 在 qq 上聊
我们约个地点面谈吧,其它通讯方式,105,我们 约个 地点 面谈 吧
微信上细聊,其它通讯方式,105,微信 上 细聊
联系我律师吧,其它通讯方式,105,联系 我 律师 吧
我想核对一下信息和金额，你微信给我,其它通讯方式,105,我 想 核对 一下 信息 和 金额   你 微信 给 我
电话里面说不清，要不你加我微信,其它通讯方式,105,电话 里面 说不清   要 不 你 加 我 微信
你们在哪里办公,其它通讯方式,105,你们 在 哪里 办公
等会我再联系你吧,其它通讯方式,104,等 会 我 再 联系 你 吧
你发邮件给我吧,其它通讯方式,105,你 发邮件 给 我 吧
有微信吗？,其它通讯方式,105,有 微信 吗 ？
要钱没有，要命一条,其它通讯方式,109,要钱 没有   要命 一条
你有没有微信呢？,其它通讯方式,105,你 有没有 微信 呢 ？
你们公司有座机么？,其它通讯方式,105,你们 公司 有 座机 么 ？
我们陌陌聊,其它通讯方式,105,我们 陌 陌聊
你打我座机,其它通讯方式,105,你 打 我 座机
微信好聊一点,其它通讯方式,105,微信 好 聊 一点
找个茶楼我们仔细聊一下,其它通讯方式,105,找个 茶楼 我们 仔细 聊 一下
你打我语音,其它通讯方式,105,你 打 我 语音
发我邮箱我看看,其它通讯方式,105,发 我 邮箱 我 看看
不晓得,其它通讯方式,110,不 晓得
微信拍个照片给我吧,其它通讯方式,105,微信 拍个 照片 给 我 吧
我们在微信上仔细聊一下吧,其它通讯方式,105,我们 在 微信 上 仔细 聊 一下 吧
电话里面说不清，要不你加我微信，我们在微信里面聊,其它通讯方式,105,电话 里面 说不清   要 不 你 加 我 微信   我们 在 微信 里面 聊
你私人号码是好多,其它通讯方式,105,你 私人 号码 是 好多
别电话里说了，经常接不到。,其它通讯方式,105,别 电话 里 说 了   经常 接 不到 。
我又不止借了你们一家公司,其它通讯方式,109,我 又 不止 借 了 你们 一家 公司
加我钉钉吧,其它通讯方式,105,加 我 钉 钉 吧
我不确认你的身份，你们公司有电话么？我要查一下,其它通讯方式,107,我 不 确认 你 的 身份   你们 公司 有 电话 么 ？ 我 要查 一下
我现在不方便，就这手机号，加我微信,其它通讯方式,105,我 现在 不 方便   就 这 手机号   加 我 微信
qq聊方便点,其它通讯方式,105,qq 聊 方便 点
我们找个咖啡厅仔细聊一下吧,其它通讯方式,105,我们 找个 咖啡厅 仔细 聊 一下 吧
你给我打字吧，我不好听语音,其它通讯方式,105,你 给 我 打字 吧   我 不好 听 语音
你那边有座机号嘛，我给你打过去呢,其它通讯方式,105,你 那边 有 座机 号 嘛   我 给 你 打 过去 呢
QQ截个图过来,其它通讯方式,105,QQ 截个 图 过来
电话里面说不清，要不你加我微信，我们在微信里面聊这个事情,其它通讯方式,105,电话 里面 说不清   要 不 你 加 我 微信   我们 在 微信 里面 聊 这个 事情
你电话好多,其它通讯方式,105,你 电话 好多
需要承担什么责任么,其它通讯方式,109,需要 承担 什么 责任 么
要不我们去茶楼聊一下？,其它通讯方式,105,要 不 我们 去 茶楼 聊 一下 ？
骚扰电话太多，加个微信说吧。,其它通讯方式,105,骚扰电话 太 多   加个 微信 说 吧 。
加我Skype吧,其它通讯方式,105,加 我 Skype 吧
我们约到星巴克见面说,其它通讯方式,105,我们 约 到 星巴克 见面 说
我们在飞信上仔细聊一下吧,其它通讯方式,105,我们 在 飞信 上 仔细 聊 一下 吧
视屏聊,其它通讯方式,105,视屏 聊
截图发给我,其它通讯方式,105,截图 发给 我
打我家里电话吧,其它通讯方式,105,打 我 家里 电话 吧
不清楚,其它通讯方式,109,不 清楚
手机微信给我截图发过来,其它通讯方式,105,手机 微信 给 我 截图 发过来
电话里面说不清，要不你加我微信，我们在微信里面聊这个事情，方便些,其它通讯方式,105,电话 里面 说不清   要 不 你 加 我 微信   我们 在 微信 里面 聊 这个 事情   方便 些
你手机好多,其它通讯方式,105,你 手机 好多
我们要不碰个面，理一下到底有多少钱,其它通讯方式,105,我们 要 不 碰个面   理 一下 到底 有 多少 钱
陌生电话我都不接，还是微信说吧。,其它通讯方式,105,陌生 电话 我 都 不接   还是 微信 说 吧 。
你有没有Skype呢？,其它通讯方式,105,你 有没有 Skype 呢 ？
你敢来见我么？,其它通讯方式,109,你 敢 来 见 我 么 ？
我们在QQ上仔细聊一下吧,其它通讯方式,105,我们 在 QQ 上 仔细 聊 一下 吧
qq聊,其它通讯方式,105,qq 聊
视屏吧，我看看你长啥样,其它通讯方式,105,视屏 吧   我 看看 你长 啥样
你给我发短信吧,其它通讯方式,105,你 给我发 短信 吧
发给我啊,其它通讯方式,105,发给 我 啊
手机可能没信号，短信联系我把,其它通讯方式,105,手机 可能 没 信号   短信 联系 我 把
我想仔细了解下，给你我的微信,其它通讯方式,103,我 想 仔细 了解 下   给 你 我 的 微信
我在开会，加个 QQ，待会聊,其它通讯方式,105,我 在 开会   加个 QQ   待会 聊
你微信好多,其它通讯方式,105,你 微信 好多
要不你报警抓我吧,其它通讯方式,109,要 不 你 报警 抓 我 吧
微信上把明细发给我看下,其它通讯方式,105,微信 上 把 明细 发给 我 看 下
别打我电话了，有时候接不到，加个微信说。,其它通讯方式,105,别打我 电话 了   有时候 接 不到   加个 微信 说 。
加我instagram吧,其它通讯方式,105,加 我 instagram 吧
你敢出来聊不？,其它通讯方式,105,你 敢 出来 聊 不 ？
我们在陌陌上仔细聊一下吧,其它通讯方式,105,我们 在 陌 陌上 仔细 聊 一下 吧
我等下回家，你打我座机,其它通讯方式,105,我 等 下 回家   你 打 我 座机
微信转你,其它通讯方式,105,微信 转 你
我现在很忙，你给我发邮件吧,其它通讯方式,105,我 现在 很 忙   你 给我发 邮件 吧
微信看哈,其它通讯方式,105,微信 看哈
你们能上门和我律师谈谈嘛,其它通讯方式,105,你们 能 上门 和 我 律师 谈谈 嘛
我的微信就是这个手机号，你加我吧，把详情发过来,其它通讯方式,105,我 的 微信 就是 这个 手机号   你加 我 吧   把 详情 发过来
我在开会，加个微信，待会聊,其它通讯方式,105,我 在 开会   加个 微信   待会 聊
你qq好多,其它通讯方式,105,你 qq 好多
QQ上把相关的东西发给我看下,其它通讯方式,105,QQ 上 把 相关 的 东西 发给 我 看 下
有没有微信？微信上去说。,其它通讯方式,105,有没有 微信 ？ 微信 上去 说 。
现在有点忙，你先加我微信号,其它通讯方式,105,现在 有点 忙   你 先加 我 微 信号
我说个地方，你来找我,其它通讯方式,105,我 说 个 地方   你 来 找 我
我们见个面吧,其它通讯方式,105,我们 见个面 吧
我现在没空，等下微信给你回消息,其它通讯方式,105,我 现在 没空   等 下 微信 给 你 回 消息
加我支付宝,其它通讯方式,108,加 我 支付宝
我现在很忙，改日到你公司面谈吧,其它通讯方式,105,我 现在 很 忙   改日 到 你 公司 面谈 吧
短信发给我啦,其它通讯方式,105,短信 发给 我 啦
和我父母谈吧,其它通讯方式,105,和 我 父母 谈 吧
可以，但是我需要核对明细，qq给我文件,其它通讯方式,105,可以   但是 我 需要 核对 明细   qq 给 我 文件
我现在在吃饭，不方便，加个 QQ，待会聊,其它通讯方式,105,我 现在 在 吃饭   不 方便   加个 QQ   待会 聊
你有QQ么,其它通讯方式,105,你 有 QQ 么
我给你发短信,其它通讯方式,105,我 给 你 发短信
你在邮件里把账单发过来下,其它通讯方式,105,你 在 邮件 里 把 账单 发过来 下
上班不方便，加个微信说。,其它通讯方式,105,上班 不 方便   加个 微信 说 。
"我先加你QQ,晚点我们聊",其它通讯方式,105,我 先加 你 QQ   晚点 我们 聊
你拍个工作证给我看看呢？发短信给我,其它通讯方式,105,你 拍个 工作证 给 我 看看 呢 ？ 发短信 给 我
我们见面聊,其它通讯方式,105,我们 见面 聊
等下QQ上联系我,其它通讯方式,105,等 下 QQ 上 联系 我
支付宝转你,其它通讯方式,108,支付宝 转 你
我这边听得不是很清楚，我们微信联系吧,其它通讯方式,105,我 这边 听得 不是 很 清楚   我们 微信 联系 吧
我给你我儿子的电话，你和他说,其它通讯方式,105,我 给 你 我 儿子 的 电话   你 和 他 说
有这么多么，发过来吧,其它通讯方式,102,有 这么 多么   发过来 吧
我现在在吃饭，不方便，加个微信，待会聊,其它通讯方式,105,我 现在 在 吃饭   不 方便   加个 微信   待会 聊
我给你打电话,其它通讯方式,105,我 给 你 打电话
光脚的不怕穿鞋的,其它通讯方式,109,光脚 的 不怕 穿鞋 的
去酒吧面谈下吧,其它通讯方式,105,去 酒吧 面谈 下 吧
咋们微信上具体聊一聊吧。,其它通讯方式,105,咋们 微信 上 具体 聊一聊 吧 。
你打我老婆电话吧，这个电话马上没电了,其它通讯方式,105,你 打 我 老婆 电话 吧   这个 电话 马上 没电 了
你私人电话是好多？,其它通讯方式,105,你 私人 电话 是 好多 ？
我们短线聊,其它通讯方式,105,我们 短线 聊
你把这些微信发给我,其它通讯方式,105,你 把 这些 微信 发给 我
qq转你,其它通讯方式,105,qq 转 你
你那边很吵，qq联系吧,其它通讯方式,105,你 那边 很 吵   qq 联系 吧
qq找我,其它通讯方式,105,qq 找 我
你和我朋友说吧，他比较了解贷款的情况,其它通讯方式,105,你 和 我 朋友 说 吧   他 比较 了解 贷款 的 情况
微信上核对一下就行,其它通讯方式,105,微信 上 核对 一下 就行
加QQ,其它通讯方式,105,加 QQ
我现在不太方便，要不你留个微信给我，我在微信上和你聊,其它通讯方式,105,我 现在 不太 方便   要 不 你 留个 微信 给 我   我 在 微信 上 和 你 聊
我给你闪个电话,其它通讯方式,105,我 给 你 闪个 电话
这明显是不可能的,其它通讯方式,109,这 明显 是 不 可能 的
我去你们公司找你们谈下,其它通讯方式,105,我 去 你们 公司 找 你们 谈下
还有些事情要问你，加个微信说吧。,其它通讯方式,105,还 有些 事情 要 问 你   加个 微信 说 吧 。
方案给我发到微信嘛,其它通讯方式,105,方案 给我发 到 微信 嘛
你加我微信说吧,其它通讯方式,105,你加 我 微信 说 吧
加我微信聊吧,其它通讯方式,105,加 我 微信 聊 吧
加我微信,其它通讯方式,105,加 我 微信
嗯，明白了,模糊确认,106,嗯   明白 了
知道了,模糊确认,106,知道 了
哦，知道了,模糊确认,106,哦   知道 了
好的,模糊确认,106,好 的
嗯,模糊确认,106,嗯
我知道该怎么办了,模糊确认,106,我 知道 该 怎么办 了
好的，我知道了,模糊确认,106,好 的   我 知道 了
嗯明白,模糊确认,106,嗯 明白
可以，就这样吧,模糊确认,106,可以   就 这样 吧
好,模糊确认,106,好
这个再议,模糊确认,106,这个 再议
要得，晓得了,模糊确认,106,要 得   晓得 了
行，我晓得这个事情了,模糊确认,106,行   我 晓得 这个 事情 了
好嘛，我知道了,模糊确认,106,好 嘛   我 知道 了
这个考虑下,模糊确认,106,这个 考虑 下
晓得了,模糊确认,106,晓得 了
明白了,模糊确认,106,明白 了
回头我算算再说,模糊确认,106,回头 我 算算 再说
可以,模糊确认,106,可以
知道了,模糊确认,106,知道 了
明天再说吧,模糊确认,106,  再说 吧
All right. I knew it.,模糊确认,106,Allright   Iknewit  
我了解了,模糊确认,106,我 了解 了
就这样了，再说了,模糊确认,106,就 这样 了   再说 了
我知道了,模糊确认,106,我 知道 了
嗯哈，以后再说,模糊确认,106,嗯 哈   以后 再说
行，知道了,模糊确认,106,行   知道 了
行，好的，你放心,模糊确认,106,行   好 的   你 放心
行，我会想办法的,模糊确认,106,行   我会 想 办法 的
啥意思喃,模糊确认,106,啥意思 喃
哦哦哦,模糊确认,106,哦哦哦
嗯，好的,模糊确认,106,嗯   好 的
收到,模糊确认,106,收到
行行行，你说啥就是啥,模糊确认,106,行行行   你 说 啥 就是 啥
我想一下,模糊确认,106,我 想 一下
要得，我知道,模糊确认,106,要 得   我 知道
行，好的，你放一万个心,模糊确认,106,行   好 的   你 放 一万个 心
哦，明白了,模糊确认,106,哦   明白 了
啊啊，晓得了,模糊确认,106,啊 啊   晓得 了
啊,模糊确认,106,啊
懂得起,模糊确认,106,懂得 起
行,模糊确认,106,行
等下再说,模糊确认,106,等 下 再说
嗯，我想办法,模糊确认,106,嗯   我 想 办法
嗯嗯,模糊确认,106,嗯 嗯
行，知道啦,模糊确认,106,行   知道 啦
你老大，你说了算,模糊确认,106,你 老大   你 说了算
再说嘛,模糊确认,106,再说 嘛
哦，明白,模糊确认,106,哦   明白
行，好的，我说了行就是行,模糊确认,106,行   好 的   我 说 了 行 就是 行
行嘛，继续,模糊确认,106,行嘛   继续
哎呀哈,模糊确认,106,哎呀 哈
你们看着办,模糊确认,106,你们 看着办
收到了,模糊确认,106,收到 了
ok,模糊确认,106,ok
了解,模糊确认,106,了解
好的，我想想,模糊确认,106,好 的   我 想想
哦，晓得了,模糊确认,106,哦   晓得 了
我关注到的,模糊确认,106,我 关注 到 的
行，到那天再说了,模糊确认,106,行   到 那天 再说 了
还有时间,模糊确认,106,还有 时间
行，晓得了,模糊确认,106,行   晓得 了
哦，知道,模糊确认,106,哦   知道
行，好的，我袍哥人家决不拉稀摆带,模糊确认,106,行   好 的   我 袍哥 人家 决不 拉稀 摆带
好好，我听到起在,模糊确认,106,好好   我 听到 起 在
唷唷,模糊确认,109,唷 唷
我想想办法吧,模糊确认,106,我 想想 办法 吧
好嘛，到时再说,模糊确认,106,好 嘛   到 时 再说
我再看看,模糊确认,106,我 再 看看
好的，我想办法,模糊确认,106,好 的   我 想 办法
这么个情况啊,模糊确认,106,这么 个 情况 啊
我随时注意到的,模糊确认,106,我 随时 注意 到 的
可以，我会行办法的,模糊确认,106,可以   我会 行 办法 的
不急,模糊确认,106,不 急
好嘛,模糊确认,106,好 嘛
哟哟,模糊确认,109,哟 哟
行行行，忙完再说,模糊确认,106,行行行   忙 完 再说
你们这个政策不错,模糊确认,106,你们 这个 政策 不错
考虑一下,模糊确认,106,考虑一下
我考虑一下,模糊确认,106,我 考虑一下
好了，我知道了,模糊确认,106,好 了   我 知道 了
再说吧,模糊确认,106,再说 吧
好的，我尽量,模糊确认,106,好 的   我 尽量
嗯，我会想办法,模糊确认,106,嗯   我会 想 办法
可以吧,模糊确认,106,可以 吧
不慌，我可以先唱首歌给你听一下,模糊确认,109,不 慌   我 可以 先 唱首歌 给 你 听 一下
好，知道了,模糊确认,106,好   知道 了
好的，我说了行就是行,模糊确认,106,好 的   我 说 了 行 就是 行
哦，收到,模糊确认,106,哦   收到
嘿嘿,模糊确认,106,嘿嘿
好了，后面我想办法,模糊确认,106,好 了   后面 我 想 办法
你们还发福利了啊,模糊确认,109,你们 还发 福利 了 啊
我需要考虑考虑,模糊确认,106,我 需要 考虑 考虑
嗯嗯嗯,模糊确认,106,嗯 嗯 嗯
还有这么多天，不急,模糊确认,106,还有 这么 多天   不 急
我尽我最大努力吧,模糊确认,106,我 尽 我 最大 努力 吧
行，知道,模糊确认,106,行   知道
只能这样了,模糊确认,106,只能 这样 了
嗯嗯呢,模糊确认,106,嗯 嗯 呢
我知道了，我会想办法,模糊确认,106,我 知道 了   我会 想 办法
再说,模糊确认,106,再说
嗯嗯，再说吧,模糊确认,106,嗯 嗯   再说 吧
到时我去看看,模糊确认,106,到 时 我 去 看看
好的，我再想想,模糊确认,106,好 的   我 再 想想
我想想办法,模糊确认,106,我 想想 办法
我想想,模糊确认,106,我 想想
好的，还有这么多天,模糊确认,106,好 的   还有 这么 多天
我现在确定不了,模糊确认,106,我 现在 确定 不了
好好好,模糊确认,106,好好 好
哈哈哈,模糊确认,106,哈哈哈
要的，我下来了解下,模糊确认,106,要 的   我 下来 了解 下
等我考虑下再说,模糊确认,106,等 我 考虑 下 再说
等我方便的时候联系你门,模糊确认,106,等 我 方便 的 时候 联系 你门
行，我看看,模糊确认,106,行   我 看看
我看看有没有其他办法,模糊确认,106,我 看看 有没有 其他 办法
我不确定,模糊确认,106,我 不 确定
嗯，没事了吧,模糊确认,106,嗯   没事 了 吧
你想多了,模糊确认,109,你 想 多 了
后面再说,模糊确认,106,后面 再说
好，要得，晓得了,模糊确认,106,好   要 得   晓得 了
等我出差回来再说,模糊确认,106,等 我 出差 回来 再说
嗯，我下来查一下,模糊确认,106,嗯   我 下来 查 一下
我要和家里人商量下再说,模糊确认,106,我要 和 家里人 商量 下 再说
行，我想想办法,模糊确认,106,行   我 想想 办法
我会想办法的,模糊确认,106,我会 想 办法 的
能筹到钱吧,模糊确认,106,能 筹到 钱 吧
我也不知道,模糊确认,106,我 也 不 知道
行，那不要再打过来了,模糊确认,106,行   那 不要 再 打 过来 了
恼火,模糊确认,106,恼火
把方案发到我手机上嘛,模糊确认,105,把 方案 发到 我 手机 上 嘛
得，你别说了，我下来自己处理,模糊确认,106,得   你 别说 了   我 下来 自己 处理
知道了，稍后再议,模糊确认,106,知道 了   稍后 再议
可以，我过段时间处理,模糊确认,106,可以   我 过段时间 处理
清楚,模糊确认,106,清楚
应该能还,模糊确认,106,应该 能 还
我其实一直是想还的,模糊确认,106,我 其实 一直 是 想 还 的
行，也行吧,模糊确认,106,行   也 行 吧
再等等,模糊确认,106,再 等等
该你歪,模糊确认,106,该 你 歪
到时我去处理,模糊确认,106,到 时 我 去 处理
我过段时间处理,模糊确认,106,我 过段时间 处理
有钱就还,模糊确认,106,有钱 就 还
我也很想还,模糊确认,106,我 也 很 想 还
知了,模糊确认,106,知 了
我能有什么意见,模糊确认,106,我能 有 什么 意见
可以，尽量想办法,模糊确认,106,可以   尽量 想 办法
好，我想想办法，正好最近性情好，办法总是容易想出来,模糊确认,106,好   我 想想 办法   正好 最近 性情 好   办法 总是 容易 想 出来
我后面找时间看看，你别打了,模糊确认,106,我 后面 找 时间 看看   你别 打 了
知道再处理,模糊确认,106,知道 再 处理
知道了，下午再说,模糊确认,106,知道 了   下午 再说
知道了·,模糊确认,106,知道 了  
知道,模糊确认,106,知道
可能吧,模糊确认,106,可能 吧
可能,模糊确认,106,可能
考虑一下,模糊确认,106,考虑一下
考虑下,模糊确认,106,考虑 下
考虑考虑,模糊确认,106,考虑 考虑
好了，我知道了，我会处理的,模糊确认,106,好 了   我 知道 了   我会 处理 的
好了,模糊确认,106,好 了
好就这样,模糊确认,106,好 就 这样
好好好,模糊确认,106,好好 好
好的呢,模糊确认,106,好 的 呢
好的，知道了,模糊确认,106,好 的   知道 了
好的，我知道了,模糊确认,106,好 的   我 知道 了
好的，放心,模糊确认,106,好 的   放心
好的,模糊确认,106,好 的
好吧,模糊确认,106,好 吧
好，我知道了,模糊确认,106,好   我 知道 了
行我会想办法的,模糊确认,106,行 我会 想 办法 的
行了,模糊确认,106,行 了
行的，可以,模糊确认,106,行 的   可以
行吧，想办法,模糊确认,106,行 吧   想 办法
行，知道了,模糊确认,106,行   知道 了
嗯嗯，再说吧,模糊确认,106,嗯 嗯   再说 吧
嗯嗯,模糊确认,106,嗯 嗯
嗯，我知道了,模糊确认,106,嗯   我 知道 了
嗯，嗯，嗯.......,模糊确认,106,嗯   嗯   嗯        
嗯，嗯，嗯,模糊确认,106,嗯   嗯   嗯
嗯,模糊确认,106,嗯
恩？,模糊确认,106,恩 ？
恩,模糊确认,106,恩
额,模糊确认,106,额
嘻嘻,模糊确认,106,嘻嘻
喔,模糊确认,106,喔
哦,模糊确认,106,哦
噢,模糊确认,106,噢
嘿嘿嘿哈哈哈,模糊确认,109,嘿嘿嘿 哈哈哈
嘿嘿嘿嗯,模糊确认,109,嘿嘿嘿 嗯
嘿嘿嘿吧,模糊确认,109,嘿嘿嘿 吧
嘿嘿嘿啊,模糊确认,109,嘿嘿嘿 啊
嘿嘿嘿，没意思,模糊确认,109,嘿嘿嘿   没意思
嘿嘿嘿,模糊确认,109,嘿嘿嘿
嘿嘿,模糊确认,109,嘿嘿
呵呵哇,模糊确认,109,呵呵 哇
呵呵没意思,模糊确认,109,呵呵 没意思
呵呵呵呵,模糊确认,109,呵呵 呵呵
呵呵哈,模糊确认,109,呵呵哈
呵呵吧,模糊确认,109,呵呵 吧
呵呵，没意思,模糊确认,109,呵呵   没意思
呵呵,模糊确认,109,呵呵
好说,模糊确认,106,好 说
好累,模糊确认,109,好 累
好叻,模糊确认,106,好 叻
嗯嗯额,模糊确认,106,嗯 嗯 额
嗯嗯,模糊确认,106,嗯 嗯
嗯,模糊确认,106,嗯
知道了,模糊确认,106,知道 了
嗷嗷,模糊确认,106,嗷嗷
嗷,模糊确认,106,嗷
怎么还哦？,还款方式,108,怎么 还 哦 ？
怎么还钱啊？,还款方式,108,怎么 还 钱 啊 ？
怎么还款？,还款方式,108,怎么 还款 ？
我不知道怎么还,还款方式,108,我 不 知道 怎么 还
该怎么还,还款方式,108,该 怎么 还
怎么还款呢,还款方式,108,怎么 还款 呢
不知道怎么还款,还款方式,108,不 知道 怎么 还款
怎么还啊，微信行吗,还款方式,108,怎么 还 啊   微信行 吗
不晓得杂还,还款方式,108,不 晓得 杂 还
我身上只有现金，要怎么处理,还款方式,108,我 身上 只有 现金   要 怎么 处理
麻烦问哈我哪们还,还款方式,108,麻烦 问哈 我 哪们 还
咋个还哦，怎么个还法,还款方式,108,咋个 还 哦   怎么 个 还法
我不晓得哪们还,还款方式,108,我 不 晓得 哪们 还
安？咋整嘛？,还款方式,108,安 ？ 咋 整嘛 ？
App是哪个呢,还款方式,108,App 是 哪个 呢
在哪还啊,还款方式,108,在 哪 还 啊
我不晓得怎么还啊？,还款方式,108,我 不 晓得 怎么 还 啊 ？
支付宝可以么？,还款方式,108,支付宝 可以 么 ？
你们的还款渠道是怎样的？,还款方式,108,你们 的 还款 渠道 是 怎样 的 ？
app上不去,还款方式,108,app 上 不 去
就是不知道怎么还,还款方式,108,就是 不 知道 怎么 还
我没网络,还款方式,104,我 没 网络
需要给现金嘛,还款方式,108,需要 给 现金 嘛
我喜欢用现金的方式交易，你看我怎么打给你？,还款方式,108,我 喜欢 用 现金 的 方式 交易   你 看 我 怎么 打 给 你 ？
没有还款方式,还款方式,108,没有 还款 方式
你总得提供个入口给我，我才好还呀,还款方式,108,你 总得 提供 个 入口 给 我   我 才 好 还 呀
直接转账行不行,还款方式,108,直接 转账 行不行
安？纳闷弄？,还款方式,108,安 ？ 纳闷 弄 ？
可以汇款不,还款方式,108,可以 汇款 不
支付宝转账吗？,还款方式,108,支付宝 转账 吗 ？
你们喊我还，总要告诉我该怎么还啊？,还款方式,108,你们 喊 我 还   总 要 告诉 我该 怎么 还 啊 ？
没人给我还款账号啊,还款方式,108,没人 给 我 还款 账号 啊
能不能直接给你转过来,还款方式,108,能 不能 直接 给 你 转过 来
怎么支付,还款方式,108,怎么 支付
怎样付款给你们,还款方式,108,怎样 付款 给 你们
我可以支付宝嘛,还款方式,108,我 可以 支付宝 嘛
能刷信用卡嘛,还款方式,108,能刷 信用卡 嘛
可以去银行当面交易吗,还款方式,108,可以 去 银行 当面交易 吗
有没得啥子APP可以直接还,还款方式,108,有 没得 啥子 APP 可以 直接 还
提供个还款的方式嘛,还款方式,108,提供 个 还款 的 方式 嘛
可以直接转帐么,还款方式,108,可以 直接 转帐 么
浪个弄？,还款方式,108,浪个 弄 ？
能不能直接刷卡,还款方式,108,能 不能 直接 刷卡
微信转账吗？,还款方式,108,微信 转账 吗 ？
你们是现在给我账号吗？,还款方式,108,你们 是 现在 给 我 账号 吗 ？
微信转账可以么？,还款方式,108,微信 转账 可以 么 ？
APP上不去怎么还,还款方式,108,APP 上 不 去 怎么 还
还款方式是什么？,还款方式,108,还款 方式 是 什么 ？
不知道怎么支付,还款方式,108,不 知道 怎么 支付
可以支付宝吗,还款方式,108,可以 支付宝 吗
我可以微信不,还款方式,108,我 可以 微信 不
能用花呗嘛,还款方式,108,能用 花 呗 嘛
app崩溃了，我试了，还不起,还款方式,108,app 崩溃 了   我试 了   还 不起
请问哈哪们还喃,还款方式,108,请问 哈 哪们 还喃
我都不用智能手机，钱咋个个还法,还款方式,108,我 都 不用 智能手机   钱 咋 个个 还法
直接转账要不要得,还款方式,108,直接 转账 要 不要 得
咋个整嘛,还款方式,108,咋个 整嘛
支付宝给我一个撒,还款方式,108,支付宝 给 我 一个 撒
银行卡转账吗？,还款方式,108,银行卡 转账 吗 ？
你们给我减免了我该怎么还啊？,还款方式,108,你们 给 我 减免 了 我 该 怎么 还 啊 ？
你们有APP么？,还款方式,108,你们 有 APP 么 ？
你之前没有给我说过怎么还款,还款方式,108,你 之前 没有 给 我 说 过 怎么 还款
可以微信吗,还款方式,108,可以 微信 吗
可以刷其他的信用卡吗？,还款方式,108,可以 刷 其他 的 信用卡 吗 ？
能用京东白条嘛,还款方式,108,能 用 京东 白条 嘛
app老是断网,还款方式,108,app 老是 断网
可不可以直接用手机支付？,还款方式,108,可不可以 直接 用 手机 支付 ？
我哪们还哦,还款方式,108,我 哪们 还 哦
整不来关键是,还款方式,109,整不来 关键 是
微信扫一扫,还款方式,108,微信 扫 一扫
有没APP可以直接还款的,还款方式,108,有 没 APP 可以 直接 还款 的
哪里可以看到怎么还钱给你们呢？,还款方式,108,哪里 可以 看到 怎么 还 钱 给 你们 呢 ？
你们上门来收钱么？,还款方式,108,你们 上门来 收钱 么 ？
支付宝转账吗,还款方式,108,支付宝 转账 吗
怎么还款我给忘了,还款方式,108,怎么 还款 我 给 忘 了
你们没说怎么还款啊,还款方式,108,你们 没说 怎么 还款 啊
是直接转账吗,还款方式,108,是 直接 转账 吗
不知道怎么还,还款方式,108,不 知道 怎么 还
银行转账嘛,还款方式,108,银行 转账 嘛
管不到了,还款方式,109,管 不到 了
app崩溃了，怎么还,还款方式,108,app 崩溃 了   怎么 还
可不可以直接在 App 上还款？,还款方式,108,可不可以 直接 在 App 上 还款 ？
直接转账要得不嘛,还款方式,108,直接 转账 要 得 不 嘛
我是别个帮我办的,还款方式,109,我 是 别个 帮 我 办 的
APP闪退,还款方式,108,APP 闪退
APP上不去怎么办,还款方式,108,APP 上 不 去 怎么办
我没的你们的银行卡号啊，还不了啊,还款方式,108,我 没 的 你们 的 银行卡 号 啊   还 不了 啊
我把钱换了，借条怎么还给我？,还款方式,108,我 把 钱 换 了   借条 怎么 还给 我 ？
微信转账吗,还款方式,108,微信 转账 吗
你给我说一遍你们的还款方式,还款方式,108,你 给 我 说 一遍 你们 的 还款 方式
忘记怎么还款了,还款方式,108,忘记 怎么 还款 了
你没有说怎么还呢,还款方式,108,你 没有 说 怎么 还 呢
怎么还？,还款方式,108,怎么 还 ？
还是还之前的银行账户嘛,还款方式,108,还是 还 之前 的 银行 账户 嘛
在哪还,还款方式,108,在 哪 还
app登录不上啊,还款方式,108,app 登录 不上 啊
麻烦问哈有哪些方式还,还款方式,108,麻烦 问哈有 哪些 方式 还
可不可以还现金？,还款方式,108,可不可以 还 现金 ？
还不来啊,还款方式,108,还 不来 啊
支付宝转账到什么地方啊,还款方式,108,支付宝 转账 到 什么 地方 啊
不知道该怎么还哦,还款方式,108,不 知道 该 怎么 还 哦
你们有还钱流程么？,还款方式,108,你们 有 还 钱 流程 么 ？
给个账号,还款方式,108,给 个 账号
能不能微信转账,还款方式,108,能 不能 微信 转账
微信可以还款？,还款方式,108,微信 可以 还款 ？
可以翼支付吗,还款方式,108,可以 翼 支付 吗
还款路径？,还款方式,108,还款 路径 ？
app怎么用,还款方式,108,app 怎么 用
没办法,还款方式,110,没 办法
app有bug，用不起,还款方式,108,app 有 bug   用不起
在国外，不能银行汇款，你看怎么还？,还款方式,108,在 国外   不能 银行 汇款   你 看 怎么 还 ？
哪们还给你们也,还款方式,108,哪们 还给 你们 也
搞不懂,还款方式,108,搞不懂
app有减免的活动没有呢,还款方式,108,app 有 减免 的 活动 没有 呢
微信转账到什么地方啊,还款方式,108,微信 转账 到 什么 地方 啊
我在你们APP上面有个没找到哪里可以还款啊,还款方式,108,我 在 你们 APP 上面 有个 没 找到 哪里 可以 还款 啊
你们不是上门服务么？顺便把借款合同给我,还款方式,108,你们 不是 上门服务 么 ？ 顺便 把 借款 合同 给 我
怎么打给你们,还款方式,108,怎么 打 给 你们
能不能支付宝？,还款方式,108,能 不能 支付宝 ？
支付宝可以还款？,还款方式,108,支付宝 可以 还款 ？
有哪些还款方式呢,还款方式,108,有 哪些 还款 方式 呢
还款方式？,还款方式,108,还款 方式 ？
怎么个还款法，直接转账嘛,还款方式,108,怎么 个 还款法   直接 转账 嘛
我看上面没有还款方式，不知道怎么支付给你,还款方式,108,我 看 上面 没有 还款 方式   不 知道 怎么 支付 给 你
咋个还哦，你总得说个怎么个还法，用什么工具还？,还款方式,108,咋个 还 哦   你 总得 说个 怎么 个 还法   用 什么 工具 还 ？
微信转给你行不行,还款方式,108,微信 转给 你 行不行
搞求不来,还款方式,108,搞求 不来
我换张卡给你转,还款方式,108,我 换张 卡给 你 转
银行卡转账到什么地方啊,还款方式,108,银行卡 转账 到 什么 地方 啊
你给我说下该把钱打到哪里呢？,还款方式,108,你 给 我 说 下 该 把 钱 打 到 哪里 呢 ？
一直登陆不上APP注册不了,还款方式,108,一直 登陆 不上 APP 注册 不了
怎么转给你们,还款方式,108,怎么 转给 你们
必须要银行卡吗,还款方式,108,必须 要 银行卡 吗
可以银联卡转账？,还款方式,108,可以 银联卡 转账 ？
我到底要怎么还给你们,还款方式,108,我 到底 要 怎么 还给 你们
该还款了？,还款方式,108,该 还款 了 ？
用手机能操作嘛,还款方式,108,用 手机 能 操作 嘛
清不到了,还款方式,108,清 不到 了
你看我微信转账还是其他的方式,还款方式,108,你 看 我 微信 转账 还是 其他 的 方式
你好，你得提供个还款的方式给我啊,还款方式,108,你好   你 得 提供 个 还款 的 方式 给 我 啊
翼支付可以不,还款方式,108,翼 支付 可以 不
你教我一哈？,还款方式,108,你 教 我 一哈 ？
能再缓几天可以不,还款方式,108,能 再 缓 几天 可以 不
我是直接去你们公司还款吗,还款方式,108,我 是 直接 去 你们 公司 还款 吗
我把钱转到哪里去呢？,还款方式,108,我 把 钱 转到 哪里 去 呢 ？
你说的减免这些有书面的东西么？你们公司要盖章哦,还款方式,108,你 说 的 减免 这些 有 书面 的 东西 么 ？ 你们 公司 要 盖章 哦
如何还款？,还款方式,108,如何 还款 ？
直接转账是微信还是支付宝？,还款方式,108,直接 转账 是 微信 还是 支付宝 ？
是直接现金还款吗,还款方式,108,是 直接 现金 还款 吗
转账不？,还款方式,108,转账 不 ？
需要用电脑操作嘛,还款方式,108,需要 用 电脑操作 嘛
我看不清,还款方式,109,我 看不清
支付宝可以么,还款方式,108,支付宝 可以 么
我在国外，能不能直接使用手机支付？,还款方式,108,我 在 国外   能 不能 直接 使用 手机 支付 ？
哪个来帮哈我嘛,还款方式,109,哪个 来 帮哈 我 嘛
我的银行卡被冻结了,还款方式,108,我 的 银行卡 被 冻结 了
我可以去银行直接转账吗,还款方式,108,我 可以 去 银行 直接 转账 吗
你给我个账号吧，我转钱给你们,还款方式,108,你 给 我 个 账号 吧   我 转钱 给 你们
你说话算数不，我怎么还钱呢,还款方式,108,你 说话算数 不   我 怎么 还 钱 呢
我还到哪里,还款方式,108,我 还 到 哪里
红旗连锁能还吗？,还款方式,108,红旗 连锁 能 还 吗 ？
该怎么操作,还款方式,108,该 怎么 操作
我现在有钱，但是不知道如何还,还款方式,108,我 现在 有钱   但是 不 知道 如何 还
转账吧？,还款方式,108,转账 吧 ？
直接转给你，你帮我还行嘛,还款方式,108,直接 转给 你   你 帮 我 还行 嘛
除非你晚上来我家,还款方式,109,除非 你 晚上 来 我家
apple pay 可以么,还款方式,108,applepay 可以 么
我在国外，能不能直接使用手机还款？,还款方式,108,我 在 国外   能 不能 直接 使用 手机 还款 ？
我是别个帮我借的,还款方式,108,我 是 别个 帮 我 借 的
明天朋友就换我钱了,还款方式,110,  朋友 就 换 我 钱 了
不知道还款方式,还款方式,108,不 知道 还款 方式
是把钱直接打到你们公司账号吗？,还款方式,108,是 把 钱 直接 打 到 你们 公司 账号 吗 ？
你不得是骗子哇？我不晓得怎么还钱,还款方式,108,你 不得 是 骗子 哇 ？ 我 不 晓得 怎么 还 钱
支持支付宝转账吗,还款方式,108,支持 支付宝 转账 吗
能不能用信用卡还,还款方式,108,能 不能 用 信用卡 还
不知道怎么操作,还款方式,108,不 知道 怎么 操作
你们一直都没有说怎么还给你们啊,还款方式,108,你们 一直 都 没有 说 怎么 还给 你们 啊
怎么打钱啊？,还款方式,108,怎么 打钱 啊 ？
能用外币还嘛,还款方式,108,能 用 外币 还 嘛
除非你带你闺蜜来我家,还款方式,109,除非 你 带 你 闺蜜来 我家
可以信用卡还款么,还款方式,108,可以 信用卡 还款 么
我在外地，能不能用 APP 来还款？,还款方式,108,我 在 外地   能 不能 用 APP 来 还款 ？
支付宝可不可以还,还款方式,108,支付宝 可不可以 还
在哪里还啊？,还款方式,108,在 哪里 还 啊 ？
我用的存折，不会转账,还款方式,108,我用 的 存折   不会 转账
还是还到上次那个账号吗？,还款方式,108,还是 还 到 上次 那个 账号 吗 ？
我不得还给个人，给我个你们公司对公账号,还款方式,108,我 不得 还给 个人   给 我 个 你们 公司 对公 账号
支持微信转账吗,还款方式,108,支持 微信 转账 吗
能不能你们上门来收,还款方式,108,能 不能 你们 上门来 收
还款步骤是什么,还款方式,108,还款 步骤 是 什么
我客户端登陆不了,还款方式,108,我 客户端 登陆 不了
我不知道怎么转账？,还款方式,108,我 不 知道 怎么 转账 ？
app需要你教我怎么还，我没用过,还款方式,108,app 需要 你 教 我 怎么 还   我 没用过
出来你和你朋友来我这,还款方式,108,出来 你 和 你 朋友 来 我 这
我不知道怎么还给你,还款方式,108,我 不 知道 怎么 还给 你
钱怎么还？用什么东西还？银行转账还是？,还款方式,108,钱 怎么 还 ？ 用 什么 东西 还 ？ 银行 转账 还是 ？
支付宝可以不,还款方式,108,支付宝 可以 不
这个真的有点儿坑,还款方式,108,这个 真的 有点儿 坑
不清楚怎么还钱,还款方式,108,不 清楚 怎么 还 钱
嗯，先告诉我该怎么转钱给你们吧,还款方式,108,嗯   先 告诉 我该 怎么 转钱 给 你们 吧
你发个书面你们公司盖章的给我，我不晓得怎么还钱,还款方式,108,你 发个 书面 你们 公司 盖章 的 给 我   我 不 晓得 怎么 还 钱
我该怎么操作呢？,还款方式,108,我该 怎么 操作 呢 ？
支付宝？微信？银行卡？,还款方式,108,支付宝 ？ 微信 ？ 银行卡 ？
还款有哪些步骤,还款方式,108,还款 有 哪些 步骤
我网银密码忘了,还款方式,108,我 网银 密码 忘 了
我不会玩网络啊？,还款方式,108,我 不会 玩 网络 啊 ？
app让我先熟悉一下啊,还款方式,108,app 让 我 先 熟悉 一下 啊
可以给现金吗,还款方式,108,可以 给 现金 吗
app上面还还是哪里还,还款方式,108,app 上面 还 还是 哪里 还
钱怎么还？用什么东西还？可不可以支持手机支付？,还款方式,108,钱 怎么 还 ？ 用 什么 东西 还 ？ 可不可以 支持 手机 支付 ？
微信行不行,还款方式,108,微信 行不行
优惠力度那么小，算了,还款方式,110,优惠 力度 那么 小   算了
不知道还款流程,还款方式,108,不 知道 还款 流程
转账,还款方式,108,转账
转账,还款方式,108,转账
只能给你,还款方式,108,只能 给 你
你给证明给我,还款方式,108,你 给 证明 给 我
你给我一个对公账户,还款方式,108,你 给 我 一个 对公 账户
你把账号给我,还款方式,108,你 把 账号 给 我
没有还款方式,还款方式,108,没有 还款 方式
卡里有钱但是你们没扣我也没有办法还,还款方式,108,卡里 有钱 但是 你们 没扣 我 也 没有 办法 还
APP上不去怎么还,还款方式,108,APP 上 不 去 怎么 还
APP登录不上,还款方式,108,APP 登录 不上
俺怎么还,还款方式,108,俺 怎么 还
手机快没电了，你什么意思快说,说出目的,101,手机 快 没电 了   你 什么 意思 快 说
说,说出目的,101,说
我等到花儿都谢了，才等到你们的电话啊,说出目的,101,我 等到 花儿 都 谢 了   才 等到 你们 的 电话 啊
有啥子事,说出目的,101,有 啥子 事
有什么事吗，说,说出目的,101,有 什么 事 吗   说
在开会，什么事,说出目的,101,在 开会   什么 事
你要干嘛,说出目的,101,你 要 干嘛
你找他什么事,说出目的,101,你 找 他 什么 事
什么事？,说出目的,101,什么 事 ？
你想爪子,说出目的,101,你 想 爪子
有什么事,说出目的,101,有 什么 事
你要做爪子,说出目的,101,你 要 做 爪子
是的，有事吗,说出目的,101,是 的   有事吗
你要咋子,说出目的,101,你 要 咋子
你究竟有什么目的,说出目的,101,你 究竟 有 什么 目的
你搞啥子的,说出目的,101,你 搞 啥子 的
找他爪子事情？,说出目的,101,找 他 爪子 事情 ？
啥意思？,说出目的,101,啥意思 ？
你要咋子嘛,说出目的,101,你 要 咋子 嘛
你搞哪样的,说出目的,101,你 搞 哪样 的
你都不知道我是谁还打电话给我？你到底要做什么？,说出目的,101,你 都 不 知道 我 是 谁 还 打电话 给 我 ？ 你 到底 要 做 什么 ？
有事吗？,说出目的,101,有事吗 ？
怎么了？,说出目的,101,怎么 了 ？
他在办事，我可以转告,说出目的,101,他 在 办事   我 可以 转告
有事请讲,说出目的,101,有事 请 讲
说，啥子事,说出目的,101,说   啥子 事
对，干嘛,说出目的,101,对   干嘛
你到底要咋子,说出目的,101,你 到底 要 咋子
你打电话干啥,说出目的,101,你 打电话 干 啥
咋子,说出目的,101,咋子
你找他有什么事情？,说出目的,101,你 找 他 有 什么 事情 ？
搞么子,说出目的,101,搞么子
要抓批？,说出目的,101,要 抓批 ？
你和他是啥子关系,说出目的,101,你 和 他 是 啥子 关系
干啥子,说出目的,101,干 啥子
搞屁哦,说出目的,101,搞 屁 哦
你是哪位？打电话有啥子？,说出目的,101,你 是 哪位 ？ 打电话 有 啥子 ？
有什么事情,说出目的,101,有 什么 事情
说事,说出目的,101,说事
你找他干什么,说出目的,101,你 找 他 干什么
打电话干什么,说出目的,101,打电话 干什么
有什么事说,说出目的,101,有 什么 事说
干啥,说出目的,101,干 啥
啥子事,说出目的,101,啥子 事
你找他有什么事情哇？,说出目的,101,你 找 他 有 什么 事情 哇 ？
你打电话到底有什么事,说出目的,101,你 打电话 到底 有 什么 事
干什么？,说出目的,101,干什么 ？
有啥子事嘛,说出目的,101,有 啥子 事嘛
你想干啥子哦？,说出目的,101,你 想 干 啥子 哦 ？
我听不懂你在说啥子,说出目的,101,我 听不懂 你 在 说 啥子
有话快说,说出目的,101,有话 快 说
你找他事催款吗？,说出目的,101,你 找 他 事 催款 吗 ？
干嘛,说出目的,101,干嘛
找我有什么事情吗,说出目的,101,找 我 有 什么 事情 吗
你瓜娃子所,说出目的,109,你 瓜 娃子 所
怎么了,说出目的,101,怎么 了
么子事,说出目的,101,么 子事
咦，咋个还有人找他也？你找他咋个事情？,说出目的,101,咦   咋个 还有 人 找 他 也 ？ 你 找 他 咋个 事情 ？
你做啥的,说出目的,101,你 做 啥 的
啥情况，老弟,说出目的,101,啥 情况   老弟
他欠了你们好多钱嘛,说出目的,101,他 欠 了 你们 好多钱 嘛
说嘛,说出目的,101,说 嘛
我认不认识他管你什么事情？,说出目的,101,我认 不 认识 他管 你 什么 事情 ？
有事说事,说出目的,101,有事 说事
你要干什么,说出目的,101,你 要 干什么
快说,说出目的,101,快 说
啥子事情？,说出目的,101,啥子 事情 ？
干煞,说出目的,101,干煞
神马，有事吗,说出目的,101,神马   有事吗
你说吧，什么事,说出目的,101,你 说 吧   什么 事
做哪样,说出目的,101,做 哪样
你是哪个？你找他干嘛？,说出目的,101,你 是 哪个 ？ 你 找 他 干嘛 ？
打电话咋子,说出目的,101,打电话 咋子
啥情况，哥们,说出目的,101,啥 情况   哥们
啊，然后喃,说出目的,101,啊   然后 喃
你找这个人做什么？,说出目的,101,你 找 这个 人 做 什么 ？
是找他做什么？,说出目的,101,是 找 他 做 什么 ？
干嘛，你想干啥？,说出目的,101,干嘛   你 想 干 啥 ？
你打电话有什么事,说出目的,101,你 打电话 有 什么 事
快说事，我没时间,说出目的,101,快 说 事   我 没 时间
有什么事？,说出目的,101,有 什么 事 ？
赶啥类,说出目的,101,赶 啥 类
啊？,说出目的,101,啊 ？
怎么，有事快说，我在开车,说出目的,101,怎么   有事 快 说   我 在 开车
什么情况,说出目的,101,什么 情况
他不在，你找他什么事情？,说出目的,101,他 不 在   你 找 他 什么 事情 ？
啥情况，兄弟,说出目的,101,啥 情况   兄弟
想咋子,说出目的,101,想 咋子
你先给我说你有什么事？,说出目的,101,你 先 给 我 说 你 有 什么 事 ？
我不是，你有啥事情？我帮你找他,说出目的,101,我 不是   你 有 啥 事情 ？ 我 帮 你 找 他
你谁啊，你管我，到底想干嘛,说出目的,101,你 谁 啊   你 管 我   到底 想 干嘛
你想干什么,说出目的,101,你 想干什么
有话直说,说出目的,101,有话直说
作甚个呀,说出目的,101,作 甚个 呀
有事吗,说出目的,101,有事吗
你说是就是，有什么事快说,说出目的,101,你 说 是 就是   有 什么 事快 说
你到底想啷个,说出目的,101,你 到底 想 啷 个
他去外地了，找他什么事情？,说出目的,101,他 去 外地 了   找 他 什么 事情 ？
啥情况，朋友,说出目的,101,啥 情况   朋友
为啥子打这个电话呢,说出目的,101,为 啥子 打 这个 电话 呢
我就是，你要咋子嘛,说出目的,101,我 就是   你 要 咋子 嘛
你先给我说你有啥子事？,说出目的,101,你 先 给 我 说 你 有 啥子 事 ？
我认识他你找他又什么事情？,说出目的,101,我 认识 他 你 找 他 又 什么 事情 ？
我干嘛要告诉你，你要是骗子呢？,说出目的,101,我 干嘛 要 告诉 你   你 要是 骗子 呢 ？
干嘛？,说出目的,101,干嘛 ？
想套路我？,说出目的,101,想 套路 我 ？
有屁快放,说出目的,101,有 屁快 放
噶哈玩意,说出目的,101,噶哈 玩意
请讲,说出目的,101,请 讲
有什么事快说，手机快没电了,说出目的,101,有 什么 事快 说   手机 快 没电 了
你是不是吃错药了,说出目的,101,你 是不是 吃错药 了
你要干嘛嘛,说出目的,101,你 要 干嘛 嘛
他正好不在，找他么子个事情？,说出目的,101,他 正好 不 在   找 他 么 子个 事情 ？
啥情况，美女,说出目的,101,啥 情况   美女
快说嘛，我在开车,说出目的,101,快 说 嘛   我 在 开车
我不是本人，你是哪位？有啥事情我帮你传话,说出目的,101,我 不是 本人   你 是 哪位 ？ 有 啥 事情 我 帮 你 传话
你警察啊，调查户口的嗖，你哪颗葱，干嘛？,说出目的,101,你 警察 啊   调查 户口 的 嗖   你 哪颗 葱   干嘛 ？
啥事？,说出目的,101,啥事 ？
欠你钱了？,说出目的,101,欠 你 钱 了 ？
别墨迹，快说,说出目的,101,别 墨迹   快 说
干么斯,说出目的,101,干么斯
怎么了，有屁快放,说出目的,101,怎么 了   有 屁快 放
嘛呢，干嘛呢,说出目的,101,嘛 呢   干嘛 呢
什么事情？他现在不在，要不要我转告他？,说出目的,101,什么 事情 ？ 他 现在 不 在   要 不要 我 转告 他 ？
啥情况，帅哥,说出目的,101,啥 情况   帅哥
我认识，你找他咋子,说出目的,101,我 认识   你 找 他 咋子
直说你要干嘛。,说出目的,101,直说 你 要 干嘛 。
我是他哥，有什么事情告诉我？,说出目的,101,我 是 他 哥   有 什么 事情 告诉 我 ？
你老几啊，你管我是谁，你想干嘛？,说出目的,101,你 老几 啊   你 管 我 是 谁   你 想 干嘛 ？
有啥子事情？,说出目的,101,有 啥子 事情 ？
咋了？,说出目的,101,咋 了 ？
你有5分钟时间说明来意,说出目的,101,你 有 5 分钟 时间 说明 来意
搞么之咧,说出目的,101,搞 么 之 咧
嘛事啊,说出目的,101,嘛 事 啊
你的目的是什么,说出目的,101,你 的 目的 是 什么
先说事,说出目的,101,先说 事
啥情况，妹儿,说出目的,101,啥 情况   妹儿
说,说出目的,101,说
会不会说话呢，有啥子事？,说出目的,101,会 不会 说话 呢   有 啥子 事 ？
你们是不是打错电话了,说出目的,101,你们 是不是 打 错 电话 了
有事情就说,说出目的,101,有 事情 就 说
你哪来的我电话，你想干啥？,说出目的,101,你 哪来 的 我 电话   你 想 干 啥 ？
请问找他干嘛,说出目的,101,请问 找 他 干嘛
找我有什么事情,说出目的,101,找 我 有 什么 事情
搞莫家伙哦,说出目的,101,搞 莫 家伙 哦
啥子怪？,说出目的,101,啥子 怪 ？
长话短说，我要赶飞机了,说出目的,101,长话短说   我要 赶 飞机 了
嗯哼，啥事,说出目的,101,嗯 哼   啥事
我是他朋友，你找他又什么事,说出目的,101,我 是 他 朋友   你 找 他 又 什么 事
咋子？张哥,说出目的,101,咋子 ？ 张哥
就是我，找我啥子事,说出目的,101,就是 我   找 我 啥子 事
弄啥子？,说出目的,101,弄 啥子 ？
就什么事情,说出目的,101,就 什么 事情
你是不是神经病啊？你要干嘛,说出目的,101,你 是不是 神经病 啊 ？ 你 要 干嘛
请问有什么事？,说出目的,101,请问 有 什么 事 ？
啊，怎么了？有事吗？,说出目的,101,啊   怎么 了 ？ 有事吗 ？
认识，你找他什么事,说出目的,101,认识   你 找 他 什么 事
搞啥子,说出目的,101,搞 啥子
嗯？,说出目的,101,嗯 ？
不想听你说什么废话，快说,说出目的,101,不想 听 你 说 什么 废话   快 说
what are you 弄啥呢,说出目的,101,whatareyou 弄 啥 呢
我是他老公，你找她什么事,说出目的,101,我 是 他 老公   你 找 她 什么 事
弄啥？,说出目的,101,弄 啥 ？
嗯，咋了,说出目的,101,嗯   咋 了
你到底要干啥子哦？,说出目的,101,你 到底 要 干 啥子 哦 ？
不要这么无聊好不好,说出目的,101,不要 这么 无聊 好不好
额？,说出目的,101,额 ？
杂子了,说出目的,101,杂子 了
你在说啥子哦,说出目的,101,你 在 说 啥子 哦
啥子事,说出目的,101,啥子 事
啥子事，烦の很,说出目的,101,啥子 事   烦 の 很
直接说事,说出目的,101,直接 说事
找我有什么事,说出目的,101,找 我 有 什么 事
找我干嘛,说出目的,101,找 我 干嘛
怎么了？,说出目的,101,怎么 了 ？
怎么了,说出目的,101,怎么 了
怎么啦,说出目的,101,怎么 啦
咋了？,说出目的,101,咋 了 ？
咋啦,说出目的,101,咋啦
咋地了？,说出目的,101,咋 地 了 ？
咋的了,说出目的,101,咋 的 了
有事吗,说出目的,101,有事吗
有事,说出目的,101,有事
有时快说我有事,说出目的,101,有时 快 说 我 有事
有什么事直说,说出目的,101,有 什么 事 直说
有什么事情吗？,说出目的,101,有 什么 事情 吗 ？
有什么事情,说出目的,101,有 什么 事情
有什么事,说出目的,101,有 什么 事
有啥子事,说出目的,101,有 啥子 事
有屁快放！,说出目的,101,有 屁快 放 ！
有话快说,说出目的,101,有话 快 说
是，怎么了,说出目的,101,是   怎么 了
什么是，跟我说,说出目的,101,什么 是   跟 我 说
什么事说,说出目的,101,什么 事说
什么事情啊,说出目的,101,什么 事情 啊
什么事情,说出目的,101,什么 事情
什么事情,说出目的,101,什么 事情
什么事啊,说出目的,101,什么 事 啊
什么事？,说出目的,101,什么 事 ？
什么事，你打错了,说出目的,101,什么 事   你 打错 了
什么事,说出目的,101,什么 事
什么情况,说出目的,101,什么 情况
什么鬼？,说出目的,101,什么 鬼 ？
什么鬼,说出目的,101,什么 鬼
你有什么事情,说出目的,101,你 有 什么 事情
你有什么事,说出目的,101,你 有 什么 事
你要做什么,说出目的,101,你 要 做 什么
你要爪子？,说出目的,101,你 要 爪子 ？
你要干啥,说出目的,101,你 要 干 啥
你要干嘛？,说出目的,101,你 要 干嘛 ？
你要干嘛,说出目的,101,你 要 干嘛
你想找谁,说出目的,101,你 想 找 谁
你想干什么,说出目的,101,你 想干什么
你想干啥,说出目的,101,你 想 干 啥
你想干嘛,说出目的,101,你 想 干嘛
你想表达什么？,说出目的,101,你 想 表达 什么 ？
你先说你有什么事，我在告诉你。,说出目的,101,你 先 说 你 有 什么 事   我 在 告诉 你 。
你先说你谁啊,说出目的,101,你 先 说 你 谁 啊
你先说你是干嘛的,说出目的,101,你 先 说 你 是 干嘛 的
你问我干嘛,说出目的,101,你 问 我 干嘛
你说，什么事,说出目的,101,你 说   什么 事
讲啥子喃？,说出目的,101,讲 啥子 喃 ？
干嘛有什么事说,说出目的,101,干嘛 有 什么 事说
干嘛什么事快说,说出目的,101,干嘛 什么 事快 说
干嘛？,说出目的,101,干嘛 ？
咋了,说出目的,101,咋 了
咋回事？,说出目的,101,咋 回事 ？
有事？,说出目的,101,有事 ？
我什么事情,说出目的,101,我 什么 事情
谁让你打的,说出目的,101,谁 让 你 打 的
是又爪子嘛,说出目的,101,是 又 爪子 嘛
什么事,说出目的,101,什么 事
弄啥勒,说出目的,101,弄 啥 勒
你找他干什么？,说出目的,101,你 找 他 干什么 ？
你在干嘛,说出目的,101,你 在 干嘛
你要爪子嘛,说出目的,101,你 要 爪子 嘛
你要干什么,说出目的,101,你 要 干什么
你说嘛,说出目的,101,你 说 嘛
你难道只问这个？,说出目的,101,你 难道 只 问 这个 ？
你还要我怎样,说出目的,101,你 还要 我 怎样
你干什么的,说出目的,101,你 干什么 的
你打我电话不知道我是谁？,说出目的,109,你 打 我 电话 不 知道 我 是 谁 ？
你不认识我？,说出目的,109,你 不 认识 我 ？
那么多XXX，你说的是哪一个,说出目的,109,那么 多 XXX   你 说 的 是 哪 一个
