from,label,original_label,original_text,new_label,
讨价还价,2,100,帅哥，帮帮忙喽，靠你了,2,
请求更新金额,2,110,还了以后不会在要钱了吧？,106,
讨价还价,2,100,等他还了我就还,1,
CutDebt,1,,我真的只能借到这么多，你在逼我我就只能等你们起诉！,1,
讨价还价,2,100,过几天,1,
CutDebt,1,,能不能分期还,100,
CutDebt,1,,以前都还过了，怎么还这么高啊,102,
讨价还价,2,100,我尽量,106,
Installment,0,,我乐意,0,
CutDebt,1,,现在钱还没到,1,
讨价还价,2,100,能不能在给点时间,100,
模糊确认,2,106,ok,0,
故意岔开话题,2,109,借钱,1,
Installment,0,,等下个月月底吧,0,
模糊确认,2,106,放心吧，相信我,0,
CutDebt,1,,过两天,1,
讨价还价,2,100,还早吧,106,
故意岔开话题,2,109,小生的花伞还落在你家,2,
Installment,0,,就按照你说的,0,
CutDebt,1,,看看再说,1,
CutDebt,1,,到时再说,1,
CutDebt,0,,明天我打你电话,104,
讨价还价,2,100,朋友还没回复我，现在不知道！,1,
CutDebt,0,,那就好,0,
Installment,0,,等下我找我朋友帮我存下钱,106,
讨价还价,2,100,短时间还不上,1,
CutDebt,1,,再说,1,
CutDebt,1,,朋友钱没给我,1,
模糊确认,2,106,我有钱哈,2,
讨价还价,2,100,别人还没还我钱了,1,
Installment,0,,我可以答应你们的,0,
CutDebt,1,,等我跟老板商量能预支工资不,1,
讨价还价,2,100,我尽快处理,106,
故意岔开话题,2,109,点都不乖,2,
CutDebt,1,,跟老板预支看看,1,
讨价还价,2,100,我再去凑凑,1,
讨价还价,2,100,朋友钱还没转过来。,1,
Installment,0,,爽,106,
请求等下打来,2,104,现在没有时间,2,
讨价还价,2,100,我凑看看,106,
CutDebt,1,,尽量,106,
CutDebt,1,,贷款今天不确定下来,1,
CutDebt,1,,我考虑一下,106,
CutDebt,1,,过几天就处理.,106,
CutDebt,1,,钱打到卡，我联系你,106,
CutDebt,1,,朋友钱还没给我,1,
CutDebt,0,,可以相信,0,
讨价还价,2,100,又不是不还,106,
模糊确认,2,106,发工资处理,2,
CutDebt,1,,不认识,-1,
CutDebt,1,,等我忙完,104,
Installment,0,,知道了,106,
故意岔开话题,2,109,多摆一盘？,2,
CutDebt,1,,后天再说,104,
故意岔开话题,2,109,家里有人生病,-1,
模糊确认,2,106,行,0,
CutDebt,0,,在领工资,106,
模糊确认,2,106,到时候我联系你扣款,2,
CutDebt,0,,你把账号发给我,108,
CutDebt,1,,我现在资金上出了点问题,1,
CutDebt,1,,这个时间紧啊,1,
讨价还价,2,100,你帮我减免一点,2,
讨价还价,2,100,我周转看看,106,
CutDebt,1,,力度不够啥。,100,
讨价还价,2,100,我可以延期吗,2,
讨价还价,2,100,我一定给你办好,0,
CutDebt,1,,我在问朋友借一下,106,
模糊确认,2,106,考虑考虑,2,
CutDebt,1,,在拖拖吧,1,
CutDebt,1,,我在上班,104,
故意岔开话题,2,109,一上午的时间就浪费了,2,
讨价还价,2,100,本金我能够处理,100,
讨价还价,2,100,给我时间,100,
Installment,0,,好，就按你说的办,0,
CutDebt,1,,等我有钱再说,1,
CutDebt,1,,能不能在少点,100,
Installment,0,,明白,106,
模糊确认,2,106,恩,2,
CutDebt,1,,你做梦,1,
故意岔开话题,2,109,答案跟问题三一样的,-1,
CutDebt,1,,你们是不是要逼人上梁山？,1,
讨价还价,2,100,我有钱就还.,1,
Installment,0,,多少多少自己扣,0,
CutDebt,1,,我看能不能凑到在回复你,1,
CutDebt,0,,十五号联系我,0,
讨价还价,2,100,看看吧,106,
CutDebt,1,,到时再说,1,
CutDebt,1,,有钱还谁想欠账啊,1,
请求等下打来,2,104,今天不行，明天吧,0,
CutDebt,1,,机主不在,1,
CutDebt,1,,过两天行不行,0,
CutDebt,1,,分期还可以吗,100,
CutDebt,1,,我想一下,106,
Installment,0,,知道了,106,
CutDebt,0,,嗯嗯,106,
CutDebt,0,,这样吧，多给我四天，我肯定能还,0,
故意岔开话题,2,109,约定好、约定好,2,
CutDebt,1,,我现在借钱,1,
CutDebt,1,,减免我就还,100,
CutDebt,1,,我在等结账,109,
CutDebt,1,,可以不还吗,1,
CutDebt,0,,好，那我给你们转过来,0,
请求等下打来,2,104,我等会就去,0,
讨价还价,2,100,处理好了联系你,106,
模糊确认,2,106,好像能把,2,
讨价还价,2,100,只愿还本金,100,
Installment,0,,半个月,0,
讨价还价,2,100,刚上班，还没发工资。,1,
CutDebt,1,,孩子在医院,109,
Installment,0,,好的明白了,0,
讨价还价,2,100,可以明天还吗,0,
CutDebt,0,,好了好了,0,
CutDebt,1,,等我发工资的,1,
CutDebt,1,,只还本金可以吗,100,
CutDebt,0,,好叻,0,
CutDebt,1,,把利息减了也没什么用啊,1,
CutDebt,1,,我不是不想还，只是需要点时间,100,
请求等下打来,2,104,路上呢,2,
讨价还价,2,100,之前没钱,1,
CutDebt,1,,我做生意失败了，现在在找工作！,1,
讨价还价,2,100,我尽力去凑吧。,106,
Installment,0,,5号发工资,0,
CutDebt,1,,我尽量吧，行不行,106,
CutDebt,1,,全欠很多钱,1,
故意岔开话题,2,109,今天我还不了,1,
CutDebt,1,,免本金可以吗,100,
CutDebt,0,,知道了,106,
CutDebt,1,,在忙,1,
CutDebt,1,,实在是拿不出，尽力了,1,
故意岔开话题,2,109,下一秒的时间,2,
模糊确认,2,106,太好了,2,
故意岔开话题,2,109,没能力,1,
CutDebt,1,,明天再说,104,
CutDebt,1,,你再少些，我就还了,100,
CutDebt,1,,你要我,1,
Installment,0,,稍等,104,
CutDebt,1,,我也不知道，钱还没到账,1,
故意岔开话题,2,109,周末,0,
CutDebt,1,,我之前进去了,109,
故意岔开话题,2,109,时间,2,
CutDebt,1,,你重新申请一下吧,1,
故意岔开话题,2,109,还不起你又能把我怎样,1,
讨价还价,2,100,我现在没能力,1,
Installment,0,,后天,0,
确认数额,2,102,确定没有算错,2,
还款方式,2,108,可以去银行当面交易吗,2,
请求等下打来,2,104,在路上,2,
Installment,0,,一个月,0,
故意岔开话题,2,109,也要花蕊绽放,2,
CutDebt,1,,等我发了工资就还上！,1,
请求等下打来,2,104,等下好吧,2,
确认数额,2,102,利息好高,2,
故意岔开话题,2,109,你们搞这个也太黑了，利息好高,1,
Installment,0,,等会去银行存,0,
CutDebt,1,,处理不了我先还别家了！,109,
模糊确认,2,106,一会去办理,0,
还款方式,2,108,app有减免的活动没有呢,100,
讨价还价,2,100,我跟借一下,1,
Installment,0,,只有这些,1,
CutDebt,1,,到时候再说,1,
CutDebt,1,,我联系我朋友看看,106,
CutDebt,1,,看看到时候能有多少钱我先还上,106,
故意岔开话题,2,109,在路上了,2,
CutDebt,1,,不认识,-1,
讨价还价,2,100,我正在筹钱，你催个毛线啊,1,
CutDebt,1,,来撒,106,
CutDebt,1,,我在看看,1,
请求等下打来,2,104,工作不能用手机,2,
讨价还价,2,100,现在没这多钱，后天吧,0,
故意岔开话题,2,109,吓死恩,1,
Installment,0,,6天,0,
Installment,0,,知道了,106,
Installment,0,,不差钱,106,
讨价还价,2,100,家里穷,1,
模糊确认,2,106,好，我知道了,0,
CutDebt,1,,工资拖欠没发，发了我立马处理！,1,
CutDebt,1,,等发工资再说吧，,1,
模糊确认,2,106,等我考虑下再说,2,
CutDebt,1,,下个月再说,104,
CutDebt,1,,isee,106,
故意岔开话题,2,109,下班后去健身吧,2,
CutDebt,0,,嗯嗯·,106,
CutDebt,1,,这个号码我才换的,1,
讨价还价,2,100,你这能减免，我就还,2,
Installment,0,,那我先换一部分吧,0,1
讨价还价,2,100,朋友还没有答复,1,
模糊确认,2,106,我有钱了,106,
CutDebt,1,,我外面钱要来就还,1,
CutDebt,0,,好人一生平安,109,
CutDebt,1,,慢慢还,1,
还款方式,2,108,红旗连锁能还吗？,2,
CutDebt,0,,我知道了,106,
CutDebt,1,,等下说,104,
CutDebt,1,,我看一下,106,
请求等下打来,2,104,我马上回你,2,
CutDebt,1,,工程款一直没下来。,1,
模糊确认,2,106,你放心,2,
确认数额,2,102,请说出金额？,2,
还款方式,2,108,还是还之前的银行账户嘛,2,
CutDebt,1,,提前一天联系我，我做准备,1,
Installment,0,,一周,0,
请求等下打来,2,104,你等我跟家里商量一下吧,106,
CutDebt,1,,这个时间内，问题大了,1,
模糊确认,2,106,好的,0,
CutDebt,1,,从监狱刚出来的,109,
CutDebt,1,,想办法呢,1,
Installment,0,,在路上,106,
CutDebt,1,,多来点啥。,109,
Installment,0,,这点我还是还得起,0,
CutDebt,1,,我去借钱看看，借到就处理,106,
讨价还价,2,100,利息太高了，能不能只还本金,2,
CutDebt,1,,你还有没有人性啊，我都说我的钱已经给我的母亲看病了，非要逼着我去卖肾吗,1,
CutDebt,1,,我想想,106,
CutDebt,0,,那我等你消息,-1,
模糊确认,2,106,应该可以,0,
CutDebt,1,,我回家跟父母拿,106,
CutDebt,0,,我知道了,106,
Installment,0,,到时候我联系你扣款,0,
模糊确认,2,106,好嘛,0,
模糊确认,2,106,我跟家人商量,2,
Installment,0,,最少还多少,100,
讨价还价,2,100,银行卡被冻结了过几天解封就还,1,
讨价还价,2,100,能不能把利息减免再无息分期？,2,
故意岔开话题,2,109,好漂亮,2,
CutDebt,0,,知道了,106,
模糊确认,2,106,可能,2,
模糊确认,2,106,你放心啥。,2,
模糊确认,2,106,行，我想想办法,0,
模糊确认,2,106,嗯,2,
模糊确认,2,106,欠钱怎么可能不还？,2,
Installment,0,,在路上了,106,
CutDebt,1,,过两月我有个工程款下来就还,0,
确认数额,2,102,已经这么多了？,2,
模糊确认,2,106,我跟家人商量,2,
CutDebt,1,,我会还的，现在不行,1,
Installment,0,,不成问题。,0,
CutDebt,1,,全部减完差不多,1,
讨价还价,2,100,工资还没发,1,
模糊确认,2,106,我跟老板预支看看,2,
讨价还价,2,100,还有没有更低的方案,2,
讨价还价,2,100,工资还没有发,1,
Installment,0,,明天我会还的,0,
CutDebt,1,,你再和债权方商量一下！,1,
讨价还价,2,100,只愿还本金,2,
讨价还价,2,100,过几天看看,1,
CutDebt,0,,今天下午,0,
CutDebt,0,,我知道了,106,
讨价还价,2,100,钱太多,1,
讨价还价,2,100,我不是不想还，只是需要点时间,2,
CutDebt,1,,周边没银行,1,
CutDebt,0,,知道了,106,
模糊确认,2,106,再筹钱了,2,
确认数额,2,102,绝对不可能,1,
CutDebt,1,,我借钱,106,
CutDebt,0,,待会发截图给你,0,
CutDebt,0,,好样的,0,
CutDebt,1,,我在上班,104,
CutDebt,1,,你是来搞笑的吗？少这么一点,1,
讨价还价,2,100,我看能不能凑到在回复你,106,
确认数额,2,102,金额？,2,
讨价还价,2,100,正在凑钱,106,
CutDebt,1,,不方便出去,1,
讨价还价,2,100,工资没发,1,
模糊确认,2,106,嗯,2,
CutDebt,1,,我都着套死了，你还找我要钱，没得,1,
Installment,0,,果断时间可以,1,
Installment,0,,我钱够,106,
CutDebt,1,,家里有事,1,
CutDebt,1,,等我稳定工作处理,1,
请求等下打来,2,104,我在处理一些事情稍等,2,
CutDebt,1,,不是我个人的,1,
讨价还价,2,100,看今天能不能发工资,106,
CutDebt,1,,先去借看看,1,
CutDebt,1,,我都是个快死的人了，你们还逼我要钱啊,1,
故意岔开话题,2,109,好冷咯,2,
故意岔开话题,2,109,家里人可以还吧,2,
CutDebt,1,,等月底,0,
CutDebt,1,,命给你,1,
故意岔开话题,2,109,生病住院,2,
CutDebt,1,,能只还本金吗,100,
CutDebt,1,,你打错了,1,
CutDebt,1,,本金,109,
CutDebt,0,,钱已经要来了,0,
CutDebt,1,,明天再谈,104,
CutDebt,0,,不错,106,
CutDebt,1,,想都别想,1,
模糊确认,2,106,好叻,0,
CutDebt,1,,看看再说,106,
讨价还价,2,100,到时候看看吧,106,
故意岔开话题,2,109,阿拉小得了,106,
讨价还价,2,100,钱到账还,106,
讨价还价,2,100,明显还可以再优惠点儿,2,
讨价还价,2,100,朋友也没给答复,1,
CutDebt,1,,三天内可能不得行,1,
故意岔开话题,2,109,没办法,1,
CutDebt,1,,我这边要申请下,106,
CutDebt,1,,多家欠款,1,
CutDebt,1,,我父亲生病了,1,
CutDebt,1,,金额太大给点时间,1,
故意岔开话题,2,109,你的背包，背到现在还没烂,2,
讨价还价,2,100,能不能再优惠点儿,2,
CutDebt,1,,我想办法发筹钱,1,
确认数额,2,102,在没有别的了吧,2,
CutDebt,0,,明天哦,0,
CutDebt,1,,啥玩意儿，这么多钱？,102,
CutDebt,1,,等下好吧,104,
模糊确认,2,106,可以呀，还一点是一点,2,
确认数额,2,102,没有那么多吧,2,
CutDebt,1,,我今天还几百剩下谁想办法,1,
讨价还价,2,100,工资还没发了,1,
模糊确认,2,106,嗯，好的,0,
CutDebt,1,,我提现到账就处理,106,
讨价还价,2,100,钱没有到账,1,
CutDebt,0,,知道了,106,
模糊确认,2,106,好的,0,
CutDebt,1,,家里人都联系不到,1,
CutDebt,1,,看看能不能拿到钱吧,1,
CutDebt,1,,家里出事情,1,
模糊确认,2,106,应该能还,0,
CutDebt,0,,估计要三五个月的,0,
CutDebt,1,,不好办,1,
模糊确认,2,106,我再看看,2,
CutDebt,0,,我知道,106,
CutDebt,1,,工程款还没下来,1,
故意岔开话题,2,109,发给我也没用,1,
CutDebt,1,,我想办法,1,
CutDebt,1,,变成这么多钱了？,102,
模糊确认,2,106,我等会就去,0,
CutDebt,1,,好几个月没发工资没钱,1,
CutDebt,0,,非常感谢你,106,
CutDebt,1,,人都不好了,1,
讨价还价,2,100,我跟老板预支看看,1,
故意岔开话题,2,109,可以不还吗,1,
模糊确认,2,106,我看看吧,2,
CutDebt,1,,我在工作,104,
模糊确认,2,106,看看吧,2,
CutDebt,1,,我自己一个人上班还要养一家人,1,
CutDebt,1,,我去跟父母要一点,1,
讨价还价,2,100,我回家就处理,0,
还款方式,2,108,我客户端登陆不了,2,
CutDebt,0,,出去了,104,
CutDebt,0,,在体现,109,
请求等下打来,2,104,等回去,106,
CutDebt,1,,我看看吧,106,
请求等下打来,2,104,十五号联系我,0,
请求等下打来,2,104,现在有事，没办法处理,2,
CutDebt,1,,给其施压,-1,
CutDebt,1,,没有呢,1,
模糊确认,2,106,不会不还,2,
故意岔开话题,2,109,我不确定,106,
CutDebt,1,,我想办法,106,
讨价还价,2,100,今天可能还不上,1,
故意岔开话题,2,109,输了300多万,2,
CutDebt,1,,再筹钱了,1,
CutDebt,1,,我可以再分期还不？,100,
讨价还价,2,100,到时再说,1,
CutDebt,1,,我需要考虑考虑,106,
CutDebt,1,,你这和没减有什么区别,1,
确认数额,2,102,我再看看我之前的欠款记录，看看正确不,2,
CutDebt,1,,过段时间,1,
Installment,0,,我会尽快处理,0,
Installment,0,,知道了,106,
讨价还价,2,100,你帮我在减免一点我就处理掉,2,
模糊确认,2,106,再说吧,2,
CutDebt,1,,刚上班，还没发工资。,1,
CutDebt,1,,我尽量在..时间处理部分！,1,
讨价还价,2,100,要是可以再少一点就可以,2,
CutDebt,1,,我在医院,109,
讨价还价,2,100,小孩这两天开学学费,1,
讨价还价,2,100,我现在资金有点周转不开啊,1,
讨价还价,2,100,工资拖欠没发，发了我立马处理！,1,
CutDebt,1,,肯定没有,1,
讨价还价,2,100,身上没这么钱,1,
故意岔开话题,2,109,我也不知道,1,
确认数额,2,102,没欠这么多钱吧,2,
故意岔开话题,2,109,雨下太大，没法去处理,1,
CutDebt,1,,把利息停了,100,
故意岔开话题,2,109,我先唱一首歌吧,2,
CutDebt,1,,下次在申请,1,
CutDebt,0,,嗯嗯,106,
Installment,0,,28号才能发工资,0,
故意岔开话题,2,109,不知道了,106,
讨价还价,2,100,我想还没有钱,1,
CutDebt,0,,漂亮,109,
CutDebt,1,,看情况吧,106,
CutDebt,1,,我下午联系你,104,
CutDebt,1,,到时候联系你,1,
模糊确认,2,106,可以，尽量想办法,0,
模糊确认,2,106,行,0,
模糊确认,2,106,到时我去处理,0,
讨价还价,2,100,我考虑考虑,106,
模糊确认,2,106,嗯,2,
讨价还价,2,100,我会还的，等我有钱了,1,
故意岔开话题,2,109,不知道,106,
Installment,0,,我去办理，,0,
Installment,0,,周末,0,
故意岔开话题,2,109,说散就散,2,
CutDebt,1,,过几天就还了,1,
Installment,0,,随时随地,106,
讨价还价,2,100,我去借一下,1,
Installment,0,,我愿意,0,
故意岔开话题,2,109,的份张三额,2,
CutDebt,0,,我知道了,106,
CutDebt,1,,我已经说过没有钱，你们不相信我可以把银行卡余额给你看！,1,
讨价还价,2,100,只能先还一部分,1,
CutDebt,1,,我看看,106,
CutDebt,1,,多半不够,1,
CutDebt,1,,你们高利贷,1,
CutDebt,1,,等老婆发工资的,1,
CutDebt,1,,果断时间可以,1,
还款方式,2,108,能再缓几天可以不,100,
模糊确认,2,106,好,0,
CutDebt,1,,我跟家人商量,106,
CutDebt,1,,我还差点，,1,
讨价还价,2,100,这样吧，多给我四天，我肯定能还,2,
CutDebt,1,,你帮我想办法,1,
CutDebt,1,,没得钱还你,1,
故意岔开话题,2,109,不说话,1,
CutDebt,1,,不认识,-1,
CutDebt,1,,我看看吧,106,
模糊确认,2,106,恩？,2,
CutDebt,1,,等等，我在和朋友要钱！,1,
请求等下打来,2,104,等等会处理,0,
讨价还价,2,100,等我有钱再说,1,
CutDebt,1,,我在上班,104,
Installment,0,,卡里有一点,1,
CutDebt,1,,等下个月月底吧,0,
请求等下打来,2,104,没有时间,2,
CutDebt,1,,全身家当50块钱，别不信，你找到我也是这样。,1,
确认数额,2,102,你这个金额怕是有点问题，我还得再确认下,2,
CutDebt,1,,兄弟，你借点给我？,1,
CutDebt,1,,能不能再少点  我去借点处理,100,
CutDebt,1,,钱还没借到，我在找别人借！,1,
讨价还价,2,100,办理不了转账,1,
CutDebt,1,,我看能不能借到钱,1,
Installment,0,,双手赞成,0,
CutDebt,1,,手里紧张,1,
讨价还价,2,100,还能在少点吗,2,
模糊确认,2,106,好，我想想办法，正好最近性情好，办法总是容易想出来,2,
讨价还价,2,100,我在凑钱,1,
Installment,0,,行，你们中途不要打扰我家人,0,
讨价还价,2,100,好几个月没发工资没钱,1,
CutDebt,1,,以后还,1,
CutDebt,1,,多免点啥。,100,
CutDebt,1,,生意失败了,1,
CutDebt,1,,还要再等等,1,
讨价还价,2,100,钱借钱,1,
模糊确认,2,106,我也不知道,2,
CutDebt,1,,我爸妈过几天就回来了给钱,106,
模糊确认,2,106,好好，我听到起在,0,
CutDebt,1,,以后再说,1,
故意岔开话题,2,109,一壶好酒,2,
模糊确认,2,106,我不确定,2,
CutDebt,1,,看情况吧,106,
确认数额,2,102,可以一起还吗,2,
故意岔开话题,2,109,来撒,106,
模糊确认,2,106,我到底是接受还是不接受,2,
CutDebt,1,,现在没这多钱，后天吧,0,
讨价还价,2,100,还是太多,1,
故意岔开话题,2,109,生病了,2,
CutDebt,1,,利息能不能也分期,100,
CutDebt,0,,账号发给我,108,
CutDebt,1,,等发了工资的,1,
模糊确认,2,106,可以啊,0,
CutDebt,1,,等我发工资的,106,
CutDebt,1,,问问老婆同不同意,106,
模糊确认,2,106,凑到这么多钱了,2,
模糊确认,2,106,5号发工资,2,
故意岔开话题,2,109,明天朋友就换我钱了,106,
CutDebt,1,,还不如不减呢,1,
请求重复,2,103,为什么不说话,2,
CutDebt,1,,贷款不知道什么时候下来。,1,
讨价还价,2,100,20号,0,
讨价还价,2,100,还能不能再少一点了,2,
模糊确认,2,106,恩,2,
CutDebt,1,,到那天再联系,1,
讨价还价,2,100,违约金太多了,2,
讨价还价,2,100,我去借看看,106,
故意岔开话题,2,109,说散就散,2,
CutDebt,1,,你咬我,109,
讨价还价,2,100,想办法还,106,
模糊确认,2,106,借一下吧,2,
模糊确认,2,106,真好,2,
请求重复,2,103,啥？啥时间一定还？,2,
CutDebt,1,,能把本金打个五折么？,100,
CutDebt,1,,工作不稳定,1,
CutDebt,1,,再协商,1,
模糊确认,2,106,好的,0,
CutDebt,1,,你是不想脑子坏了,1,
请求更新金额,2,110,那之前我还的利息可以抵扣本金么,100,
故意岔开话题,2,109,我没空,1,
CutDebt,1,,这样我跟家里商量下,106,
CutDebt,1,,但是还太多,1,
CutDebt,0,,我知道了,106,
CutDebt,1,,你等下,104,
CutDebt,0,,早就嘛，我早就可以还给你们了,0,
请求更新金额,2,110,减了就处理,100,1
模糊确认,2,106,我想想办法,106,
CutDebt,1,,不认识,-1,
讨价还价,2,100,我还在借,1,
讨价还价,2,100,我去想想办法,106,
Installment,0,,我只能还几百,1,
模糊确认,2,106,应该可以,0,
CutDebt,1,,明白,106,
故意岔开话题,2,109,我还是张大大呢,2,
故意岔开话题,2,109,也挺,2,
模糊确认,2,106,我尽量,2,
CutDebt,1,,发工资再处理行吗,1,
故意岔开话题,2,109,老板拖欠N个月工资，后天就发了，肯定还！,0,
CutDebt,1,,我周转一下！,1,
CutDebt,1,,别人还没还我钱了,1,
CutDebt,1,,我现在资金不足,1,
CutDebt,1,,月底联系我,1,
Installment,0,,下个星期,0,
讨价还价,2,100,5号可能发工资,106,
讨价还价,2,100,我尽量在这之前还上,106,
还款方式,2,108,我换张卡给你转,2,
讨价还价,2,100,别人钱我钱，正在要钱,1,
CutDebt,1,,等我想想，之后给你回复,1,
请求更新金额,2,110,你申请吧,109,1
讨价还价,2,100,我现在没那么多钱,1,
请求等下打来,2,104,以后再说,1,
讨价还价,2,100,到时候尽量处理点,1,
CutDebt,1,,有钱我就还,1,
讨价还价,2,100,不行，没办法呀,1,
CutDebt,1,,不认识,-1,
模糊确认,2,106,在领工资,1,
故意岔开话题,2,109,高利贷吧,1,
Installment,0,,钱到账,106,
Installment,0,,知道了,106,
模糊确认,2,106,我想想办法,2,
模糊确认,2,106,早就该减免了，本来就没得钱你们还收这么高的利息，损人不利己啊,2,
CutDebt,1,,数额太大了，我先想想吧,1,
CutDebt,1,,我家庭情况你也知道....在帮帮我吧！,1,
讨价还价,2,100,我再考虑下吧,106,
请求等下打来,2,104,我要工作了,2,
CutDebt,1,,我有钱就去还,1,
讨价还价,2,100,这个时间紧啊,1,
CutDebt,1,,我没空,1,
CutDebt,1,,等父母给钱的,1,
CutDebt,0,,好人有好报,109,
讨价还价,2,100,发工资再说吧,1,
CutDebt,1,,不如你们把本金也免了吧，这样我就还得起了,1,
模糊确认,2,106,我现在确定不了,2,
CutDebt,1,,我周转一下,106,
确认数额,2,102,全欠很多钱,109,
回问身份,2,107,这个号码我才换的,1,
CutDebt,1,,发工资地吧,1,
Installment,0,,再等我一分钟,109,
故意岔开话题,2,109,还你妹,1,
CutDebt,0,,三天内,0,
CutDebt,1,,我在医院,1,
CutDebt,1,,等回去,104,
故意岔开话题,2,109,钱钱都舍不得,2,
模糊确认,2,106,我一定处理,2,
讨价还价,2,100,父亲住院没钱,1,
模糊确认,2,106,小事,2,
模糊确认,2,106,嗯,2,
故意岔开话题,2,109,钱钱钱，命相连了,2,
模糊确认,2,106,可以吧,0,
故意岔开话题,2,109,树好高,2,
Installment,0,,在要钱,106,
CutDebt,1,,我现在也不确定,1,
CutDebt,1,,孩子生病了,1,
CutDebt,1,,骗子,1,
CutDebt,1,,我去哪里偷啊,1,
CutDebt,1,,会处理，但现在没钱,1,
Installment,0,,具体还多少,102,
CutDebt,0,,嗯嗯,106,
CutDebt,1,,我到时还全款,0,
故意岔开话题,2,109,我难得还了,1,
CutDebt,1,,到时候尽量处理点,1,
模糊确认,2,106,10号打工资,2,
CutDebt,1,,后天联系我,104,
讨价还价,2,100,可能不行,1,
CutDebt,0,,你真是一个好人,109,
讨价还价,2,100,我想还只是现在没钱,1,
还款方式,2,108,转账可以吧,2,
CutDebt,1,,钱借钱,1,
CutDebt,1,,钱还没到位,1,
还款方式,2,108,你把账号发给我,2,
Installment,0,,2天,0,
CutDebt,1,,给我再想想吧,1,
CutDebt,1,,金额太高，我想想办,1,
CutDebt,1,,我有钱了我自己去还,1,
CutDebt,1,,我考虑一下,106,
故意岔开话题,2,109,坐牢才出来,2,
还款方式,2,108,你把账号发给我,2,
请求等下打来,2,104,明天联系我吧,2,
Installment,0,,嗯嗯,106,
Installment,0,,9天,0,
模糊确认,2,106,行,0,
讨价还价,2,100,只能先处理一部分,1,
讨价还价,2,100,利息太多,1,
CutDebt,1,,家庭开销太大,1,
CutDebt,1,,刚上班,1,
故意岔开话题,2,109,给其施压,2,
讨价还价,2,100,去贷点款处理,1,
请求等下打来,2,104,再等我一分钟,2,
CutDebt,1,,货还没卖出去,1,
讨价还价,2,100,我在考虑考虑一下,1,
模糊确认,2,106,嗯,2,
讨价还价,2,100,我觉得太高了,1,
Installment,0,,钱已经要来了,0,
讨价还价,2,100,能不能多给点时间,1,
Installment,0,,我姐只给我500元,1,1
CutDebt,1,,我也不知道朋友钱今天能不能到,1,
模糊确认,2,106,我待会看看吧,2,
Installment,0,,好叻,0,
请求重复,2,103,今天多少处理？,2,
CutDebt,0,,我没意见,0,
CutDebt,0,,我知道了,106,
CutDebt,1,,你打错了,1,
CutDebt,1,,我现在在外地,1,
CutDebt,0,,三天内呀,9,
CutDebt,1,,no,1,
CutDebt,1,,待会再说,104,
故意岔开话题,2,109,可以相信,2,
Installment,0,,一个月以后可以,0,
故意岔开话题,2,109,人都不好了,2,
讨价还价,2,100,今天工程款可能下来,1,
CutDebt,0,,知道了,106,
Installment,0,,行，我知道了，你等我联系你,0,
CutDebt,0,,一个月以后可以,0,
CutDebt,1,,我尽快筹钱,1,
模糊确认,2,106,可以把这个事情处理掉。,2,
CutDebt,0,,行嘛。,0,
讨价还价,2,100,工地几个月才发工资,1,
CutDebt,1,,现在没钱先处理部分,1,
Installment,0,,月底联系我,1,
讨价还价,2,100,我去借钱,1,
模糊确认,2,106,行，也行吧,0,
讨价还价,2,100,我能少还点吗,2,
CutDebt,1,,利息高啊？,1,
请求更新金额,2,110,减免以后会处理,100,
模糊确认,2,106,没说不还,2,
CutDebt,1,,钱还没到位,1,
CutDebt,1,,别打我电话，我有钱联系我,1,
CutDebt,0,,以到银行卡,0,
CutDebt,1,,身上没这么钱,1,
讨价还价,2,100,需要时间,2,
CutDebt,1,,你们这利息太高了,1,
模糊确认,2,106,月底发工资,2,
故意岔开话题,2,109,你生的儿子没屁眼儿,2,
故意岔开话题,2,109,去一班玩去,2,
CutDebt,1,,等我躲过了这场洪水再说吧,109,
CutDebt,0,,在路上了,0,
故意岔开话题,2,109,到那天天不处理后果自负。,2,
Installment,0,,知道了,106,
故意岔开话题,2,109,我愿意认识就认识，不愿意就不认识,1,
CutDebt,1,,天天催啥子嘛！没得钱还！,1,
CutDebt,1,,不认识,109,
故意岔开话题,2,109,提现,2,
CutDebt,1,,我有钱就第一时间给你打过来,106,
模糊确认,2,106,那好吧,2,
CutDebt,1,,我再算算,1,
模糊确认,2,106,我想想办法吧,2,
CutDebt,1,,我在想想吧,1,
Installment,0,,现在转账,0,
CutDebt,1,,可以延期吗,100,
模糊确认,2,106,好的，我知道了,0,
Installment,0,,哈 好啊,0,
讨价还价,2,100,等我有钱的,1,
模糊确认,2,106,好的，好的，好的,0,
讨价还价,2,100,可以少还一点,2,
CutDebt,1,,回头再说,1,
CutDebt,1,,不好,1,
模糊确认,2,106,我想想办法,2,
还款方式,2,108,好，你可以接受现金支票吗？,2,
讨价还价,2,100,钱没有到位,1,
模糊确认,2,106,可以相信,2,
Installment,0,,明天,0,
故意岔开话题,2,109,其他人的,2,
模糊确认,2,106,早这样不就早还了吗！,2,
CutDebt,0,,提前联系我,0,
请求等下打来,2,104,等会就好,0,
讨价还价,2,100,可能还不上,1,
讨价还价,2,100,再看看,106,
CutDebt,1,,说个串串哦,1,
讨价还价,2,100,工作不稳定,1,
Installment,0,,钱刚好够,0,
模糊确认,2,106,好好好,0,
模糊确认,2,106,我想想办法,2,
讨价还价,2,100,等有钱的,1,
讨价还价,2,100,朋友钱到了就还,1,
请求重复,2,103,真的？,2,
CutDebt,1,,爱扎炸滴,1,
CutDebt,1,,过几天,1,
Installment,0,,随时随地,0,
讨价还价,2,100,那我先凑,106,
讨价还价,2,100,听说本金也可以减免啊,2,
CutDebt,1,,信用卡到期,1,
讨价还价,2,100,我也不知道，钱还没到账,1,
CutDebt,1,,不是我借的,1,
讨价还价,2,100,想办法借钱,106,
讨价还价,2,100,回头再说,1,
讨价还价,2,100,听说本金也可以减免啊,2,
讨价还价,2,100,能不能在少点,2,
CutDebt,1,,具体我要等答复,1,
讨价还价,2,100,家里出事没钱,1,
讨价还价,2,100,我在考虑考虑,106,
故意岔开话题,2,109,汽车还多啊,2,
讨价还价,2,100,车子卖了还,106,
讨价还价,2,100,过一段时间,1,
CutDebt,1,,我很穷,1,
CutDebt,1,,我是有事耽搁了,1,
CutDebt,1,,我在医院我母亲生病,1,
模糊确认,2,106,我会还的,2,
模糊确认,2,106,钱已经要来了,2,
模糊确认,2,106,我尽量,2,
模糊确认,2,106,好好好,0,
Installment,0,,三天后,0,
故意岔开话题,2,109,来我家拿,108,
CutDebt,1,,我的任务都没有完成的呢,1,
模糊确认,2,106,放心,2,
讨价还价,2,100,我有钱了肯定会处理,1,
Installment,0,,再见,1,
讨价还价,2,100,等我稳定工作处理,1,
Installment,0,,下个月一起,0,
CutDebt,1,,你看着办,1,
CutDebt,0,,谢谢您,106,
请求等下打来,2,104,我马上要开会了,2,
CutDebt,1,,我考虑下,106,
CutDebt,1,,后年再说,1,
模糊确认,2,106,这样啊,2,
CutDebt,1,,假的,1,
CutDebt,0,,转账可以吧,108,
CutDebt,1,,把APP金额减了我等下自己还,110,
请求等下打来,2,104,等下个再联系我,2,
故意岔开话题,2,109,我马上下载看看,2,
Installment,0,,美女，帮帮忙喽，明天可以,0,
CutDebt,0,,钱到了，扣款吧。,0,
CutDebt,1,,你不是认真的吧,1,
故意岔开话题,2,109,你要是还要这么高,2,
CutDebt,1,,孩子要读书,109,
CutDebt,1,,我回去商量一下,106,
模糊确认,2,106,嗯，好,2,
讨价还价,2,100,看看吧,106,
模糊确认,2,106,我想一下,2,
CutDebt,1,,你在少点我就借钱处理了,100,
CutDebt,1,,最近资金周转不开,1,
CutDebt,1,,分期,100,
CutDebt,1,,你帮帮我,1,
CutDebt,1,,等有钱的,1,
CutDebt,1,,收了我嘛,1,
CutDebt,1,,你等我跟家里商量一下吧,106,
CutDebt,1,,也不差这几天,1,
故意岔开话题,2,109,这个保证不了,1,
模糊确认,2,106,好的，我知道了,0,
Installment,0,,你不是已经说过了吗肯定会还的,0,
CutDebt,1,,不好处理,1,
CutDebt,1,,高利贷吧,1,
故意岔开话题,2,109,人血馒头不好吃,2,
CutDebt,1,,我家穷,1,
CutDebt,1,,绝对不可能,1,
CutDebt,1,,等我这批货卖出去的,1,
CutDebt,1,,我考虑考虑,106,
确认数额,2,102,我现在也不确定,106,
CutDebt,1,,我考虑考虑,106,
CutDebt,0,,钱到位了联系你,106,
CutDebt,1,,这个时间内，有问题,1,
CutDebt,1,,再说,1,
CutDebt,1,,还有其他欠款要处理,1,
CutDebt,1,,不要急,1,
CutDebt,1,,我现在只还……,1,
CutDebt,1,,有钱了再说,1,
讨价还价,2,100,工程款下来就还了,106,
讨价还价,2,100,等几天吧,1,
故意岔开话题,2,109,失去后才明白当初该好好珍惜她,2,
CutDebt,1,,钱没到,1,
Installment,0,,在路上,104,
故意岔开话题,2,109,看来还是很年轻了,2,
Installment,0,,在提现,0,
CutDebt,1,,老板跑了,1,
讨价还价,2,100,能减本金就好了,2,
CutDebt,1,,还早吧,1,
故意岔开话题,2,109,神经病没5天能还？,1,
故意岔开话题,2,109,小溪向东去,2,
还款方式,2,108,我现在有钱，但是不知道如何还,2,
故意岔开话题,2,109,趁着夜还未央,2,
CutDebt,1,,还没借到钱。,1,
CutDebt,1,,老板拖欠工资，说下个月一起发,1,
讨价还价,2,100,我去借钱看看，借到就处理,106,
确认数额,2,102,变成这么多钱了？,2,
讨价还价,2,100,不能保证，得看工程款到不到,1,
确认数额,2,102,利息能不能也分期,100,
模糊确认,2,106,我想办法周转,2,
讨价还价,2,100,钱不一定能凑齐,1,
CutDebt,1,,你记一下这个电话，如果联系不到我，找他也可以,1,
请求更新金额,2,110,那你现在就把他处理掉，两个小时之内。,2,
Installment,0,,月末,0,
还款方式,2,108,我身上只有现金，要怎么处理,2,
模糊确认,2,106,我尽量,2,
CutDebt,1,,回不去,1,
讨价还价,2,100,现在没钱先处理部分,1,
模糊确认,2,106,在银行,2,
讨价还价,2,100,先还二百,1,
CutDebt,1,,这么急怎么可能,1,
模糊确认,2,106,都这样了我不还还是个人吗,2,
CutDebt,1,,你这是逼人跳楼吗？,1,
CutDebt,0,,明天行吗,0,
讨价还价,2,100,金额高了,2,
CutDebt,0,,我知道了,106,
Installment,0,,帅哥，帮帮忙喽，明天可以,0,
CutDebt,1,,欠好多家,1,
讨价还价,2,100,我也想还，但我现在真的很困难,1,
CutDebt,0,,过半小时你扣款,0,
讨价还价,2,100,家里车房子正在拍卖,1,
CutDebt,0,,赞同,0,
CutDebt,1,,不认识,-1,
CutDebt,1,,我现在资金紧张,1,
模糊确认,2,106,行，好的，你放心,0,
Installment,0,,我回家就处理,0,
CutDebt,1,,我觉得今天不一定有钱啊,1,
Installment,0,,知道了,106,
模糊确认,2,106,待会我还100,1,
CutDebt,1,,我怎么可能借钱,1,
CutDebt,1,,财务说马上发工资,1,
讨价还价,2,100,父母正在周转。,106,
模糊确认,2,106,我再想想办法吧,2,
CutDebt,1,,不要打电话了，会还的,106,
CutDebt,1,,等会,1,
CutDebt,1,,俺米得,1,
讨价还价,2,100,能不能少点啊,2,
CutDebt,1,,我考虑下,106,
模糊确认,2,106,说了算数,2,
CutDebt,1,,我没准备好还,1,
CutDebt,0,,老板拖欠N个月工资，后天就发了，肯定还！,0,
讨价还价,2,100,工资不确定发不发,1,
CutDebt,0,,减免下个月处理,0,
讨价还价,2,100,可以，但是要等到下个月,0,
讨价还价,2,100,不行，没办法安妮说的,1,
CutDebt,1,,我还差点，,1,
Installment,0,,7天,0,
讨价还价,2,100,分期还可以吗,2,
Installment,0,,明天你查账就行了,0,
模糊确认,2,106,行吧，想办法,0,
模糊确认,2,106,恩,2,
CutDebt,1,,离银行有点远,1,
还款方式,2,108,浪个弄？,2,
CutDebt,1,,坐牢才出来,109,
确认数额,2,102,我根本就没有借那么多,2,
故意岔开话题,2,109,阳光好好,2,
CutDebt,1,,我每个月还一部分,1,
Installment,0,,有多少处理多少,0,
CutDebt,0,,行我想办法借钱,0,
故意岔开话题,2,109,时间,2,
讨价还价,2,100,工程款没下来,1,
讨价还价,2,100,不知道过两天发不发工资,1,
模糊确认,2,106,恩,2,
CutDebt,0,,到时候你直接在卡上扣款就行了,0,
CutDebt,1,,等我发工资的吧,1,
CutDebt,1,,能给我多久的时间,1,
模糊确认,2,106,能筹到钱吧,2,
CutDebt,1,,我考虑下,106,
模糊确认,2,106,好，知道了,0,
讨价还价,2,100,可以分期不,2,
CutDebt,1,,如果分期还款，可以考虑,100,
CutDebt,1,,工程款下来就能还了,1,
CutDebt,1,,工程款下来就还了,1,
CutDebt,0,,没啥不可以的了。,0,
CutDebt,1,,朋友还没有答复,1,
Installment,0,,是的吧,0,
讨价还价,2,100,父母能不能帮忙,106,
模糊确认,2,106,我考虑考虑,2,
模糊确认,2,106,我会还,0,
CutDebt,1,,等我发工资了再说吧,1,
Installment,0,,知道了,106,
故意岔开话题,2,109,一下都没心情了,2,
CutDebt,1,,我没空,1,
模糊确认,2,106,我考虑考虑,2,
Installment,0,,哈哈，可以,0,
CutDebt,1,,现在手头紧,1,
故意岔开话题,2,109,好美丽,2,
讨价还价,2,100,再等等等吧,1,
CutDebt,1,,最近手头紧,1,
Installment,0,,不差钱,106,
Installment,0,,十天内,0,
Installment,0,,后天,0,
讨价还价,2,100,还要再等等,1,
讨价还价,2,100,贷款今天不确定下来,1,
模糊确认,2,106,家人在帮忙筹钱，就这几天,2,
请求更新金额,2,110,得不得影响个人征信,1,
CutDebt,1,,车子卖了还,1,
CutDebt,1,,我不确定,106,
讨价还价,2,100,孩子上学没钱,1,
CutDebt,1,,绝对没问题,0,
CutDebt,1,,在要钱的路上,1,
CutDebt,1,,我尽量,106,
讨价还价,2,100,我会还的，现在不行,1,
回问身份,2,107,骗子,1,
CutDebt,0,,给我半个月时间,0,
CutDebt,1,,凭本事借钱为什要还,1,
Installment,0,,OKOK,0,
Installment,0,,明天哦,0,
CutDebt,1,,我在山区短时间出不去,1,
讨价还价,2,100,家人正在帮忙筹钱,106,
CutDebt,1,,能减本金就好了,1,
讨价还价,2,100,今天不一定发工资,1,
CutDebt,0,,OKOK,0,
CutDebt,1,,在给一两个月,0,
CutDebt,1,,没没没,1,
CutDebt,0,,我知道了,106,
CutDebt,1,,有钱我立刻就处理,1,
CutDebt,1,,我欠钱太多了,1,
CutDebt,1,,我在山里头来不及,1,
CutDebt,1,,一个星期以后,0,
模糊确认,2,106,他说去银行了,0,
讨价还价,2,100,多少多少我就还,1,
CutDebt,1,,这个真的有点儿坑,1,
故意岔开话题,2,109,转告不了,-1,
请求等下打来,2,104,马上回来,109,
CutDebt,1,,我筹到钱马上联系你,1,
Installment,0,,再见,1,
Installment,0,,知道了,106,
CutDebt,0,,好嘛，好嘛。,0,
模糊确认,2,106,都说了会还,0,
Installment,0,,太好了，这下好多了。,0,
讨价还价,2,100,我尽量吧,106,
CutDebt,1,,全免了我可以接受,1,
CutDebt,0,,我知道了,106,
讨价还价,2,100,工资还没发！,1,
CutDebt,0,,我等下处理了给你回复,0,
CutDebt,1,,我哪来这么多钱,1,
CutDebt,1,,我欠钱太多了,1,
Installment,0,,卡里有钱,0,
CutDebt,1,,我给老板打个电话,1,
讨价还价,2,100,能不能先还一半，后面的分期,2,
CutDebt,1,,要么在帮我减点，要么就分期还！,2,
CutDebt,1,,不打清楚,1,
讨价还价,2,100,等我发工资,1,
讨价还价,2,100,能不能在少点,2,
CutDebt,0,,我有钱,106,
CutDebt,1,,金额有点高,1,
CutDebt,1,,再通融一下，再和领导说说？,1,
CutDebt,1,,我尽量哈,106,
模糊确认,2,106,行，到那天再说了,106,
讨价还价,2,100,也不差这几天,1,
CutDebt,1,,不认识,1,
讨价还价,2,100,我还在找,1,
CutDebt,1,,我觉得太高了,1,
Installment,0,,明天吧，让我去借,0,
CutDebt,0,,嗯嗯,106,
讨价还价,2,100,利息去了我还的上,2,
模糊确认,2,106,我有钱,2,
还款方式,2,108,我没的你们的银行卡号啊，还不了啊,2,
CutDebt,1,,在帮你协商下吧,109,
讨价还价,2,100,等以后有钱的,1,
讨价还价,2,100,能不能减免,2,
CutDebt,1,,这是什么方案，我不接受,1,
CutDebt,1,,银行卡被冻结了，你来我家拿钱,108,
讨价还价,2,100,贷款下来还,1,
CutDebt,1,,很紧张,109,
CutDebt,0,,太棒了,106,
讨价还价,2,100,钱不确定什么时候到,1,
CutDebt,1,,朋友转过来就还上,1,
CutDebt,0,,钱以到位,0,
讨价还价,2,100,工资延迟发了。,1,
Installment,0,,给我半个月时间,0,
讨价还价,2,100,老板钱没拿到，不确定什么发工资,1,
CutDebt,0,,amazing,106,
Installment,0,,3天,0,
CutDebt,1,,你减免了我看看,110,
CutDebt,1,,月底再联系我,1,
Installment,0,,三天内,0,
CutDebt,1,,发工资就还,1,
CutDebt,0,,我知道了,106,
CutDebt,1,,又不是不还,1,
故意岔开话题,2,109,正在银行,0,
讨价还价,2,100,钱还没借到，我在找别人借！,1,
CutDebt,0,,漂亮,109,
Installment,0,,到时候通知你,106,
CutDebt,1,,我求求,109,
讨价还价,2,100,15号,0,
讨价还价,2,100,有一个工程款要结有钱了立马还,1,
模糊确认,2,106,会还的,2,
请求更新金额,2,110,只要减免下来我肯定处理,100,
讨价还价,2,100,要去借钱,1,
讨价还价,2,100,钱太多了,1,
模糊确认,2,106,我考虑下,2,
讨价还价,2,100,等我发工资的,1,
CutDebt,1,,逼死我得了，我就这么一百多斤，你把我卖了看值多少钱,1,
CutDebt,0,,麻烦你,106,
确认数额,2,102,真假的,2,
CutDebt,1,,等下个再联系我,104,
故意岔开话题,2,109,尚能饭否,2,
讨价还价,2,100,还是多,1,
CutDebt,1,,不认识,109,
讨价还价,2,100,发工资就还,1,
CutDebt,1,,我想想,106,
CutDebt,0,,等会发凭条,0,
请求更新金额,2,110,我还了之后你得帮我延期啊,2,
CutDebt,1,,回头再说,1,
模糊确认,2,106,要得，我知道,0,
Installment,0,,明白,106,
讨价还价,2,100,我再想想,106,
CutDebt,0,,我知道了,106,
Installment,0,,知道了,106,
CutDebt,1,,我想还只是现在没钱,1,
Installment,0,,明天再还,0,
模糊确认,2,106,到时候你联系我,2,
讨价还价,2,100,借借看吧+,106,
Installment,0,,明天呢,0,
CutDebt,0,,发誓，如果处理不了,0,
CutDebt,1,,可能还不上,1,
讨价还价,2,100,我现在没那么多钱。,1,
Installment,0,,明天,0,
模糊确认,2,106,行，好的，你放一万个心,0,
模糊确认,2,106,找老板先支一点还,0,
讨价还价,2,100,如果还能减免一些，我考虑下,2,
CutDebt,0,,那你申请吧,110,
CutDebt,0,,利息都能免,109,
模糊确认,2,106,我月底发工资,2,
CutDebt,1,,等等在说,104,
故意岔开话题,2,109,我不感兴趣哈。,1,
模糊确认,2,106,行了,0,
故意岔开话题,2,109,不要急,106,
讨价还价,2,100,等会去银行存,0,
CutDebt,1,,不认识,-1,
讨价还价,2,100,老板还没有发,1,
CutDebt,1,,没用啊,1,
讨价还价,2,100,我去跟父母要一点,1,
模糊确认,2,106,考虑考虑,2,
Installment,0,,发誓，如果处理不了,106,
模糊确认,2,106,好,0,
CutDebt,1,,办理不了转账,1,
CutDebt,1,,我待会看看吧,106,
讨价还价,2,100,要是我还不还，是不是下次就本金减一半啊,1,
模糊确认,2,106,行，行，行,0,
CutDebt,1,,我知道了，回家商量一下,106,
讨价还价,2,100,没有那么多,1,
CutDebt,1,,不认识,-1,
Installment,0,,莫问题，等下打。,0,
CutDebt,1,,来撒，来打我嘛,1,
CutDebt,1,,我想办法借钱,1,
故意岔开话题,2,109,等我躲过了这场洪水再说吧,2,
讨价还价,2,100,我尽量哈,106,
CutDebt,0,,那好吧,0,
CutDebt,1,,还有其他平台要还,1,
CutDebt,0,,等下说,104,
还款方式,2,108,app崩溃了，我试了，还不起,2,
CutDebt,1,,帮我多申请点时间,100,
Installment,0,,三天内呀,0,
Installment,0,,这样可行,0,
Installment,0,,等会还,0,
讨价还价,2,100,我考虑考虑,106,
CutDebt,1,,不行，没办法呀,1,
CutDebt,1,,应该做不到,1,
CutDebt,1,,可能不太行,1,
讨价还价,2,100,钱到就还,1,
CutDebt,1,,不知道过两天发不发工资,1,
CutDebt,1,,有一个工程款要结有钱了立马还,1,
CutDebt,1,,我借一下看看！,1,
故意岔开话题,2,109,家里没没粮食了,2,
CutDebt,1,,自己在工地，工资一年结一次,1,
CutDebt,1,,朋友不借给我,1,
CutDebt,0,,阿拉小得了，听到了吧,106,
CutDebt,1,,在国外,1,
模糊确认,2,106,恩,2,
Installment,0,,一会去办理,0,
CutDebt,1,,去你的,1,
CutDebt,1,,sorry,1,
CutDebt,1,,父亲住院没钱,1,
CutDebt,1,,不认识,-1,
请求等下打来,2,104,我马上吃饭了,2,
CutDebt,1,,我去借一下,1,
CutDebt,1,,不能保证，得看工程款到不到,106,
还款方式,2,108,可以银联卡转账？,2,
CutDebt,1,,不认识,-1,
CutDebt,1,,家里出事没钱,1,
模糊确认,2,106,我会积极处理的,2,
CutDebt,1,,钱被看病用了,1,
故意岔开话题,2,109,出去了,2,
确认数额,2,102,那我还掉是不是就能结清啊,2,
Installment,0,,好像能,0,
请求重复,2,103,可以什么？,2,
确认数额,2,102,利息太高,1,
讨价还价,2,100,等月底,0,
CutDebt,0,,我身上正好够,0,
CutDebt,1,,工程款没下来,1,
模糊确认,2,106,你等我考虑一下吧,2,
讨价还价,2,100,这个减免。我也法处理，,2,
模糊确认,2,106,嗯嗯,2,
Installment,0,,APP还款,0,
Installment,0,,再提现,106,
CutDebt,1,,等我有工作的,1,
讨价还价,2,100,金额太高，我想想办法,106,
Installment,0,,今天下午,0,
Installment,0,,可以，我会行办法的,0,
讨价还价,2,100,货还没卖出去,1,
CutDebt,1,,想办法借钱,1,
CutDebt,1,,这个月底行不行,0,
Installment,0,,答应你的我一定会做到,0,
Installment,0,,明天,0,
CutDebt,1,,我正在筹钱，你催个毛线啊,1,
讨价还价,2,100,工程款下来就能还了,1,
Installment,0,,说定喽,0,
模糊确认,2,106,嗯,2,
CutDebt,1,,能不能分期还,100,
CutDebt,1,,在打官司,1,
还款方式,2,108,确认还款方式,2,
模糊确认,2,106,嗯嗯,2,
故意岔开话题,2,109,我没在家,2,
Installment,0,,我去借钱处理一部分,1,
讨价还价,2,100,这个金额可不可以再少点,2,
确认数额,2,102,怎么分期了每期还是这么多啊,2,
故意岔开话题,2,109,认识与否，我就在这里，你还能那我咋地,2,
CutDebt,1,,过两天处理,1,
CutDebt,1,,尽量吧,106,
模糊确认,2,106,不差钱,2,
CutDebt,1,,这边没有银行,108,
CutDebt,1,,工资没有发,1,
讨价还价,2,100,工程款还没下来,1,
模糊确认,2,106,是的吧,0,
模糊确认,2,106,我需要考虑考虑,2,
CutDebt,0,,不错哟,106,
讨价还价,2,100,家里人都联系不到,1,
CutDebt,0,,嗯，我知道了。,106,
CutDebt,1,,我工程款下来处理,1,
模糊确认,2,106,还有时间,2,
CutDebt,1,,我会还,106,
Installment,0,,可以，我凑,0,
CutDebt,1,,我去借借看,1,
CutDebt,1,,爱怎么样怎么样,1,
请求重复,2,103,好久还清？,2,
CutDebt,0,,这下不担心了，不拍还不起了。,106,
模糊确认,2,106,嗯,2,
讨价还价,2,100,金额太高，我想想办,1,
CutDebt,1,,今天不行，明天吧,0,
讨价还价,2,100,钱到位了我就还了,106,
CutDebt,1,,我有钱了肯定会处理,1,
讨价还价,2,100,减免到最低,2,
讨价还价,2,100,我想想办法,106,
Installment,0,,可以奥,0,
CutDebt,1,,等下说,104,
CutDebt,1,,现在在山上，没法处理呀,1,
故意岔开话题,2,109,随时随地,0,
Installment,0,,等我半小时,104,
CutDebt,1,,等我考虑下再说,106,
模糊确认,2,106,我找朋友借，先还,2,
故意岔开话题,2,109,等我跟老板商量能预支工资不,1,
故意岔开话题,2,109,宽容宽容哈～,1,
模糊确认,2,106,那我尽量吧,2,
CutDebt,1,,发奖金我就还,1,
模糊确认,2,106,俺要还,2,
Installment,0,,好的，知道了,0,
CutDebt,0,,知道了,106,
讨价还价,2,100,能再宽松几天不,2,
CutDebt,1,,工资还没有发,1,
CutDebt,1,,俺木有,1,
还款方式,2,108,能用外币还嘛,2,
讨价还价,2,100,能到年底么,2,
讨价还价,2,100,家人生病了,1,
故意岔开话题,2,109,我没空,1,
CutDebt,1,,钱钱都舍不得,1,
CutDebt,1,,你等等。,104,
请求等下打来,2,104,我给老板打个电话,2,
讨价还价,2,100,今天我不一定能还啊,1,
模糊确认,2,106,好嘛，我知道了,0,
CutDebt,1,,不认识,-1,
CutDebt,1,,不认识,-1,
Installment,0,,我找老板预支工资还上,0,
CutDebt,1,,到时候你联系我,106,
模糊确认,2,106,恩,2,
CutDebt,1,,借钱再去还,1,
CutDebt,1,,等有钱处理,1,
CutDebt,1,,待职,1,
CutDebt,1,,我在卖房子，等我房子卖了的,1,
还款方式,2,108,让人来拿,2,
讨价还价,2,100,能不能减免点,2,
Installment,0,,尽量全部处理的,0,
CutDebt,0,,工程款下来就处理,1,
CutDebt,0,,现在等减免下来,110,
Installment,0,,我一定会还的,0,
CutDebt,1,,钱到了立马还,1,
CutDebt,1,,我尽量,106,
CutDebt,1,,不认识,-1,
还款方式,2,108,改app还,2,
CutDebt,1,,等我凑上了我联系你,1,
讨价还价,2,100,不知道能不能借到钱,1,
讨价还价,2,100,可以等5天吗,0,
故意岔开话题,2,109,你就pause,2,
故意岔开话题,2,109,除了钱，我什么都没了,106,
CutDebt,1,,我在等工程款,1,
CutDebt,1,,过一段时间,1,
CutDebt,1,,看看能减免多少吧,110,
Installment,0,,明天,0,
讨价还价,2,100,我联系我朋友看看,106,
模糊确认,2,106,我会尽快处理,2,
讨价还价,2,100,如果老板不拖欠马上还,1,
确认数额,2,102,利息太高了,1,
CutDebt,1,,钱到就还,1,
CutDebt,1,,神经病没5天能还？,0,
CutDebt,1,,我尽量,106,
讨价还价,2,100,我在想想办法,106,
CutDebt,1,,你认为减免这点钱，我就会还吗,1,
CutDebt,0,,我说了十号你别打电话了！,0,
CutDebt,1,,欠太多了,1,
CutDebt,1,,给我时间,1,
CutDebt,1,,在办理离婚手续,1,
CutDebt,1,,想办法,1,
CutDebt,1,,不认识,-1,
模糊确认,2,106,这样子我就还的起了,0,
CutDebt,1,,我跟借一下,1,
Installment,0,,5天,0,
确认数额,2,102,咋个算起得,2,
CutDebt,1,,明天联系我吧,104,
CutDebt,1,,没用,1,
讨价还价,2,100,我也不知道朋友钱今天能不能到,1,
CutDebt,1,,明天看看有没有钱,1,
讨价还价,2,100,我现在借钱,106,
故意岔开话题,2,109,呀,2,
CutDebt,1,,钱到就还,1,
CutDebt,1,,没上班怎么还,1,
CutDebt,1,,钱到账我联系你处理,106,
CutDebt,0,,再等两天,0,
CutDebt,1,,减免到多少,110,
讨价还价,2,100,我在打官司，工程款拿来就还,1,
模糊确认,2,106,这都是可行的,0,
模糊确认,2,106,会得，会得。,0,
故意岔开话题,2,109,要钱没有，要命一条,1,
CutDebt,1,,等下我去借钱,106,
CutDebt,1,,一定要今天？,1,
故意岔开话题,2,109,不差钱,106,
故意岔开话题,2,109,我很烦，出来喝酒不？,2,
确认数额,2,102,不可能哦,1,
CutDebt,1,,朋友也没给答复,1,
Installment,0,,嗯嗯,106,
CutDebt,0,,知道了,106,
故意岔开话题,2,109,麻烦,1,
CutDebt,1,,来抓我,1,
请求重复,2,103,线路问题,2,
故意岔开话题,2,109,可以相信,2,
CutDebt,1,,钱到账还,1,
CutDebt,1,,这个减免。我也法处理，,1,
CutDebt,1,,利息好高,1,
讨价还价,2,100,别人借我钱,1,
CutDebt,1,,来不及,1,
Installment,0,,十五号联系我,0,
讨价还价,2,100,我欠钱太多了,1,
CutDebt,1,,我还在找,1,
模糊确认,2,106,我借钱还你哈,2,
讨价还价,2,100,不是恶意拖欠，有钱就还了,1,
讨价还价,2,100,等父母给钱的,1,
请求等下打来,2,104,等我下班就去还,0,
CutDebt,1,,能不能分期还啊,100,
CutDebt,1,,钱没有到位,1,
讨价还价,2,100,我现在没工作,1,
CutDebt,0,,行了,0,
CutDebt,1,,也没减多少，在少点,100,
讨价还价,2,100,过两天行不行,1,
CutDebt,1,,不认识,-1,
CutDebt,1,,知道了那等我有钱了就还,1,
还款方式,2,108,俺肿么还,2,
模糊确认,2,106,不能保证，尽量吧,106,
CutDebt,1,,我去想想,106,
CutDebt,1,,父母正在周转。,106,
Installment,0,,知道了,106,
CutDebt,1,,你等我考虑一下吧,106,
CutDebt,1,,我现在缺钱,1,
模糊确认,2,106,应该没问题,0,
讨价还价,2,100,钱不够,1,
Installment,0,,等等解决,0,
模糊确认,2,106,好的，知道了,0,
CutDebt,1,,不认识,-1,
讨价还价,2,100,再想想,100,
Installment,0,,钱到了你们扣,0,
CutDebt,1,,我还在借,1,
讨价还价,2,100,我工资要等一段时间，等发工资再说,1,
模糊确认,2,106,不急,2,
Installment,0,,等我五分钟,104,
CutDebt,1,,我找朋友借看看,106,
讨价还价,2,100,这个，我一定尽量,106,
模糊确认,2,106,我考虑下,2,
CutDebt,1,,这个时间内，肯定有麻烦了,1,
Installment,0,,恩恩,106,
还款方式,2,108,我都不用智能手机，钱咋个个还法,2,
讨价还价,2,100,我今天没借到钱,1,
CutDebt,1,,不认识,-1,
Installment,0,,减免了我就去还款,110,
讨价还价,2,100,我欠的太多了,1,
CutDebt,1,,那我先凑,106,
CutDebt,1,,尽快,106,
CutDebt,1,,我现在这点钱还是好不容易借来的！,1,
CutDebt,1,,最近很多事情,1,
模糊确认,2,106,好的,0,
模糊确认,2,106,钱打到卡，我联系你,0,
CutDebt,0,,五分钟,0,
讨价还价,2,100,母亲住院没钱,1,
讨价还价,2,100,能不能再少点  我去借点处理,2,
CutDebt,1,,看来你是不想我还了,1,
CutDebt,1,,三天时间太短了，多给我三天肯定能处理,100,
讨价还价,2,100,我可以再分期还不？,2,
CutDebt,1,,以后在说,1,
CutDebt,1,,那你减免了我就处理,110,
模糊确认,2,106,我会还的,0,
模糊确认,2,106,嗯,106,
讨价还价,2,100,我工程款下来处理,1,
请求等下打来,2,104,我没话费了，再见,1,
CutDebt,0,,你怎么不早说？,106,
故意岔开话题,2,109,自己在工地，工资一年结一次,1,
故意岔开话题,2,109,我都无语了,2,
模糊确认,2,106,可以，就这样吧,0,
讨价还价,2,100,好的你申请吧,0,
CutDebt,1,,你说了算,106,
CutDebt,1,,如果钱到我会还,1,
Installment,0,,我钱要到了全额还,0,
讨价还价,2,100,到时候我自己还进去,0,
CutDebt,1,,朋友说帮我凑点的,106,
讨价还价,2,100,我看看吧不能保证,1,
CutDebt,1,,这个时间内，我缺钱，你在借点来,1,
讨价还价,2,100,我还差点，,1,
模糊确认,2,106,行,0,
CutDebt,1,,还了啊,-1,
模糊确认,2,106,可能吧,2,
故意岔开话题,2,109,你帮我处理,2,
讨价还价,2,100,现在钱还没到,1,
CutDebt,0,,明白,106,
CutDebt,0,,小事,106,
CutDebt,1,,抱歉,1,
CutDebt,1,,我在考虑考虑一下,106,
CutDebt,0,,得行。,0,
CutDebt,1,,朋友钱到了就还,1,
还款方式,2,108,这个真的有点儿坑,1,
请求等下打来,2,104,我的任务都没有完成的呢,109,
CutDebt,1,,没辣么多,1,
CutDebt,1,,刚买的号码,1,
请求等下打来,2,104,钱打到卡，我联系你,0,
模糊确认,2,106,好就这样,0,
CutDebt,0,,十天内,0,
CutDebt,1,,不差这点钱,106,
讨价还价,2,100,家里还是困难,1,
CutDebt,1,,我要分期处理,100,
CutDebt,1,,我凑钱,106,
故意岔开话题,2,109,凭本事借的为什么要还，你爱起诉起诉，爱上门上门,1,
讨价还价,2,100,能少还一些吗，只有这么多,2,
CutDebt,1,,我尽力去凑吧。,106,
模糊确认,2,106,恩,106,
Installment,0,,知道了,106,
讨价还价,2,100,要再减免,2,
CutDebt,1,,我只还我说的金额，多的不还,1,
CutDebt,1,,考虑吧,106,
讨价还价,2,100,会处理，但现在没钱,1,
请求更新金额,2,110,你把app减免金额删掉我就还,2,
还款方式,2,108,可以汇款不,2,
CutDebt,1,,你打死我吗,1,
讨价还价,2,100,可能不行,1,
CutDebt,1,,我尽力吧,106,
模糊确认,2,106,漂亮,109,
CutDebt,1,,只能每月还500,1,
Installment,0,,还没怎么处理,1,
CutDebt,1,,再见,1,
CutDebt,1,,我欠了好多钱,1,
Installment,0,,知道了,106,
讨价还价,2,100,不行，没办法按照你说的做哦,1,
CutDebt,1,,我能分为几次还吗，这太多了,100,
CutDebt,1,,我在上班,104,
讨价还价,2,100,有点困难,1,
CutDebt,1,,无所谓,1,
CutDebt,1,,工程款还没下来,1,
Installment,0,,下个月全部还清,0,
CutDebt,1,,如果钱到位就还,1,
模糊确认,2,106,我知道了,2,
CutDebt,1,,想办法还,106,
CutDebt,1,,没想过,1,
确认数额,2,102,具体还多少,2,
模糊确认,2,106,可以，我会行办法的,0,
讨价还价,2,100,我一定想办法,106,
还款方式,2,108,到时候你直接在卡上扣款就行了,0,
CutDebt,1,,违约金太多了,1,
故意岔开话题,2,109,最少还多少,102,
CutDebt,1,,我只有下个月还了,0,
Installment,0,,先分期,100,
确认数额,2,102,你们高利贷,1,
CutDebt,1,,别人钱木有还款,1,
Installment,0,,明天可以吗,0,
模糊确认,2,106,我知道了,2,
确认数额,2,102,利息高啊？,1,
故意岔开话题,2,109,不知道,1,
CutDebt,1,,随便你怎么弄,1,
讨价还价,2,100,我朋友钱没还给我,1,
故意岔开话题,2,109,天天催啥子嘛！没得钱还！,1,
模糊确认,2,106,看情况吧,2,
讨价还价,2,100,我没准备好还,1,
讨价还价,2,100,可以在少点,2,
CutDebt,1,,如果老板不拖欠马上还,1,
CutDebt,1,,给我一个星期我想办法,1,
模糊确认,2,106,28号才能发工资,2,
讨价还价,2,100,等老婆拨款,106,
CutDebt,1,,在找父母要,1,
讨价还价,2,100,给我考虑下,106,
CutDebt,1,,不能保证处理掉,1,
Installment,0,,知道了,106,
请求等下打来,2,104,等我半小时,104,
讨价还价,2,100,在想想办法吧,106,
模糊确认,2,106,我知道了,106,
请求等下打来,2,104,等等就处理,0,
CutDebt,1,,不要,1,
讨价还价,2,100,工程款没到手了。,1,
讨价还价,2,100,我和朋友借一下,1,
CutDebt,1,,我看看吧不能保证,106,
讨价还价,2,100,我有钱就去还,1,
CutDebt,1,,你们爱起诉起诉,1,
请求更新金额,2,110,把APP金额减了我等下自己还,2,
CutDebt,1,,老板钱没拿到，不确定什么发工资,1,
CutDebt,1,,过一段时间,1,
模糊确认,2,106,明天再说吧,104,
故意岔开话题,2,109,嫩瞎扯淡,1,
模糊确认,2,106,非常感谢,2,
讨价还价,2,100,还欠我钱,1,
模糊确认,2,106,好的，我再想想,2,
CutDebt,1,,怎么可能,1,
故意岔开话题,2,109,做梦去吧。,1,
CutDebt,1,,利息没多少,1,
讨价还价,2,100,本金,1,
CutDebt,0,,我有钱了,106,
模糊确认,2,106,想办法,2,
CutDebt,1,,我在加班,104,
模糊确认,2,106,有钱就还,2,
讨价还价,2,100,家里有事，暂时没钱。,1,
模糊确认,2,106,我现在回家拿钱,0,
模糊确认,2,106,我去想想办法,2,
CutDebt,1,,我尽量催一下某某朋友！,1,
CutDebt,1,,可以减了我就处理,110,
CutDebt,1,,等等,104,
CutDebt,1,,快点来，都快收不了啦,109,
Installment,0,,行，也行吧,0,
CutDebt,1,,家人生病了,1,
CutDebt,1,,我再考虑下吧,106,
讨价还价,2,100,人家不一定借给我,1,
CutDebt,1,,等我下班,0,
CutDebt,1,,我想还没有钱,1,
讨价还价,2,100,到时候再说,1,
CutDebt,1,,等一下,104,
讨价还价,2,100,看看再说,106,
CutDebt,1,,不认识,1,
CutDebt,1,,滚,1,
CutDebt,1,,我不清楚,1,
CutDebt,0,,好的你申请吧,110,
模糊确认,2,106,本来利息就太高了,2,
CutDebt,0,,减免下来处理,110,
CutDebt,1,,我尽量,106,
Installment,0,,后天,0,
CutDebt,1,,没减好多，我再看看嘛,106,
CutDebt,0,,相信我,106,
讨价还价,2,100,能不能在少点,2,
讨价还价,2,100,能不能再少点,2,
故意岔开话题,2,109,最近生意好吗,2,
讨价还价,2,100,银行已经关门，我过段时间在处理，,1,
CutDebt,1,,我现在资金有点周转不开啊,1,
Installment,0,,可以，你到时候直接查账单,0,
讨价还价,2,100,我在等发工资,1,
讨价还价,2,100,家里有事,1,
讨价还价,2,100,多给点时间，我先还一部分,2,
请求重复,2,103,我没有听清池,2,
故意岔开话题,2,109,地震得好厉害，好厉害，好晃动！,2,
讨价还价,2,100,你减免了我看看,110,
讨价还价,2,100,剩下部分能不能延期长一点,2,
Installment,0,,知道了,106,
CutDebt,0,,下高速去存,0,
CutDebt,1,,我今天没借到钱,1,
讨价还价,2,100,我去凑,106,
CutDebt,1,,明天再说,104,
讨价还价,2,100,还可以，减免能帮我再多申请点嘛,2,
CutDebt,1,,高抬贵手,109,
CutDebt,1,,等我有钱的,1,
Installment,0,,后天,0,
讨价还价,2,100,再给我少点钱嘛，邛,2,
CutDebt,1,,等我有钱了会还清全款的,1,
CutDebt,1,,请恕我无能为力,1,
CutDebt,1,,我在外面欠的太多了,1,
CutDebt,1,,这样啊,106,
故意岔开话题,2,109,下午,0,
模糊确认,2,106,钱刚好够,0,
CutDebt,1,,你等等,104,
CutDebt,1,,工资还没发了,1,
CutDebt,1,,你帮我我会感激你一辈子,1,
CutDebt,1,,我现在没能力,1,
CutDebt,1,,你跟某某某联系，我跟他说好了,1,
确认数额,2,102,多半不够,1,
CutDebt,1,,到时候我自己还进去,0,
Installment,0,,下个月,0,
讨价还价,2,100,给我再想想吧,106,
CutDebt,1,,难,1,
CutDebt,1,,工地几个月才发工资,1,
模糊确认,2,106,可以,0,
确认数额,2,102,利息不可能那么多哦，你们算错没有呢？,2,
请求等下打来,2,104,稍等,2,
模糊确认,2,106,好吧,0,
模糊确认,2,106,好的呢,0,
CutDebt,0,,我明白,106,
模糊确认,2,106,过几天还,1,
讨价还价,2,100,等发了工资的,1,
CutDebt,1,,之前没钱,1,
讨价还价,2,100,钱没到账,1,
CutDebt,0,,可以，你到时候直接查账单,0,
CutDebt,0,,对于这么无理的要求，我也只能勉强接受了,0,
CutDebt,0,,确认还款方式,108,
模糊确认,2,106,好了好了,0,
讨价还价,2,100,我准备第3个月还啊,0,
Installment,0,,ojbk,0,
故意岔开话题,2,109,孩子生病了,1,
CutDebt,0,,都行,0,
CutDebt,1,,别人钱我钱，正在要钱,1,
Installment,0,,要2天,0,
CutDebt,1,,小孩这两天开学学费,1,
CutDebt,0,,马上过来拿钱,108,
讨价还价,2,100,今天一概能处理部分吧,1,
CutDebt,1,,听说本金也可以减免啊,1,
Installment,0,,知道了,106,
Installment,0,,会得，会得。,0,
CutDebt,1,,吃饭都成问题,1,
CutDebt,0,,知道了,106,
讨价还价,2,100,能不能不还利息,2,
模糊确认,2,106,我提现到账就处理,0,
CutDebt,1,,遇到困难,1,
CutDebt,1,,你不是已经说过了吗肯定会还的,1,
CutDebt,1,,不可能的,1,
CutDebt,1,,等老婆拨款,1,
CutDebt,1,,母亲住院,1,
故意岔开话题,2,109,干你们这行工资高不,2,
Installment,0,,"哦，好吧,听你的",0,
Installment,0,,我朋友明天钱给我,106,
CutDebt,1,,工资不确定发不发,1,
讨价还价,2,100,问问老婆同不同意,106,
模糊确认,2,106,我劲量吧,2,
故意岔开话题,2,109,三天时间太短了，多给我三天肯定能处理,100,
CutDebt,1,,到时间你联系我,1,
Installment,0,,应该可以，我争取还,0,
讨价还价,2,100,我去找朋友借看看,106,
CutDebt,1,,我没话费了，再见,1,
讨价还价,2,100,下个礼拜可以么我处理一点进去,0,
请求等下打来,2,104,等我好好想想再,1,
CutDebt,1,,我朋友和我一样的只还了***元,1,
故意岔开话题,2,109,我没有证明,2,
请求等下打来,2,104,马上就好,0,
故意岔开话题,2,109,花儿、花儿、慢慢落下,2,
故意岔开话题,2,109,在银行排队存钱呢,0,
故意岔开话题,2,109,再见,1,
讨价还价,2,100,明天要得不？,0,
模糊确认,2,106,行嘛，那我去借点来先还到嘛,0,
CutDebt,1,,我联系我朋友,1,
CutDebt,0,,你帮申请，申请下来立马还,110,
CutDebt,0,,嗯嗯,106,
CutDebt,1,,我现在只有这么多,1,
讨价还价,2,100,我现在没那么多,1,
CutDebt,0,,允许,0,
CutDebt,1,,我去借钱还,106,
讨价还价,2,100,朋友转过来就还上,106,
CutDebt,1,,我尽我最大努力吧,106,
CutDebt,1,,等他还了我就还,1,
CutDebt,1,,在路上,1,
CutDebt,1,,要是我还不还，是不是下次就本金减一半啊,1,
模糊确认,2,106,然后那,108,
CutDebt,1,,等以后有钱的,1,
讨价还价,2,100,我做生意失败了，现在在找工作！,1,
CutDebt,1,,没有时间,1,
CutDebt,1,,钱没到账,1,
还款方式,2,108,以前没钱，现在怎么处理,2,
CutDebt,1,,我这边在治病，没收入来源,1,
模糊确认,2,106,那就这样吧,2,
CutDebt,1,,你这简直是在为难我,1,
请求等下打来,2,104,等等在说,2,
模糊确认,2,106,抱歉,1,
讨价还价,2,100,滞纳金高,1,
讨价还价,2,100,还没借到钱。,1,
讨价还价,2,100,我觉得今天不一定有钱啊,1,
CutDebt,1,,我也想还，但我现在真的很困难,1,
讨价还价,2,100,我周转一下！,106,
还款方式,2,108,卡里有钱但是你们没扣我也没有办法还,0,
CutDebt,1,,不认识,-1,
Installment,0,,三天,0,
CutDebt,1,,能不能再优惠点嘛,100,
讨价还价,2,100,我想办法发筹钱,106,
讨价还价,2,100,工程款还没有发,1,
CutDebt,1,,钱不确定什么时候到,1,
讨价还价,2,100,过几天就处理.,1,
CutDebt,1,,没有那么多吧,102,
讨价还价,2,100,利息太高了,1,
Installment,0,,可以下个月还吗,0,
请求重复,2,103,停不到,2,
故意岔开话题,2,109,难回首,2,
讨价还价,2,100,想再减免,2,
CutDebt,0,,我知道了,106,
Installment,0,,过两天自己处理,0,
CutDebt,1,,我一定想办法,106,
还款方式,2,108,麻烦问哈有哪些方式还,2,
CutDebt,0,,过两天自己处理,106,
讨价还价,2,100,去借钱,1,
讨价还价,2,100,钱还没到位,1,
CutDebt,0,,想想办法,106,
CutDebt,0,,太好啦,0,
还款方式,2,108,把卡号发给我，,3,
CutDebt,1,,这个不是我说了算的，我也想马上还进去,2,
CutDebt,0,,我知道了,106,
CutDebt,1,,不用你说,1,
讨价还价,2,100,钱没到位,1,
模糊确认,2,106,谢谢你,2,
讨价还价,2,100,借钱再去还,1,
CutDebt,0,,知道了,106,
CutDebt,1,,骂人,1,
故意岔开话题,2,109,今生无缘，来世再见,2,
CutDebt,1,,我尽量去凑,106,
模糊确认,2,106,这几天就行,0,
故意岔开话题,2,109,不说话,1,
模糊确认,2,106,可以,0,
CutDebt,1,,我还是先处理别家的，你这太多,1,
CutDebt,1,,你是看不起我吗，还给我减免,109,
模糊确认,2,106,我尽量吧,2,
模糊确认,2,106,问朋友借把钱还了,2,
CutDebt,0,,知道了,106,
CutDebt,1,,没空,1,
CutDebt,1,,我想办法哈,106,
CutDebt,1,,你们还有没有点公德心啊，我人都快死了，你们还这样逼我，把我惹急了我传染给你信不信,1,
CutDebt,1,,还有时间,1,
CutDebt,0,,大后天,0,
CutDebt,1,,工资不高，这段时间无法处理完,1,
讨价还价,2,100,我在想想吧,106,
模糊确认,2,106,谢谢你,2,
CutDebt,0,,还嘛,0,
故意岔开话题,2,109,不在,1,
请求等下打来,2,104,我在医院我母亲生病,1,
CutDebt,1,,我想办法,106,
CutDebt,1,,换不起呀现在,1,
请求等下打来,2,104,你等等。,2,
CutDebt,1,,想都不要想,1,
CutDebt,1,,别人欠我钱在要,1,
CutDebt,1,,我找人帮帮忙,1,
讨价还价,2,100,我再想想办法吧,106,
讨价还价,2,100,我没那么多钱,1,
CutDebt,1,,我是贫困户,1,
模糊确认,2,106,放心会还,0,
CutDebt,1,,再见,1,
确认数额,2,102,你们这利息太高了,1,
讨价还价,2,100,等老婆发工资的,1,
模糊确认,2,106,我考虑下,2,
讨价还价,2,100,没那么多钱,1,
模糊确认,2,106,行的，可以,0,
请求等下打来,2,104,等等在说,2,
CutDebt,1,,时间有点紧,1,
CutDebt,1,,这个时间内，肯定有问题,1,
CutDebt,1,,别太天真了,1,
CutDebt,1,,在等法院结果,1,
讨价还价,2,100,利息太高,1,
故意岔开话题,2,109,三天内可能不得行,1,
Installment,0,,这一点我还是有的,0,
模糊确认,2,106,好的，放心,0,
请求等下打来,2,104,我没空现在,1,
CutDebt,1,,等发工资,1,
Installment,0,,我让老公打给你,1,
CutDebt,1,,处理本金,100,
讨价还价,2,100,不能再减少点么？,2,
CutDebt,1,,借借看吧,1,
讨价还价,2,100,我没有工作,1,
CutDebt,0,,好的你申请吧,110,
CutDebt,0,,明白,106,
还款方式,2,108,微信可以还款？,2,
讨价还价,2,100,我看能不能借到钱,1,
Installment,0,,知道了,106,
CutDebt,1,,在说把,1,
CutDebt,1,,我现在确定不了,1,
Installment,0,,知道了,106,
CutDebt,1,,家人生病,1,
CutDebt,1,,等几天吧,106,
CutDebt,1,,你做梦呢？2天,1,
CutDebt,0,,我尽快处理,0,
Installment,0,,明天,0,
CutDebt,0,,我知道了,106,
CutDebt,1,,输了300多万,1,
模糊确认,2,106,到时候通知你,1,
CutDebt,1,,你是看不起我吗，还给我减免,109,
Installment,0,,我转账,0,
CutDebt,1,,等一段时间,1,
Installment,0,,10天,0,
CutDebt,1,,把之前的全部减了,1,
讨价还价,2,100,5好吧,0,
CutDebt,1,,不行，没办法安妮说的,1,
CutDebt,1,,骂人,1,
模糊确认,2,106,不能保证处理掉,1,
CutDebt,1,,分期还,100,
