label,old_label,classifier,split_text
0,0.0,IfKnowDebtor,嗯 认识 有 什么 事 么 ？
1,1.0,IfKnowDebtor,怎么 可能 有人 起 这种 名字 呢   太 难听 了   没意思
0,0.0,IfKnowDebtor,找 不到
0,0.0,IfKnowDebtor,她 是 我姨爹
0,0.0,IfKnowDebtor,是 他 爱人
1,1.0,IfKnowDebtor,不 记得 了
0,1.0,IfKnowDebtor,我 不是   有 什么 事 我 可以 转告
0,0.0,IfKnowDebtor,我 是 他 姥姥
0,0.0,IfKnowDebtor,我 是 他 邻居
0,0.0,IfKnowDebtor,她 是 我 的 前女友
1,1.0,IfKnowDebtor,不 认识 ！
1,1.0,IfKnowDebtor,不 知道 啊
0,0.0,IfKnowDebtor,他 手机号 送 我 了   有事 ？
0,0.0,IfKnowDebtor,找 他 什么 事
0,0.0,IfKnowDebtor,恩 我 认识
1,1.0,IfKnowDebtor,没 印象
0,0.0,IfKnowDebtor,和 他 父母 说 一下
0,1.0,IfKnowDebtor,联系方式 都 拉 黑 了
0,0.0,IfKnowDebtor,我 是 他 家人
1,1.0,IfKnowDebtor,但愿 我能 结交到 拥有 这样 美好 名字 的 人
0,0.0,IfKnowDebtor,她 是 我 的 同窗
1,1.0,IfKnowDebtor,没有 联系
0,0.0,IfKnowDebtor,她 是 我 姑姑
0,1.0,IfKnowDebtor,转告 不了
0,0.0,IfKnowDebtor,嗯 ？
1,1.0,IfKnowDebtor,我 不 清楚 你 说 的 谁
0,0.0,IfKnowDebtor,她 是 我 邻居
0,0.0,IfKnowDebtor,恩   我 认识
0,0.0,IfKnowDebtor,我们 是 同事 关系
1,1.0,IfKnowDebtor,再 打 我 投诉 了
1,1.0,IfKnowDebtor,我 没 听 过 这个 名字
1,1.0,IfKnowDebtor,名字 太 难听 了
0,0.0,IfKnowDebtor,他 生病 了
0,0.0,IfKnowDebtor,认识 啊   我 是 他 同学
0,0.0,IfKnowDebtor,俺 是 他 爸
1,1.0,IfKnowDebtor,他 是 谁 ？
0,0.0,IfKnowDebtor,他 是 我 同学
0,0.0,IfKnowDebtor,他 是 我 的 奶奶
0,0.0,IfKnowDebtor,他 是 我 的 朋友
0,0.0,IfKnowDebtor,我 现在 来 联系 他
0,0.0,IfKnowDebtor,我 是 他 的 朋友
0,0.0,IfKnowDebtor,我 是 她 朋友
1,1.0,IfKnowDebtor,都 给 你 说 了   别 再 打 了   你 听不懂 吗 ？
0,0.0,IfKnowDebtor,那 是 我 姐姐
1,0.0,IfKnowDebtor,死 了
1,1.0,IfKnowDebtor,不 认识   我 这 台湾 你 看清楚 号码
0,0.0,IfKnowDebtor,已经 转告 了
0,0.0,IfKnowDebtor,找 他 什么 事
0,0.0,IfKnowDebtor,有 印象   没聊 过 。
0,0.0,IfKnowDebtor,她 是 我 的 爷爷
1,1.0,IfKnowDebtor,听 都 没 听 过
0,0.0,IfKnowDebtor,他 是 我 的 亲戚
0,0.0,IfKnowDebtor,我 是 他 的 大爷
0,0.0,IfKnowDebtor,他 不 在 这边
1,1.0,IfKnowDebtor,不 懂 你 说 什么   不 认识
0,0.0,IfKnowDebtor,恩 怎么 了
1,1.0,IfKnowDebtor,认求 不到 哦 哈哈哈
0,0.0,IfKnowDebtor,我 可以 帮 你 转告
1,1.0,IfKnowDebtor,我 真的 不 认识
1,1.0,IfKnowDebtor,不 认识 再见
1,1.0,IfKnowDebtor,我 是 王二麻
1,1.0,IfKnowDebtor,我 不 清楚
0,0.0,IfKnowDebtor,他 是 我 的 前男友
1,1.0,IfKnowDebtor,再 打电话 报警
0,0.0,IfKnowDebtor,认识   我 是 他 领导 。 有事 我 可以 传达
0,0.0,IfKnowDebtor,她 是 我 的 前男友
1,1.0,IfKnowDebtor,他 谁 啊
1,1.0,IfKnowDebtor,不 认识   你 他 妈 是 谁
0,0.0,IfKnowDebtor,他 是 我 二舅
0,0.0,IfKnowDebtor,我 是 他 的 妈妈
0,0.0,IfKnowDebtor,我 是 他 某某   会 转告
1,1.0,IfKnowDebtor,怎么 可能 有人 起 这 名字
0,0.0,IfKnowDebtor,现在 联系 不上
1,1.0,IfKnowDebtor,找错 人 了
0,0.0,IfKnowDebtor,他 去 外地 了   找 他 什么 事情 ？
1,1.0,IfKnowDebtor,这个 号码 我 才 换 的
0,0.0,IfKnowDebtor,他 回家 去 了
1,1.0,IfKnowDebtor,别打我 电话
0,0.0,IfKnowDebtor,现在 没有 联系 了
1,1.0,IfKnowDebtor,俺 不 晓得 呢
0,0.0,IfKnowDebtor,我 认识 他   但是 很久 不 联系 了
0,0.0,IfKnowDebtor,已经 有人 联系 过 我 了
1,1.0,IfKnowDebtor,我 身边 没有 人 认识   你 在 问下 别人 吧 。
0,0.0,IfKnowDebtor,晓得   没意思
0,0.0,IfKnowDebtor,他 坐牢 去 了
1,1.0,IfKnowDebtor,哈哈   打错 了
0,0.0,IfKnowDebtor,她 是 我 同窗
0,0.0,IfKnowDebtor,我 是 她 的 妈妈
0,0.0,IfKnowDebtor,你好 我 是 他 朋友
0,0.0,IfKnowDebtor,好久 以前 的 朋友 。
0,0.0,IfKnowDebtor,大学 同学   很久 不 联系 了 。
0,0.0,IfKnowDebtor,嗯   我们 是 xxx
0,0.0,IfKnowDebtor,认识   你 谁 啊 ？
0,0.0,IfKnowDebtor,我 和 他 是 朋友
0,0.0,IfKnowDebtor,认识 啊   他 是 我 一个 客户   怎么 了
0,0.0,IfKnowDebtor,有 朋友
0,0.0,IfKnowDebtor,我 是 他 舅舅
0,0.0,IfKnowDebtor,同事
1,1.0,IfKnowDebtor,不 认识
0,0.0,IfKnowDebtor,认识 我 在 外地 不 知道 情况 或债 在 外地
0,0.0,IfKnowDebtor,她 是 我 的 亲戚
0,0.0,IfKnowDebtor,我 是 她 的 奶奶
0,0.0,IfKnowDebtor,他 是 我 的 妈妈
0,0.0,IfKnowDebtor,我 是 他 母亲
1,1.0,IfKnowDebtor,不是 不是
0,0.0,IfKnowDebtor,嗯 知道
0,0.0,IfKnowDebtor,打架 被 抓 了
0,0.0,IfKnowDebtor,我 是 他 哥 呢
0,0.0,IfKnowDebtor,我 是 他 好 哥们
1,1.0,IfKnowDebtor,没 印象 了
0,0.0,IfKnowDebtor,我 是 他 的 姨夫
1,1.0,IfKnowDebtor,认求 不到
0,0.0,IfKnowDebtor,我 晓得
1,1.0,IfKnowDebtor,怎么 可能 有人 起 这种 名字 呢   太 难听 了 者
0,0.0,IfKnowDebtor,是 他 以前 的 客户
1,1.0,IfKnowDebtor,不 对 啊
0,0.0,IfKnowDebtor,俺 是 他 妈
0,0.0,IfKnowDebtor,他 不 在 这里 哈
0,0.0,IfKnowDebtor,他 是 我 的 爷爷
1,1.0,IfKnowDebtor,这个 人 是 谁 啊
1,1.0,IfKnowDebtor,谁 啊   不 认识
0,0.0,IfKnowDebtor,我 是 他 的 爸爸
1,1.0,IfKnowDebtor,请 不要 在 打 这个 电话 了
0,0.0,IfKnowDebtor,我 是 他 XXX
0,0.0,IfKnowDebtor,认识   我 是 他 妈
1,1.0,IfKnowDebtor,走开
1,1.0,IfKnowDebtor,不 晓得 哇
0,0.0,IfKnowDebtor,同学
0,0.0,IfKnowDebtor,认识 他
0,0.0,IfKnowDebtor,我 哥哥
1,1.0,IfKnowDebtor,这 明显 是 不 可能 的
0,0.0,IfKnowDebtor,喝酒 认识 的   没 联系
1,1.0,IfKnowDebtor,怎么 可能 有人 起 这种 名字 呢   太 难听 了 了
0,0.0,IfKnowDebtor,他 出去 了   等 回来 回复 你
0,0.0,IfKnowDebtor,嗯   我 认识 唉
0,0.0,IfKnowDebtor,我 是 她 的 姨爹
1,1.0,IfKnowDebtor,我 号码 刚 办理 的
1,1.0,IfKnowDebtor,不 晓得   打错 了
1,1.0,IfKnowDebtor,没听说过 阿
0,0.0,IfKnowDebtor,他 是 我 姐姐
0,0.0,IfKnowDebtor,他 几年 没 回家 了
1,1.0,IfKnowDebtor,不 晓得 是 哪个 喃
0,0.0,IfKnowDebtor,她 是 我 妈
0,0.0,IfKnowDebtor,以前 同事   怎么 了
0,0.0,IfKnowDebtor,她 是 我 女朋友
0,0.0,IfKnowDebtor,他 现在 不 在   你 有事吗
1,0.0,IfKnowDebtor,认识   但是 他 已经 死 了 几年 了
0,0.0,IfKnowDebtor,只是 朋友
0,0.0,IfKnowDebtor,他 现在 不 在
1,1.0,IfKnowDebtor,不 认识   他 谁 啊 ？
1,1.0,IfKnowDebtor,见鬼 老   不 认识
1,1.0,IfKnowDebtor,我 刚换 的 号码 。
0,0.0,IfKnowDebtor,他 是 我 姑姑
0,0.0,IfKnowDebtor,以前 同事   怎么 了
1,1.0,IfKnowDebtor,他 是 谁 啊
0,0.0,IfKnowDebtor,她 在 唱歌
1,1.0,IfKnowDebtor,没 交集
0,0.0,IfKnowDebtor,他 是 我 同窗
0,1.0,IfKnowDebtor,不 熟悉
1,1.0,IfKnowDebtor,别 打电话 了
1,1.0,IfKnowDebtor,我 号码 刚换 的
0,0.0,IfKnowDebtor,不想 说 关于 他 的 事
0,0.0,IfKnowDebtor,我 是 他 老婆
1,0.0,IfKnowDebtor,他 死 掉 了
0,0.0,IfKnowDebtor,我 是 他 同学
0,0.0,IfKnowDebtor,我待 你 去 找
0,0.0,IfKnowDebtor,你 要 找到 他 和 我 说 一下
1,1.0,IfKnowDebtor,有 什么 事 都 不要 找 我
0,0.0,IfKnowDebtor,我 是 他 女友
1,1.0,IfKnowDebtor,这卡 是 我 刚 办理 的
1,1.0,IfKnowDebtor,我 身边 没有 姓张 的 人
0,0.0,IfKnowDebtor,好像 是 某某 的 朋友
0,0.0,IfKnowDebtor,之前 朋友 好久 不 联系 了
0,0.0,IfKnowDebtor,俺 是 他 姨
1,1.0,IfKnowDebtor,没 印象   他 是 一个 明星 吗
1,1.0,IfKnowDebtor,他 是 哪个 ？
1,1.0,IfKnowDebtor,从来 没 听 过 名字
1,1.0,IfKnowDebtor,脑子 有病 吧 哇
0,1.0,IfKnowDebtor,你 找 他 啊
1,1.0,IfKnowDebtor,我 不 知道
1,1.0,IfKnowDebtor,名字 太 难听
1,1.0,IfKnowDebtor,不 认识   不要 再 打 过来 了 啊
0,0.0,IfKnowDebtor,嗯 。 认识
1,1.0,IfKnowDebtor,我 不 晓得 这个 人 是 哪个
0,0.0,IfKnowDebtor,她 在 冰箱 里
0,0.0,IfKnowDebtor,他 马上 过来
0,0.0,IfKnowDebtor,她 在 冰箱 里
0,0.0,IfKnowDebtor,会 跟 他 说 的
0,0.0,IfKnowDebtor,我 是 他 女朋友
0,0.0,IfKnowDebtor,我 是 他 妈妈
0,0.0,IfKnowDebtor,他 在 办事   我 可以 转告
0,0.0,IfKnowDebtor,认识   他 出门 了   现在 不 在   等会儿 打 过来 吧
0,0.0,IfKnowDebtor,你 也 帮帮 找 找 他
0,0.0,IfKnowDebtor,嗯 哼   啥事
0,0.0,IfKnowDebtor,我 和 她 是 朋友
0,0.0,IfKnowDebtor,家人
1,1.0,IfKnowDebtor,XX 是 谁   我 不 认识
0,0.0,IfKnowDebtor,我们 之前 是 同事
0,0.0,IfKnowDebtor,我 是 她 的 前女友
1,1.0,IfKnowDebtor,我 不 清楚 你 说 的 什么
0,0.0,IfKnowDebtor,他 是 我 的 工友
0,0.0,IfKnowDebtor,他 就 在 我 旁边
0,0.0,IfKnowDebtor,是 他 妈
0,0.0,IfKnowDebtor,他 欠 我 钱
0,0.0,IfKnowDebtor,他 还 欠 我 钱   现在 找 不到 他
0,0.0,IfKnowDebtor,他 没 在   待会 我 让 他 联系 你
1,1.0,IfKnowDebtor,你 再 打 我 电话 我要 骂人 了 ！
1,1.0,IfKnowDebtor,这 名字 太 好笑 了
0,0.0,IfKnowDebtor,我 是 她 上司
1,1.0,IfKnowDebtor,怎么 可能 有人 叫 着 名字
0,1.0,IfKnowDebtor,你 自己 联系 他
1,1.0,IfKnowDebtor,不 认识 哈哈哈
0,0.0,IfKnowDebtor,他 是 我 奶奶
0,0.0,IfKnowDebtor,我 是 她 姨夫
0,0.0,IfKnowDebtor,我 是 他 的 房东
1,1.0,IfKnowDebtor,脑子 有病 吧   没意思
1,1.0,IfKnowDebtor,记不得
0,0.0,IfKnowDebtor,他 好像 最近 电话 停机 了
0,0.0,IfKnowDebtor,你 找 他
0,0.0,IfKnowDebtor,我 是 他 的 工友
1,1.0,IfKnowDebtor,滚   你们 再 打 我 就   信不信 我 让 你们 吃不了兜着走
0,0.0,IfKnowDebtor,是 的   我 很 忙
1,1.0,IfKnowDebtor,我 怎么 可能 认识 ？
0,0.0,IfKnowDebtor,我 是 她 亲戚
0,0.0,IfKnowDebtor,我 知道 啊
1,1.0,IfKnowDebtor,没 听 过 这个 名字
1,1.0,IfKnowDebtor,怎么 会 认识 他
0,0.0,IfKnowDebtor,他 以前 是 我 同事 。
0,0.0,IfKnowDebtor,和 他 只是 普通 朋友
0,0.0,IfKnowDebtor,我 是 他 哥 干嘛
0,0.0,IfKnowDebtor,他 是 我 前男友
0,0.0,IfKnowDebtor,是   怎么 了
0,1.0,IfKnowDebtor,他 是 干嘛 的 ？ 不 认识
0,0.0,IfKnowDebtor,她 是 我 的 同事
1,1.0,IfKnowDebtor,一点 印象 没有
1,1.0,IfKnowDebtor,不 晓得 是 哪个 喃 哈哈哈
0,0.0,IfKnowDebtor,我 是 他 老公   你 找 她 什么 事
0,0.0,IfKnowDebtor,她 是 我 男朋友
1,1.0,IfKnowDebtor,怎么 可能 有人 起 这种 名字 呢   太 难听 了
1,1.0,IfKnowDebtor,没听说过 吧
0,0.0,IfKnowDebtor,我 是 他 哥哈
0,0.0,IfKnowDebtor,她 是 我 的 同学
1,1.0,IfKnowDebtor,你 打错 了
0,0.0,IfKnowDebtor,XX 吗   我 认识
1,1.0,IfKnowDebtor,你查 清楚 再 打电话   我 怎么 知道 谁 是 张 三
1,1.0,IfKnowDebtor,以前 认识   现在 不 认识 了
0,0.0,IfKnowDebtor,以前 同事 不 联系 了
1,1.0,IfKnowDebtor,认 不到 这个 人 哦   你 找 错 人 了 吧
0,0.0,IfKnowDebtor,认识
0,0.0,IfKnowDebtor,我 是 他 朋友
1,1.0,IfKnowDebtor,再 打要 报警
1,1.0,IfKnowDebtor,俺 不 认识 哟
1,1.0,IfKnowDebtor,认不倒 哦 。
0,0.0,IfKnowDebtor,是 我 儿子   咋个 喃
0,0.0,IfKnowDebtor,他 是 我 以前 的 员工
1,0.0,IfKnowDebtor,我 不 知道 该 说 什么 好
0,0.0,IfKnowDebtor,他 怎么 了 ？
0,0.0,IfKnowDebtor,他 欠 很多 钱 跑掉 了
1,1.0,IfKnowDebtor,哪个 哦   认不倒 。
0,0.0,IfKnowDebtor,他 是 我 房东
1,1.0,IfKnowDebtor,不 认识   XX 是 谁
1,1.0,IfKnowDebtor,别 给 我 打电话
0,0.0,IfKnowDebtor,嗯   我 是 他 朋友   我待会 让 他 联系 你
1,1.0,IfKnowDebtor,电话费 不要 钱 啊 ？ 天天 乱打 。
0,0.0,IfKnowDebtor,她 是 我 奶奶
0,0.0,IfKnowDebtor,你 自己 联系 他
1,1.0,IfKnowDebtor,不 认识   你 打错 了   有病 吧
1,1.0,IfKnowDebtor,你 找 别人 问问
0,0.0,IfKnowDebtor,是 他 哥哥
1,1.0,IfKnowDebtor,认求 不到 阿
0,0.0,IfKnowDebtor,他 是 我 的 同事
0,0.0,IfKnowDebtor,是 啊 ！
0,0.0,IfKnowDebtor,我 认识   你 找 他 咋子
0,0.0,IfKnowDebtor,失踪 了
0,0.0,IfKnowDebtor,我 认识
0,0.0,IfKnowDebtor,我 是 他 的 姑姑
0,0.0,IfKnowDebtor,联系 不上
0,0.0,IfKnowDebtor,我 二叔
0,0.0,IfKnowDebtor,我们 是 初中 同学
1,1.0,IfKnowDebtor,谁 啊   不 知道
0,0.0,IfKnowDebtor,认识   你 来 我 带你去 他家 啊
0,0.0,IfKnowDebtor,他 喝酒 去 了
0,0.0,IfKnowDebtor,我 找 他
0,0.0,IfKnowDebtor,我 是 他 大爷
0,0.0,IfKnowDebtor,她 是 我 同事
1,1.0,IfKnowDebtor,不 认得
0,0.0,IfKnowDebtor,貌似 记得 这个 人
1,1.0,IfKnowDebtor,不 晓得 没意思
0,0.0,IfKnowDebtor,他 住院 了
1,1.0,IfKnowDebtor,不会 是 你 搞错 了 哇
0,0.0,IfKnowDebtor,他 是 我 朋友 。
0,0.0,IfKnowDebtor,咋 可能 不 认识 他 龟儿子 哦   是不是 有 惹 啥子 事情 了
0,0.0,IfKnowDebtor,他 在 喝酒 呢
1,1.0,IfKnowDebtor,不 认识   别 再 打 了
1,1.0,IfKnowDebtor,我 已经 跟 你 说 了 我 不 认识
0,0.0,IfKnowDebtor,我 是 他 姑
1,1.0,IfKnowDebtor,认识 个球
0,0.0,IfKnowDebtor,我会 转告
0,0.0,IfKnowDebtor,他 就 住 我 旁边
0,0.0,IfKnowDebtor,她 是 我 姨夫
0,0.0,IfKnowDebtor,他 去 医院 了
0,0.0,IfKnowDebtor,以前 同事
0,0.0,IfKnowDebtor,俺 是 他 哥
1,1.0,IfKnowDebtor,不 知道 别问 我
0,0.0,IfKnowDebtor,嗯 哼
1,1.0,IfKnowDebtor,我 不 知道 TIMESERIES 张三是 谁
0,0.0,IfKnowDebtor,他 在 上班
1,1.0,IfKnowDebtor,我 认识 的 人 没有 叫 张 三 的
0,0.0,IfKnowDebtor,认识   他 去 俄罗斯 看 世界杯 了
1,1.0,IfKnowDebtor,再 打 我 就 报警 了
0,0.0,IfKnowDebtor,他 就 住 我 楼下
0,0.0,IfKnowDebtor,他 在 我 边上
0,0.0,IfKnowDebtor,你 自己 去 找 他
0,0.0,IfKnowDebtor,嗯   我 认识 哈哈哈
1,1.0,IfKnowDebtor,我 干嘛 要是 认识 他 啊
1,1.0,IfKnowDebtor,我 从不 认识 叫 这个 名字 的
1,1.0,IfKnowDebtor,你 在 打电话 给 别人 吧  
1,1.0,IfKnowDebtor,你 搞错 了 哇
1,1.0,IfKnowDebtor,不 晓得 哪里 来 的 人
0,0.0,IfKnowDebtor,去 外地 了   换 号码 了
0,0.0,IfKnowDebtor,他 不 在   什么 事
0,0.0,IfKnowDebtor,晓得 者
0,0.0,IfKnowDebtor,听说 过   没 见过面 。
0,1.0,IfKnowDebtor,他 多 大
0,0.0,IfKnowDebtor,咋 可能 不 认识 他 龟儿子 哦   是不是 有 惹 啥子 事情 了
1,1.0,IfKnowDebtor,有 毛病 。 你们 自己 打电话 给 他  
1,1.0,IfKnowDebtor,别 打电话 烦 我   不 认识
1,1.0,IfKnowDebtor,没有 联系电话  
0,0.0,IfKnowDebtor,他 去 国外 了
0,0.0,IfKnowDebtor,我 是 她 同窗
0,0.0,IfKnowDebtor,他 是 我 姨夫
0,0.0,IfKnowDebtor,对   我 认识
0,0.0,IfKnowDebtor,俺 是 他 爹
0,0.0,IfKnowDebtor,你 说 的 是 张三么者
1,1.0,IfKnowDebtor,怎么 又 这种 名字   太 难听 了
0,0.0,IfKnowDebtor,好像
0,0.0,IfKnowDebtor,我 是 他 的 姑
0,0.0,IfKnowDebtor,认识 啊
1,1.0,IfKnowDebtor,你 不要 打 我 电话   我 不 认识 什么 张三李四 王二麻 的
1,1.0,IfKnowDebtor,听 都 没 听 过 。
1,1.0,IfKnowDebtor,你们   闲得 慌 啊   天天 打 骚扰电话 来 ！
0,0.0,IfKnowDebtor,认识   但 他 是 无赖   不会 还 钱
1,1.0,IfKnowDebtor,谁   不 知道
0,0.0,IfKnowDebtor,嗯   认识 。 你们 自己 找 他 去 啊 ？
0,0.0,IfKnowDebtor,认识   我 是 她 姐
0,0.0,IfKnowDebtor,他 是 我 的 姑姑
0,0.0,IfKnowDebtor,晓得 他   他 怎么 了 ？
0,0.0,IfKnowDebtor,我 是 他 老板
0,0.0,IfKnowDebtor,欠 了 我 钱
1,1.0,IfKnowDebtor,不 知道 你 在 说 什么
0,0.0,IfKnowDebtor,认识   你 找 他 什么 事
1,1.0,IfKnowDebtor,不 认识 怎么 老是 有人 找 他
0,1.0,IfKnowDebtor,我 认识 的 人 叫 这个 名字 的 多 了   你 说 具体 点   我 才 晓得 。
0,0.0,IfKnowDebtor,我 是 她 舅舅
0,0.0,IfKnowDebtor,你好 我 是 他 母亲
0,0.0,IfKnowDebtor,认识   他 是 我 初中 同学
0,0.0,IfKnowDebtor,前 同事
0,0.0,IfKnowDebtor,我 是 他 表姐
0,1.0,IfKnowDebtor,怎么 总是 找 他 啊
1,1.0,IfKnowDebtor,打 错 电话 了
0,0.0,IfKnowDebtor,我 他 邻居
0,0.0,IfKnowDebtor,找 他 干嘛
1,1.0,IfKnowDebtor,从不 认识
0,0.0,IfKnowDebtor,我 知道
0,0.0,IfKnowDebtor,我 是 他 姐姐   有 什么 事情
1,1.0,IfKnowDebtor,你们 找错 人 了 TIMESERIESTIMESERIES 我 不是
1,1.0,IfKnowDebtor,不 认识 啊
1,1.0,IfKnowDebtor,不 认识   你 不要 再 打 了
0,0.0,IfKnowDebtor,是 以前 厂里 的 同事   不 联系 了
0,0.0,IfKnowDebtor,嗯   认得 很多年 了 。
0,0.0,IfKnowDebtor,我妹
1,1.0,IfKnowDebtor,怎么 可能 太 难听
0,0.0,IfKnowDebtor,我 以前 的 同事
0,0.0,IfKnowDebtor,他 是 我 男朋友
0,0.0,IfKnowDebtor,认识   他 是 我 小学同学
0,0.0,IfKnowDebtor,但是 现在 不 联系
1,1.0,IfKnowDebtor,号码 我 刚换 的 不 认识
0,0.0,IfKnowDebtor,他 本人 不 在 我 帮 你 问 一下 吧
1,1.0,IfKnowDebtor,从来 没 听 过 这个 名字
0,0.0,IfKnowDebtor,最近 没 联系
0,0.0,IfKnowDebtor,什么 事情 ？ 他 现在 不 在   要 不要 我 转告 他 ？
0,0.0,IfKnowDebtor,认识 不 熟   别找我   挂机
1,1.0,IfKnowDebtor,想不起来 了
0,0.0,IfKnowDebtor,最近 他 有没有 和 你 联系 啊
1,1.0,IfKnowDebtor,说 多次 不 认识
0,0.0,IfKnowDebtor,我 是 他 哥 干嘛
0,0.0,IfKnowDebtor,我 可以 帮 你 转告
1,1.0,IfKnowDebtor,不 晓得 阿
0,0.0,IfKnowDebtor,我 是 他 老师
1,1.0,IfKnowDebtor,不 认识 唉
1,1.0,IfKnowDebtor,他 是 谁 呀
0,0.0,IfKnowDebtor,我 是 他 父母 的 朋友
0,0.0,IfKnowDebtor,我 是 他 的 邻居
0,0.0,IfKnowDebtor,一个 村 的
1,1.0,IfKnowDebtor,不 记得 有 这么 一个 人
1,1.0,IfKnowDebtor,号码 才 买 的 不 认识
1,1.0,IfKnowDebtor,怎么 还 打 啊
1,1.0,IfKnowDebtor,不好意思   你 打错 电话 了
0,0.0,IfKnowDebtor,我 是 他 爸 有 什么 事情
0,0.0,IfKnowDebtor,已经 转告 了
0,0.0,IfKnowDebtor,这个 人 啊 不熟
0,0.0,IfKnowDebtor,我 好久没 跟 他 联系
0,0.0,IfKnowDebtor,嗯 知道 啊
0,1.0,IfKnowDebtor,你 找 他 打 我 电话 做 什么
0,0.0,IfKnowDebtor,他   没 来 上班
0,1.0,IfKnowDebtor,你 自己 找 他
0,0.0,IfKnowDebtor,是
0,0.0,IfKnowDebtor,朋友 的 朋友
0,0.0,IfKnowDebtor,晓得 哇
1,1.0,IfKnowDebtor,俺 不 晓得 哩
0,0.0,IfKnowDebtor,我 是 他 妹妹
1,1.0,IfKnowDebtor,怎么 总是 打 我 电话
1,1.0,IfKnowDebtor,记不起
0,0.0,IfKnowDebtor,你好 我 是 他 大 姨夫
0,0.0,IfKnowDebtor,认识   我 是 他妹
0,0.0,IfKnowDebtor,她 是 我 的 二舅
1,1.0,IfKnowDebtor,这人 是 干嘛 的
1,1.0,IfKnowDebtor,跟 我 没关系
0,0.0,IfKnowDebtor,他 高考 去 了   晚点 再 打来
0,1.0,IfKnowDebtor,你们 不要 在 打 我 电话 了
1,1.0,IfKnowDebtor,你 不要 再 打 给 我 了 我 告诉 过 你 我 不 知道
0,0.0,IfKnowDebtor,我 是 她 妈
1,1.0,IfKnowDebtor,不要 在 打电话 过来
0,0.0,IfKnowDebtor,我 有 听说 过 他
0,0.0,IfKnowDebtor,对 啊
1,1.0,IfKnowDebtor,你 打错 电话 了
0,0.0,IfKnowDebtor,我 是 他 堂弟
1,1.0,IfKnowDebtor,这个 名字 现在 还有 人 在 用
0,0.0,IfKnowDebtor,我 是 他 姐姐   有 什么 事情
1,1.0,IfKnowDebtor,我 手机卡 刚办
1,1.0,IfKnowDebtor,不 认识   别 再 给 我 打电话 了
1,1.0,IfKnowDebtor,这么 难听 的 名字 吗
0,0.0,IfKnowDebtor,恩
0,0.0,IfKnowDebtor,他 出去 买 东西 了 没带 手机   等 他 回来 我 让 他 找 你
1,1.0,IfKnowDebtor,张三是 谁
0,0.0,IfKnowDebtor,你 打 他 电话
1,1.0,IfKnowDebtor,再 打电话 我 报警 啦
0,0.0,IfKnowDebtor,我 是 他 哥 没意思
0,0.0,IfKnowDebtor,他 的 事 你 直接 去 找 他   别找我
0,0.0,IfKnowDebtor,她 是 我 爷爷
0,0.0,IfKnowDebtor,很久没 联系 了
0,0.0,IfKnowDebtor,是 他姐
0,0.0,IfKnowDebtor,当然 认识 咯
0,0.0,IfKnowDebtor,她 是 我 的 朋友
0,0.0,IfKnowDebtor,我们 以前 认识
0,0.0,IfKnowDebtor,我 现在 没有 和 她 在 一起
0,0.0,IfKnowDebtor,我 是 他 父亲 。
0,0.0,IfKnowDebtor,她 是 我 的 姨爹
0,0.0,IfKnowDebtor,他 出去 了
0,0.0,IfKnowDebtor,不是   他 是 我 弟弟   找 他 有 什么 事 ？
0,0.0,IfKnowDebtor,他 是 我 的 姑
0,0.0,IfKnowDebtor,有 他 前女友
0,0.0,IfKnowDebtor,认识 他 还 欠 我 钱 呢 ！ 联系 不上 。
0,0.0,IfKnowDebtor,他 在 开车   什么 事 你 说
0,0.0,IfKnowDebtor,他 出去 了 一会 回来
0,0.0,IfKnowDebtor,断绝关系 了
0,0.0,IfKnowDebtor,我 是 他 大姨
1,1.0,IfKnowDebtor,没 打过 交道
1,1.0,IfKnowDebtor,不知
0,0.0,IfKnowDebtor,他 是 我 朋友
0,0.0,IfKnowDebtor,现在 联系 不到 了
1,1.0,IfKnowDebtor,他 是 人 还是 什么 我 怎么 会 知道
0,0.0,IfKnowDebtor,生病 了   一直 在 医院
1,1.0,IfKnowDebtor,再 打 投诉
0,0.0,IfKnowDebtor,一起 吃 过 几次 饭不太熟 。
1,1.0,IfKnowDebtor,真 难听
1,1.0,IfKnowDebtor,我 不 认识 这个 人
0,0.0,IfKnowDebtor,找 他 有 什么 事
1,1.0,IfKnowDebtor,怎么 可能 起 这种 名字
1,1.0,IfKnowDebtor,搞错 了
1,1.0,IfKnowDebtor,压根 就 不 认识 。
1,1.0,IfKnowDebtor,说 了 不 认识   不要 打 我 电话
0,1.0,IfKnowDebtor,已经 有人 联系 过 我 了
0,0.0,IfKnowDebtor,知道 啊
0,0.0,IfKnowDebtor,我 是 他 老爸 。 有事吗
0,0.0,IfKnowDebtor,他 离职 了
0,0.0,IfKnowDebtor,我 是 爱人
0,0.0,IfKnowDebtor,我 同学
0,0.0,IfKnowDebtor,我 是 他 爱人
0,0.0,IfKnowDebtor,是 他 爷爷
1,1.0,IfKnowDebtor,他 是 谁 呀
0,0.0,IfKnowDebtor,他 在 哪里 ？ 你们 知道 不 ？ 我 也 正在 找 他 呢
1,1.0,IfKnowDebtor,没 听 过 这个 名子
1,0.0,IfKnowDebtor,以前 好像 以前 打过 牌   不 认识
0,0.0,IfKnowDebtor,我 是 他 婆娘
0,0.0,IfKnowDebtor,好久没 联系 了
0,0.0,IfKnowDebtor,认识 啊 干嘛 跟 你 说 ！ 你 谁 啊 ？
1,1.0,IfKnowDebtor,我 真 不 认识 他
0,0.0,IfKnowDebtor,嗯   我 是 他 朋友
0,0.0,IfKnowDebtor,我 是 他 爸 有 什么 事情
0,0.0,IfKnowDebtor,认识   但是 不 联系
0,0.0,IfKnowDebtor,他 在 睡觉
0,0.0,IfKnowDebtor,他 是 我 舅舅
1,1.0,IfKnowDebtor,不好 意   你 打错 了
0,0.0,IfKnowDebtor,他 在 上班 吧   我 也 不 太 清楚
1,1.0,IfKnowDebtor,报警 了
0,0.0,IfKnowDebtor,嗯
1,1.0,IfKnowDebtor,我 这边 没有 这个 人
1,1.0,IfKnowDebtor,不 认识   咋个 ？ 他 有 啥子 问题 吗 ？
0,0.0,IfKnowDebtor,她 是 我 房东
0,0.0,IfKnowDebtor,他 是 我 的 爸
0,0.0,IfKnowDebtor,我会 转告 的
0,0.0,IfKnowDebtor,嗯   我 是 他 的 远方 亲戚
1,1.0,IfKnowDebtor,我 都 已经 说 了 不 认识 了
0,0.0,IfKnowDebtor,我 是 她 老板
1,1.0,IfKnowDebtor,说 不 认识 还给 我 打
0,0.0,IfKnowDebtor,我 是 他 炮友
0,0.0,IfKnowDebtor,她 是 我 前男友
0,0.0,IfKnowDebtor,认识   已经 联系 不上
0,0.0,IfKnowDebtor,我 是 她 女朋友
1,1.0,IfKnowDebtor,这人 谁 啊
0,0.0,IfKnowDebtor,她 是 我 老板
1,1.0,IfKnowDebtor,张三是 谁   你 找 谁 ？
0,0.0,IfKnowDebtor,你 说 的 是 张 三 么 嗯
1,1.0,IfKnowDebtor,没 人 认识 。
0,1.0,IfKnowDebtor,你 说 的 是 张 三 么   没意思
0,0.0,IfKnowDebtor,认识 。 我 是 他 同学   有事 我 可以 让 他 给 你 回 电话
1,1.0,IfKnowDebtor,怎么 会 有人 起 这个 名字   太 难听 了
0,0.0,IfKnowDebtor,我 是 他 工友
0,0.0,IfKnowDebtor,他 是 我 的 同学
1,1.0,IfKnowDebtor,没见 过
0,0.0,IfKnowDebtor,认识   以前 同事   他 已经 辞职 了
0,1.0,IfKnowDebtor,早就 消失 了
0,0.0,IfKnowDebtor,他 是 我 工友
0,0.0,IfKnowDebtor,我 是 他 哥哥
0,0.0,IfKnowDebtor,我 是 他 以前 同事
0,0.0,IfKnowDebtor,我 是 他 小 四
0,0.0,IfKnowDebtor,我 是 她 的 房东
1,1.0,IfKnowDebtor,怎么 可能 有人 起 这样 名字
0,0.0,IfKnowDebtor,他 在 干嘛
1,1.0,IfKnowDebtor,都 说 多少 次 了 不 认识
1,1.0,IfKnowDebtor,我 不 知道 这是
1,1.0,IfKnowDebtor,你们 说 的 是 谁 啊 TIMESERIESTIMESERIES 没 听 过
0,0.0,IfKnowDebtor,我 是 他 舅
1,1.0,IfKnowDebtor,脑子 有病 吧 没意思
0,0.0,IfKnowDebtor,哈哈 嗯
0,0.0,IfKnowDebtor,我 他 儿子
1,0.0,IfKnowDebtor,听说 他 去世 了
0,0.0,IfKnowDebtor,我 是 她 的 爷爷
1,1.0,IfKnowDebtor,我 怎么 可能 认识
1,1.0,IfKnowDebtor,谁 呀 这 是
0,0.0,IfKnowDebtor,我 是 他 老公
1,1.0,IfKnowDebtor,还有 这 名字
1,1.0,IfKnowDebtor,没听 过喃   没意思
1,1.0,IfKnowDebtor,没听说过 这个 人   这个 人 是 哪个 嘛
0,0.0,IfKnowDebtor,她 是 我 的 妈
0,0.0,IfKnowDebtor,我 是 他 同事
1,1.0,IfKnowDebtor,我 不 认识 啊
0,0.0,IfKnowDebtor,认识 啊   我 是 他 最好 的 朋友
0,0.0,IfKnowDebtor,她 是 我 的 姨夫
1,1.0,IfKnowDebtor,印象 里 没 认识 过 这个 人
0,0.0,IfKnowDebtor,她 是 我 的 姑姑
1,1.0,IfKnowDebtor,不
1,1.0,IfKnowDebtor,什么 事   你 打错 了
0,0.0,IfKnowDebtor,欠钱 太多 跑 路 了
1,0.0,IfKnowDebtor,听说 他 去世 了
0,0.0,IfKnowDebtor,哦   晓得
0,1.0,IfKnowDebtor,以前 认识   现在 不 认识 了
0,0.0,IfKnowDebtor,我 是 他姐
1,1.0,IfKnowDebtor,怎么 可能
0,0.0,IfKnowDebtor,当然 认得 。
1,1.0,IfKnowDebtor,不 认识 嗯
0,0.0,IfKnowDebtor,我 是 她 姨爹
0,0.0,IfKnowDebtor,不 联系 了
0,0.0,IfKnowDebtor,哦   TIMESERIES 认识 啊
1,1.0,IfKnowDebtor,没听 过喃 阿
1,0.0,IfKnowDebtor,好像 死 了
1,1.0,IfKnowDebtor,刚换 手机号
1,1.0,IfKnowDebtor,我 是 老人家   不 认识
0,0.0,IfKnowDebtor,我 是 他 的 前女友
0,0.0,IfKnowDebtor,我会 转告 的
1,1.0,IfKnowDebtor,晓 不得
1,1.0,IfKnowDebtor,俺 不 晓得
1,1.0,IfKnowDebtor,我 刚换 的 号码
0,0.0,IfKnowDebtor,我 是 他 老爸 。 有事吗
1,1.0,IfKnowDebtor,哪个 哟   没意思
0,0.0,IfKnowDebtor,我 是 他 某某   会 转告
1,1.0,IfKnowDebtor,刚买 的 号码
1,1.0,IfKnowDebtor,我 不 认识 债
1,1.0,IfKnowDebtor,不 晓得 他 是 谁 。
1,1.0,IfKnowDebtor,不 知道 了
1,1.0,IfKnowDebtor,没听说过 哈
0,0.0,IfKnowDebtor,他 不 在 这
1,1.0,IfKnowDebtor,这 名字 好 搞笑
1,1.0,IfKnowDebtor,这 是 谁
0,1.0,IfKnowDebtor,他 这 号码 不用 给 我 用 了
1,1.0,IfKnowDebtor,不 认识 TIMESERIESTIMESERIES 挂机
0,0.0,IfKnowDebtor,我 是 她 的 女朋友
1,1.0,IfKnowDebtor,不 认识   没意思
0,0.0,IfKnowDebtor,我 是 她 舅
1,1.0,IfKnowDebtor,不 认识   你 故意 打 给 我 的 吧 ？
1,1.0,IfKnowDebtor,怎么 姓 这个 字 的   不 认识
1,1.0,IfKnowDebtor,谁   不 认识   你 打错 了
1,1.0,IfKnowDebtor,这 人 那里 的
1,1.0,IfKnowDebtor,怎么 可能 认识
0,0.0,IfKnowDebtor,我 是 他 家人   手机 没带
0,0.0,IfKnowDebtor,认识   她 回老家 了
0,0.0,IfKnowDebtor,认识 哦
1,1.0,IfKnowDebtor,认求 不到 哦 也
1,1.0,IfKnowDebtor,怎么 又 打 过来
1,1.0,IfKnowDebtor,太 难听 了
1,1.0,IfKnowDebtor,怎么 都 是 找 他 的   别打我 电话 了 ！
1,1.0,IfKnowDebtor,我 从不 认识 XX
0,0.0,IfKnowDebtor,他 是 我 爷爷
0,1.0,IfKnowDebtor,你 自己 联系 他
1,1.0,IfKnowDebtor,他 谁 啊
1,1.0,IfKnowDebtor,我 这里 不是 你 要 找 的 人
0,0.0,IfKnowDebtor,我 是 他 女儿
0,0.0,IfKnowDebtor,我 认识   我 也 认识 你
0,0.0,IfKnowDebtor,他 是 我 爸爸
0,0.0,IfKnowDebtor,我 以前 的 同学   有 什么 事
0,0.0,IfKnowDebtor,认识 的
1,1.0,IfKnowDebtor,认识 个球
0,0.0,IfKnowDebtor,他 是 我 舅
0,0.0,IfKnowDebtor,认识 啊   什么 事
0,0.0,IfKnowDebtor,我 是 他 男朋友
1,1.0,IfKnowDebtor,不 认识   神经病
1,1.0,IfKnowDebtor,别 给 我 打电话 了 TIMESERIESTIMESERIES 我 不 认识 他
0,0.0,IfKnowDebtor,以前 认识
1,1.0,IfKnowDebtor,不要 给 我 打电话
0,0.0,IfKnowDebtor,我 是 他 同窗
0,0.0,IfKnowDebtor,她 是 我 舅
1,1.0,IfKnowDebtor,再 打 就 报警
0,0.0,IfKnowDebtor,是 他 妈妈
1,1.0,IfKnowDebtor,不   没有 听说 过
0,0.0,IfKnowDebtor,是 朋友 的 朋友
1,1.0,IfKnowDebtor,没 记忆
0,0.0,IfKnowDebtor,他 离开 这个 城市 了
0,0.0,IfKnowDebtor,现在 联系 不到
1,1.0,IfKnowDebtor,他 是 谁 ？
1,0.0,IfKnowDebtor,他 坐牢 去 了
1,1.0,IfKnowDebtor,听 都 没 听 过 ！
0,0.0,IfKnowDebtor,联系 不到 了
1,1.0,IfKnowDebtor,开车 了 不 知道
0,0.0,IfKnowDebtor,我 是 他 妈
0,0.0,IfKnowDebtor,之前 认识
0,0.0,IfKnowDebtor,她 是 我 的 工友
0,0.0,IfKnowDebtor,我 是 她 的 老板
1,1.0,IfKnowDebtor,不 认识   你 可以 打 给 马蓉
1,1.0,IfKnowDebtor,没有 听过
0,0.0,IfKnowDebtor,认识 是 我 朋友 的 朋友
1,1.0,IfKnowDebtor,刚来 不 清楚
1,1.0,IfKnowDebtor,不 直到
1,1.0,IfKnowDebtor,你 烦不烦 啊   我 不 认识 他
1,1.0,IfKnowDebtor,没 听 过 这个 人
1,1.0,IfKnowDebtor,能 不能不要 打 我 电话 骚扰 我   他管 我 什么 事
0,0.0,IfKnowDebtor,他 去 洗澡 了
1,1.0,IfKnowDebtor,去世 了
0,0.0,IfKnowDebtor,我 是 她 的 前男友
0,0.0,IfKnowDebtor,他 在外 打工
0,0.0,IfKnowDebtor,我 他 哥
1,1.0,IfKnowDebtor,你 打错 电话 了 吧
0,0.0,IfKnowDebtor,我 是 她 的 姑
0,0.0,IfKnowDebtor,同事   借 了 钱 跑 路 了
0,0.0,IfKnowDebtor,我 是 她 的 爸
1,1.0,IfKnowDebtor,电话 刚办 的
0,0.0,IfKnowDebtor,我 是 她 前女友
0,0.0,IfKnowDebtor,我 是 他 的 男朋友
0,0.0,IfKnowDebtor,找 他 有 什么 事
1,1.0,IfKnowDebtor,我 也 不 知道
1,1.0,IfKnowDebtor,你 谁 啊 不 认识
1,1.0,IfKnowDebtor,不 可能 认识
0,0.0,IfKnowDebtor,我 是 她 爷爷
0,0.0,IfKnowDebtor,他 是 我 的 大爷
1,1.0,IfKnowDebtor,你们 是不是 有病 啊
0,0.0,IfKnowDebtor,她 是 我 二舅
0,0.0,IfKnowDebtor,她 好像 最近 电话 停机 了
0,0.0,IfKnowDebtor,我 是 他 老公   你 找 她 什么 事
1,1.0,IfKnowDebtor,怎么 可能 有人 起 这种 名字 呢   太 难听 了 哈
0,0.0,IfKnowDebtor,她 是 我 朋友
0,1.0,IfKnowDebtor,你 自己 去 找
1,1.0,IfKnowDebtor,别打我 电话 了
0,0.0,IfKnowDebtor,我 表弟
0,0.0,IfKnowDebtor,我 是 他 的 上司
0,0.0,IfKnowDebtor,你好 我 他 弟弟
0,0.0,IfKnowDebtor,她 是 我 前女友
1,1.0,IfKnowDebtor,不 认识 此人
0,0.0,IfKnowDebtor,我 是 他 家人   他 出事 了
1,0.0,IfKnowDebtor,哪门 认不得 喃 。
0,0.0,IfKnowDebtor,以前 认识   我 也 找 不到 他
1,1.0,IfKnowDebtor,你 再 打电话 我 报警 了
0,0.0,IfKnowDebtor,知道 了 会 告诉
0,0.0,IfKnowDebtor,怎么 了   我 是 他 姐姐
0,0.0,IfKnowDebtor,他 手机 在 我 这
1,1.0,IfKnowDebtor,根本 不 认识
0,0.0,IfKnowDebtor,我 是 他 的 前男友
0,0.0,IfKnowDebtor,认识 啊 怎么 了
1,1.0,IfKnowDebtor,俺 不 晓得 哟
0,0.0,IfKnowDebtor,我 是 她 爸爸
1,1.0,IfKnowDebtor,才 换 的 电话 不 认识
1,1.0,IfKnowDebtor,怎么 可能 有人 起 这种 名字 呢   太 难听 了 哈哈哈
0,0.0,IfKnowDebtor,我 是 她 的 同学
0,0.0,IfKnowDebtor,你 自己 去 找 他
0,0.0,IfKnowDebtor,我 是 他 的 二舅
0,0.0,IfKnowDebtor,他 是 我 朋友 我 帮 你 问问
0,0.0,IfKnowDebtor,他 是 我 的 邻居
0,0.0,IfKnowDebtor,我 是 他 的 姨爹
0,0.0,IfKnowDebtor,认识   只是 朋友
0,0.0,IfKnowDebtor,我弟
0,0.0,IfKnowDebtor,我 是 他妹
0,0.0,IfKnowDebtor,我 现在 没 和 她 在 一起
1,1.0,IfKnowDebtor,我 应该 认识 他 吗
0,0.0,IfKnowDebtor,嗯   我 认识
0,0.0,IfKnowDebtor,朋友
0,0.0,IfKnowDebtor,他 是 我姨爹
0,0.0,IfKnowDebtor,我 是 他 的 同学
1,1.0,IfKnowDebtor,没听说过  
1,1.0,IfKnowDebtor,不 晓得 是 哪个 喃哈
1,1.0,IfKnowDebtor,姓张 的 这么 多   我 还 能 都 认识 啊
0,0.0,IfKnowDebtor,她 就 住 我 旁边
0,0.0,IfKnowDebtor,他 是 我 弟弟   你 说 什么 事
0,0.0,IfKnowDebtor,我 是 他 婆婆
0,0.0,IfKnowDebtor,这个 龟孙   我 也 找 他 很 久 了
0,0.0,IfKnowDebtor,他 是 我 的 二舅
1,1.0,IfKnowDebtor,你 找 错 人 了 吧
1,1.0,IfKnowDebtor,你们 骚扰
0,0.0,IfKnowDebtor,我 是 她 房东
1,1.0,IfKnowDebtor,你 打错 了   我 不 认识
0,0.0,IfKnowDebtor,他 不 在家
1,1.0,IfKnowDebtor,不 认识   再 打 报警 了
0,0.0,IfKnowDebtor,待会 我 让 他 回 你 阿
1,1.0,IfKnowDebtor,不好 说
0,0.0,IfKnowDebtor,最近 没有 联系   看到 的话 联系 一下 ！
1,1.0,IfKnowDebtor,没听说过 这个 人
1,1.0,IfKnowDebtor,别烦 我
1,1.0,IfKnowDebtor,根本 不 知道 这个 人 。
0,0.0,IfKnowDebtor,我事 他 妈
0,0.0,IfKnowDebtor,是 他 父亲
1,1.0,IfKnowDebtor,没听说过 啊
1,1.0,IfKnowDebtor,认求 不到 呢
1,1.0,IfKnowDebtor,我 刚办 的 号码
1,1.0,IfKnowDebtor,没 听 过 哈
1,1.0,IfKnowDebtor,想不起来
0,0.0,IfKnowDebtor,被车撞 了
0,0.0,IfKnowDebtor,不是 很 熟
1,1.0,IfKnowDebtor,不 知道 这个 情况
1,0.0,IfKnowDebtor,就 不 联系
0,0.0,IfKnowDebtor,我 是 他 姐姐
0,0.0,IfKnowDebtor,我 是 他 小 三
0,0.0,IfKnowDebtor,知道
1,1.0,IfKnowDebtor,我 没听说过 他
0,0.0,IfKnowDebtor,他 是 我 的 姨夫
1,1.0,IfKnowDebtor,没 听 过 这 名字  
0,0.0,IfKnowDebtor,他 是 我 邻居
0,0.0,IfKnowDebtor,是 朋友
1,1.0,IfKnowDebtor,怎 有人 起 这 名字 难听
1,1.0,IfKnowDebtor,不 认识   你 是 有 病 吗 ？
1,1.0,IfKnowDebtor,早就 说 过 了 不 认识
0,1.0,IfKnowDebtor,我 认识 的 人 叫 这个 名字 的 多 了   你 说 具体 点   我 才 晓得 。
0,0.0,IfKnowDebtor,他 出去 打工 了
1,1.0,IfKnowDebtor,真 不 认识   不要 在 打 了
0,0.0,IfKnowDebtor,他 是 我 的 姨爹
1,1.0,IfKnowDebtor,哪个 哦   认不倒 。
0,1.0,IfKnowDebtor,不是 一个 地方 的
1,1.0,IfKnowDebtor,不 知道 此人
0,0.0,IfKnowDebtor,他 出国 了
0,0.0,IfKnowDebtor,听说 过
0,0.0,IfKnowDebtor,我 是 他 xxx
0,0.0,IfKnowDebtor,他 手机 正在 充电 稍后 让 他 回电
1,1.0,IfKnowDebtor,不 知道
0,0.0,IfKnowDebtor,不 熟
0,0.0,IfKnowDebtor,我 认识   你 找 他 咋子
0,0.0,IfKnowDebtor,我 是 他 前妻
0,0.0,IfKnowDebtor,她 是 我 的 女朋友
0,0.0,IfKnowDebtor,晓得 哈
1,1.0,IfKnowDebtor,不 认识 哇
1,1.0,IfKnowDebtor,哪个 瓜 娃子 取 这个 名字 哦   不 认识
1,1.0,IfKnowDebtor,刚换 的 号码
0,0.0,IfKnowDebtor,我 不 知道   很久没 联系 了 ！
1,1.0,IfKnowDebtor,内 谁 啊
0,0.0,IfKnowDebtor,通过 彭有 见 过 几次 面
0,0.0,IfKnowDebtor,我 他 哥哥
0,1.0,IfKnowDebtor,找 不到 人 了
0,0.0,IfKnowDebtor,没见 过 几次   咋 的 ？
1,1.0,IfKnowDebtor,不 晓得 嗯
1,1.0,IfKnowDebtor,我 不 了解
1,1.0,IfKnowDebtor,不 认识 这个 人
0,1.0,IfKnowDebtor,有点 印象
1,1.0,IfKnowDebtor,认不倒 。
1,1.0,IfKnowDebtor,没有 这个 人
0,0.0,IfKnowDebtor,他 去 上街 了
0,0.0,IfKnowDebtor,他 还 欠 我 钱 没有 还
0,0.0,IfKnowDebtor,我 是 她 奶奶
0,0.0,IfKnowDebtor,我 是 她 邻居
0,0.0,IfKnowDebtor,我 认识   但是 不 认识 你
0,0.0,IfKnowDebtor,她 是 我 的 姑
0,0.0,IfKnowDebtor,是 他 妹妹
0,0.0,IfKnowDebtor,认识   他 是 我 高中同学
0,0.0,IfKnowDebtor,好久 不 联系 了
0,0.0,IfKnowDebtor,我 是 她 大爷
0,0.0,IfKnowDebtor,嗯   可以 让 他 回 电话
1,1.0,IfKnowDebtor,俺 不 认识 哩
1,1.0,IfKnowDebtor,再 打 我 要 投诉 了
0,0.0,IfKnowDebtor,我 是 她 工友
0,0.0,IfKnowDebtor,他 是 我 的 上司
1,1.0,IfKnowDebtor,不 晓得 他 是 哪个 。
0,0.0,IfKnowDebtor,他 是 我 儿子
1,1.0,IfKnowDebtor,你 找 错 人 了
1,1.0,IfKnowDebtor,不 认识   你 是 有 病 吗 ？ 天天 打电话   早 跟 你 说 清楚 了
1,1.0,IfKnowDebtor,认求 不到 没意思
0,0.0,IfKnowDebtor,肯定 知道
1,1.0,IfKnowDebtor,不 晓得 他 是 哪方 神圣 。
1,1.0,IfKnowDebtor,我 怎么 可能 知道
0,0.0,IfKnowDebtor,他 出差 去 了
0,0.0,IfKnowDebtor,他 是 我 前女友
0,0.0,IfKnowDebtor,我 是 她 妈妈
0,0.0,IfKnowDebtor,他 生病 了   在 重症 监护室
0,0.0,IfKnowDebtor,俺 是 他弟
0,0.0,IfKnowDebtor,他 怎么 了
0,0.0,IfKnowDebtor,是 啊
0,0.0,IfKnowDebtor,我 是 她 的 邻居
0,0.0,IfKnowDebtor,她 是 我 舅舅
1,1.0,IfKnowDebtor,这么 垃圾 的 名字 吗
1,1.0,IfKnowDebtor,他 是 谁 啊 一点 也 不 知道
0,1.0,IfKnowDebtor,已经 有人 联系 过 我 了
0,0.0,IfKnowDebtor,他 洗澡 去 了
0,0.0,IfKnowDebtor,我 他 女儿
0,0.0,IfKnowDebtor,你 不是 找 他 干嘛
1,1.0,IfKnowDebtor,怎么 会 知道
0,0.0,IfKnowDebtor,俺 是 他 娘
0,0.0,IfKnowDebtor,他 是 我 老乡
0,0.0,IfKnowDebtor,他 是 我 老板
1,1.0,IfKnowDebtor,名字 都 没 听 过
0,0.0,IfKnowDebtor,我 是 他 的 舅舅
1,1.0,IfKnowDebtor,打错 了
1,1.0,IfKnowDebtor,你 有没有 搞错
0,0.0,IfKnowDebtor,我 是 她 的 男朋友
1,1.0,IfKnowDebtor,你 打错 了 吧   不 认识 。
0,0.0,IfKnowDebtor,听说 他 坐牢 了
0,1.0,IfKnowDebtor,他 是 干什么 的
1,1.0,IfKnowDebtor,不 晓得   神经病
0,0.0,IfKnowDebtor,我 是 他 父亲   有 啥事
0,0.0,IfKnowDebtor,认识   他 是 我 老婆   有事 你 说
1,1.0,IfKnowDebtor,我 哪 知道
0,0.0,IfKnowDebtor,认识   一起 打球 认识 的   很久 不 联系 了
0,0.0,IfKnowDebtor,嗯
0,1.0,IfKnowDebtor,你 自己 去 找
0,0.0,IfKnowDebtor,他 在 办事   我 可以 转告
0,0.0,IfKnowDebtor,我 是 她 同事
1,1.0,IfKnowDebtor,  第一盘 听 倒 。
1,1.0,IfKnowDebtor,不 认识   就 拒绝
1,0.0,IfKnowDebtor,对 啊 ！ 他 死 了
0,1.0,IfKnowDebtor,他人 疯 了
1,1.0,IfKnowDebtor,认 不到
1,0.0,IfKnowDebtor,他 去世 了
1,1.0,IfKnowDebtor,认求 不到 啊
1,1.0,IfKnowDebtor,不 可能 知道
0,0.0,IfKnowDebtor,我待 你 去 找
0,0.0,IfKnowDebtor,她 是 我 工友
1,1.0,IfKnowDebtor,张三是 谁  
1,1.0,IfKnowDebtor,这 名字 听 都 没 听 过
0,0.0,IfKnowDebtor,我 是 他 的 同事
0,0.0,IfKnowDebtor,他 是 我 妈妈
1,1.0,IfKnowDebtor,不 认识   再见
0,0.0,IfKnowDebtor,认识   是 我 大学 同学
0,0.0,IfKnowDebtor,他 是 我 亲戚
0,0.0,IfKnowDebtor,待会 我 让 他 回 你 哈
1,1.0,IfKnowDebtor,不 晓得   别 再 打 了
0,0.0,IfKnowDebtor,算是 吧
1,1.0,IfKnowDebtor,好像 不 认识
0,0.0,IfKnowDebtor,我 是 他 姐姐 。
1,1.0,IfKnowDebtor,你 是 谁   我 不 认识 他 。
1,1.0,IfKnowDebtor,不 晓得
0,0.0,IfKnowDebtor,他 是 我 以前 的 女朋友
1,1.0,IfKnowDebtor,记不清
1,1.0,IfKnowDebtor,我 不 晓得
0,0.0,IfKnowDebtor,已经 有人 联系 过 我 了
0,0.0,IfKnowDebtor,我 是 他 的 老板
0,0.0,IfKnowDebtor,他 手机 落 我 这 了 。
1,1.0,IfKnowDebtor,没 听说
1,1.0,IfKnowDebtor,你 有 病 吧   不 认识
0,0.0,IfKnowDebtor,恩   认识
0,0.0,IfKnowDebtor,我 是 他 哥   有 什么 事情 告诉 我 ？
1,1.0,IfKnowDebtor,名字 太 奇怪   不 认识
0,0.0,IfKnowDebtor,我 跟 他 没 联系 了
1,1.0,IfKnowDebtor,此人 已死   有事 烧纸 ！
0,0.0,IfKnowDebtor,我 是 她 的 大爷
0,0.0,IfKnowDebtor,我 是 他 的 同窗
1,1.0,IfKnowDebtor,张三 谁 啊 不 认识
0,0.0,IfKnowDebtor,认识   你 有事吗
1,1.0,IfKnowDebtor,不 晓得 是 哪个 喃   没意思
1,1.0,IfKnowDebtor,张三 啊 ？ 不 认识 的   怎么 会 有 这么 奇怪 的 名字
1,1.0,IfKnowDebtor,嗯   不 认识
0,0.0,IfKnowDebtor,他 是 我 以前 的 老板
0,0.0,IfKnowDebtor,见过面
1,1.0,IfKnowDebtor,这个 名字 很 恶心
0,0.0,IfKnowDebtor,他 在 手术
0,0.0,IfKnowDebtor,我 是 他 同事 他 不 干 了 没 联系
1,1.0,IfKnowDebtor,不 清楚 耶
0,0.0,IfKnowDebtor,见过 几次   还好 吧 。
1,1.0,IfKnowDebtor,别 给 我 打电话 了   我 不 认识 他
0,0.0,IfKnowDebtor,认识   他 昨晚 才 到 巴西 的
1,1.0,IfKnowDebtor,不 认识 啊 ？
1,1.0,IfKnowDebtor,不 认识   你 打错 了
0,0.0,IfKnowDebtor,他 是 我 的 女朋友
1,1.0,IfKnowDebtor,没 听 过 这 名字
0,0.0,IfKnowDebtor,认识   那 又 怎么样
0,0.0,IfKnowDebtor,她 是 我 的 大爷
0,0.0,IfKnowDebtor,他 欠 我 钱 没 还 了   我 都 找 不到
1,1.0,IfKnowDebtor,不 晓得   你 有 病 吗
0,0.0,IfKnowDebtor,认识   她 去 悉尼 了
0,0.0,IfKnowDebtor,她 是 我 同学
0,0.0,IfKnowDebtor,我 是 他 外公
0,0.0,IfKnowDebtor,我 是 他 舅舅   你 是 谁
0,0.0,IfKnowDebtor,她 是 我 亲戚
0,0.0,IfKnowDebtor,我 是 她 的 亲戚
1,1.0,IfKnowDebtor,张三 谁 啊
0,0.0,IfKnowDebtor,他 不是 那样 的 人 啊
1,1.0,IfKnowDebtor,不 认识   有病
0,0.0,IfKnowDebtor,我 是 她 的 姨夫
0,0.0,IfKnowDebtor,我 是 他 父亲
0,0.0,IfKnowDebtor,认识   你 谁 啊 ？ 哪根葱 ？
0,0.0,IfKnowDebtor,待会 我 让 他 回 你 呢
0,0.0,IfKnowDebtor,我哥
0,1.0,IfKnowDebtor,他人 疯 了
1,1.0,IfKnowDebtor,谁 啊   没 听 过   不 认识
0,0.0,IfKnowDebtor,好像 消失 了 找 不到 了
0,0.0,IfKnowDebtor,只是 见过 一面   不 熟
1,1.0,IfKnowDebtor,去世 了
0,0.0,IfKnowDebtor,我 是 他 儿子
1,1.0,IfKnowDebtor,哪个 瓜 娃子 取 这个 名字 哦   不 晓得
0,0.0,IfKnowDebtor,是   好多年 的 朋友 了 。
0,0.0,IfKnowDebtor,我 给 他 说
1,1.0,IfKnowDebtor,你 这 是 已经 是 骚扰 了   你 在 骚扰 我 我 要 报警 了
0,0.0,IfKnowDebtor,我 是 他 奶奶
0,0.0,IfKnowDebtor,我 是 他弟
0,0.0,IfKnowDebtor,他 在 手术
0,0.0,IfKnowDebtor,张三 你 找 他 干嘛
0,0.0,IfKnowDebtor,待会 我 让 他 回 你 哈哈哈
1,1.0,IfKnowDebtor,我 不 认识 不 认识
0,0.0,IfKnowDebtor,我 是 他 的 奶奶
1,1.0,IfKnowDebtor,我 不 认识 他
1,1.0,IfKnowDebtor,没有 印象
0,0.0,IfKnowDebtor,她 是 我 的 爸
1,1.0,IfKnowDebtor,怎么 莫名其妙 的 电话 打 过来
0,0.0,IfKnowDebtor,我 是 他 哥
0,0.0,IfKnowDebtor,我 是 他 姨夫
1,1.0,IfKnowDebtor,不 认识 。
0,0.0,IfKnowDebtor,他 是 我 同事
0,0.0,IfKnowDebtor,我 是 她 的 爸爸
1,1.0,IfKnowDebtor,不 知道 张三是 谁
0,0.0,IfKnowDebtor,是 他 朋友
0,0.0,IfKnowDebtor,以前 同学
1,1.0,IfKnowDebtor,不 认识
0,0.0,IfKnowDebtor,我 是 她 的 上司
0,0.0,IfKnowDebtor,他 是 老赖
0,0.0,IfKnowDebtor,嗯   他 是 我 朋友
0,0.0,IfKnowDebtor,认识   他 还 欠 我 钱 没 还 呢
1,1.0,IfKnowDebtor,听 名字 不错
0,0.0,IfKnowDebtor,我 是 他 房东
1,1.0,IfKnowDebtor,怎么 有人 起 这种 名字 呢
1,1.0,IfKnowDebtor,不 认识   不 认识  
0,0.0,IfKnowDebtor,认识   但是 两三年 没 联系 了
0,0.0,IfKnowDebtor,他 是 我 的 妈
0,0.0,IfKnowDebtor,嗯   我 认识 呢
0,0.0,IfKnowDebtor,联系 不到
0,0.0,IfKnowDebtor,嗯   我 晓得 这个 人   住 我 楼脚
0,0.0,IfKnowDebtor,认识   咋啦
0,0.0,IfKnowDebtor,我 也 找 不到 他
1,1.0,IfKnowDebtor,不要 骚扰 了
1,1.0,IfKnowDebtor,再 打 就 报警 了
0,0.0,IfKnowDebtor,是 的   认识
0,0.0,IfKnowDebtor,找 不到 了
1,1.0,IfKnowDebtor,NONONO
0,0.0,IfKnowDebtor,怎么 了   我 是 他 爸
0,0.0,IfKnowDebtor,他 被 抓 了
0,0.0,IfKnowDebtor,她 是 我 的 舅
1,1.0,IfKnowDebtor,我 才 用 的 号码
1,1.0,IfKnowDebtor,恩 ； 我 不 认识
1,1.0,IfKnowDebtor,没听 过喃 哈哈哈
0,0.0,IfKnowDebtor,我 是 她 姑
1,1.0,IfKnowDebtor,再 打 报警
0,0.0,IfKnowDebtor,嗯   我 晓得 这个 人   我 隔壁
0,0.0,IfKnowDebtor,认识 是 认识   但是 也 不是 很 熟   你 是 想 从 我 这 了解 他 吗 ？ 如果 是 这样 很 抱歉 我 也 帮不了 你
0,1.0,IfKnowDebtor,很多 人 找 他
1,1.0,IfKnowDebtor,不 知道 啊啊啊
0,0.0,IfKnowDebtor,她 离开 这个 城市 了
1,1.0,IfKnowDebtor,哪个 瓜 娃子 取 这个 名字 哦   不 晓得
0,0.0,IfKnowDebtor,我 是 她 的 舅舅
1,1.0,IfKnowDebtor,俺 不 晓得 啊
1,1.0,IfKnowDebtor,没 听 倒 过 。
0,0.0,IfKnowDebtor,应该 认识
0,0.0,IfKnowDebtor,必须 认识 啊   你 找 他   她 什么 事 ？
1,1.0,IfKnowDebtor,没 听 过 。
1,1.0,IfKnowDebtor,没 听 过 喃哈
0,0.0,IfKnowDebtor,我 联系 不上 他
1,1.0,IfKnowDebtor,有 这样 的 人 ？
1,1.0,IfKnowDebtor,晓 不得 。 你们 有 听 过 的 么 ？
1,1.0,IfKnowDebtor,脑子 有病 吧
0,0.0,IfKnowDebtor,他 认识
1,1.0,IfKnowDebtor,我 号码 刚换
0,0.0,IfKnowDebtor,好久 不 联系
0,0.0,IfKnowDebtor,我 是 他 的 女朋友
0,0.0,IfKnowDebtor,听说 过 这个 人
0,0.0,IfKnowDebtor,晓得 哈哈哈
0,0.0,IfKnowDebtor,我 是 她 男朋友
1,1.0,IfKnowDebtor,没 得 啥子 记忆
0,0.0,IfKnowDebtor,我 是 她 的 姑姑
1,1.0,IfKnowDebtor,没 听 过
0,0.0,IfKnowDebtor,他 在 开车   什么 事 你 说
0,0.0,IfKnowDebtor,我 晓得 这个 人   我 隔壁
0,0.0,IfKnowDebtor,我 和 她 是 同事
0,0.0,IfKnowDebtor,我 是 她 的 二舅
1,0.0,IfKnowDebtor,他 死 了 ！
0,0.0,IfKnowDebtor,我 是 他 女人
1,1.0,IfKnowDebtor,不 懂 没 印象
1,1.0,IfKnowDebtor,跳楼 了
0,0.0,IfKnowDebtor,她 是 我 熟人
0,0.0,IfKnowDebtor,刚刚 认识 。
0,0.0,IfKnowDebtor,嗯   我 认识 这个 人
0,0.0,IfKnowDebtor,她 是 我 大爷
0,0.0,IfKnowDebtor,好像 有 影响
0,0.0,IfKnowDebtor,他 没空
1,1.0,IfKnowDebtor,对不起   我 不 认识
0,0.0,IfKnowDebtor,不 认识   才 怪
0,0.0,IfKnowDebtor,认识 联系 不到
0,0.0,IfKnowDebtor,他 是 我 的 同窗
0,0.0,IfKnowDebtor,我 是 他 的 亲戚
0,1.0,IfKnowDebtor,怎么 老 有人 找 他
0,0.0,IfKnowDebtor,我 是 他 哥   有 什么 事情 告诉 我 ？
1,1.0,IfKnowDebtor,没听说过 。
1,1.0,IfKnowDebtor,不 认识 号码 刚买 的
0,1.0,IfKnowDebtor,印象 不太深
0,0.0,IfKnowDebtor,认识   昨晚 还 一起 喝酒 了 呢
0,0.0,IfKnowDebtor,我 是 他 上司
0,0.0,IfKnowDebtor,他 是 我 的 爸爸
0,0.0,IfKnowDebtor,我 是 他 亲戚
1,1.0,IfKnowDebtor,不 认识 你 说 的 这个 人 。
1,1.0,IfKnowDebtor,再 打 我 要 骂人 了
1,1.0,IfKnowDebtor,别 骚扰 了
1,1.0,IfKnowDebtor,不 认识   你 是 有 病 吗 ？ 天天 打电话
1,1.0,IfKnowDebtor,以后 不要 再 打 我 电话 我 不 认识
1,1.0,IfKnowDebtor,不 认识   挂机
0,1.0,IfKnowDebtor,老是 骚扰 干什么
0,0.0,IfKnowDebtor,不 联系
0,0.0,IfKnowDebtor,认识   但 很 长时间 不 联系 了
1,1.0,IfKnowDebtor,怎么 可能 有人 起 这种 名字
0,0.0,IfKnowDebtor,认识 很多年 了   他出 啥事 了 ？
0,0.0,IfKnowDebtor,我 是 她 前男友
0,0.0,IfKnowDebtor,好像 坐牢 了
0,0.0,IfKnowDebtor,我 是 他 姐干 啥
1,1.0,IfKnowDebtor,打错 了 。
1,1.0,IfKnowDebtor,压根 没听说过
0,0.0,IfKnowDebtor,一起 打过 牌 不熟 。
0,0.0,IfKnowDebtor,出 事情 被 抓 起来 了
1,1.0,IfKnowDebtor,这个 人 是 谁 没有 听过
1,1.0,IfKnowDebtor,不知 你 说 的 谁
1,1.0,IfKnowDebtor,找 我 也 没有 用
0,0.0,IfKnowDebtor,认识 一个 聚会 上 认识 的 不太熟
1,1.0,IfKnowDebtor,号码 用 了 几年 了   不 知道
1,1.0,IfKnowDebtor,我刚 买 的 号码
1,1.0,IfKnowDebtor,天天 打电话 找 这个 人
0,0.0,IfKnowDebtor,你 自己 联系 他
0,0.0,IfKnowDebtor,我 认识 啊
0,1.0,IfKnowDebtor,老是 打电话
0,1.0,IfKnowDebtor,几年 了 还 在 打电话 给 我
1,1.0,IfKnowDebtor,没 听 他 说 过 么 ～
0,0.0,IfKnowDebtor,刚 还 看见 他
1,1.0,IfKnowDebtor,你 打错 了 吧
0,0.0,IfKnowDebtor,他 还 没 回来
0,1.0,IfKnowDebtor,你 自己 找 他
0,0.0,IfKnowDebtor,她 就 在 我 旁边
0,0.0,IfKnowDebtor,他 正在 忙   怎么 了
0,0.0,IfKnowDebtor,他 去 俄罗斯 看 世界杯 了   近期 都 不得 回来 ！
0,0.0,IfKnowDebtor,我 不 一定 能 联系 上
0,0.0,IfKnowDebtor,以前 同事   联系 不上 。
1,1.0,IfKnowDebtor,俺 不 知道
1,1.0,IfKnowDebtor,你们 经常 打 我 电话 我 不 认识 他
0,0.0,IfKnowDebtor,我 是 他 姨爹
1,1.0,IfKnowDebtor,no
0,1.0,IfKnowDebtor,不要 问 我
0,0.0,IfKnowDebtor,认识 哦   但是 我们 有 好几年 没 联系 了   他 还 欠 我 几千块 钱
1,1.0,IfKnowDebtor,嫩 瞎 扯淡
1,1.0,IfKnowDebtor,这么 难听 的 名字 也 有人 用 啊
0,0.0,IfKnowDebtor,认识   他 去 新疆 了
1,1.0,IfKnowDebtor,俺 不 认识 啊
0,0.0,IfKnowDebtor,我 是 他 爷爷
1,1.0,IfKnowDebtor,我 不 认识 啊 ！
0,0.0,IfKnowDebtor,他 是 我 XX   什么 事 ？
0,0.0,IfKnowDebtor,我 给 他 说
1,1.0,IfKnowDebtor,发错 了 吧
1,1.0,IfKnowDebtor,怎么 有 这样 的 名字
0,0.0,IfKnowDebtor,认识   是 我 前男友
0,0.0,IfKnowDebtor,是 他 同学
0,0.0,IfKnowDebtor,我们 很 长时间 没 联系 了
0,1.0,IfKnowDebtor,不太熟悉
1,1.0,IfKnowDebtor,不 认识   挂 了   我 很 忙
1,1.0,IfKnowDebtor,你 说 谁 ？ ？ 他 干嘛 的 ？ ？
0,0.0,IfKnowDebtor,我 是 她 姑姑
0,0.0,IfKnowDebtor,已经 很久没 联系 了
1,1.0,IfKnowDebtor,不 打错 电话 了 哇
1,1.0,IfKnowDebtor,你 说 的 那个 人 我 都 没有 听说 过
0,0.0,IfKnowDebtor,不要 要 找 我 找 他
0,0.0,IfKnowDebtor,她 是 我 爸
0,0.0,IfKnowDebtor,他 失踪 了
0,0.0,IfKnowDebtor,他 在 忙   有事吗
0,0.0,IfKnowDebtor,早就 不 联系 了   不 熟
1,1.0,IfKnowDebtor,认求 不到 哦 嗯
0,0.0,IfKnowDebtor,认识 啊   我 是 他 同事
0,0.0,IfKnowDebtor,我 是 他 二舅
0,0.0,IfKnowDebtor,他 在 上 厕所
0,0.0,IfKnowDebtor,他 在 吃药
0,0.0,IfKnowDebtor,她 是 我 的 男朋友
0,0.0,IfKnowDebtor,他 可能 最近 都 没 时间
0,0.0,IfKnowDebtor,他 有事 出去 了
1,1.0,IfKnowDebtor,不 认识 他
1,1.0,IfKnowDebtor,这个 名字 不 清楚
0,0.0,IfKnowDebtor,以前 认识 的   不怎么 熟
1,1.0,IfKnowDebtor,没有 听说 过
1,1.0,IfKnowDebtor,这个 名字 没有 印象
0,0.0,IfKnowDebtor,我 是 他 姐夫
0,0.0,IfKnowDebtor,她 是 我 的 邻居
0,0.0,IfKnowDebtor,他 不 手机 忘带 了   待会 我 让 他 回 你
0,0.0,IfKnowDebtor,他 跑 路 了
0,0.0,IfKnowDebtor,我 是 她 二舅
0,0.0,IfKnowDebtor,我 是 她 的 舅
0,0.0,IfKnowDebtor,我 是 他 叔叔
1,1.0,IfKnowDebtor,你 就算 打 20 个 电话 我 也 不 认识
0,0.0,IfKnowDebtor,她 是 我 爸爸
0,0.0,IfKnowDebtor,我 是 他 弟弟
1,1.0,IfKnowDebtor,神经病 啊
0,0.0,IfKnowDebtor,他 是 我 的 舅
0,0.0,IfKnowDebtor,很久没 来往   被 拉 黑 了
0,0.0,IfKnowDebtor,你 有事 找 他
0,0.0,IfKnowDebtor,他 是 我 姑
0,0.0,IfKnowDebtor,我 是 她 同学
0,0.0,IfKnowDebtor,我 有空 就 告诉 他
1,1.0,IfKnowDebtor,听 都 没 听 过 这个 名字   更 不用说 认识 了
1,1.0,IfKnowDebtor,不 懂
1,1.0,IfKnowDebtor,说 了 不 认识 了
0,0.0,IfKnowDebtor,你好 我 他 爸
0,0.0,IfKnowDebtor,是 的   我 认识   找 他 什么 事
0,0.0,IfKnowDebtor,嗯 认识
0,0.0,IfKnowDebtor,我 和 他 是 同事
1,1.0,IfKnowDebtor,不 晓得   没听说过 这个 人
1,1.0,IfKnowDebtor,天知道 这个 人 是 谁 啊
1,1.0,IfKnowDebtor,从 没听说过
1,1.0,IfKnowDebtor,俺 不 认识 呢
1,1.0,IfKnowDebtor,真 不 认识
1,1.0,IfKnowDebtor,不 认识   你 可以 打 给 马蓉   他 认识
1,0.0,IfKnowDebtor,他 去世 了
1,1.0,IfKnowDebtor,在 打 就 投诉
0,0.0,IfKnowDebtor,他 没带 手机
0,0.0,IfKnowDebtor,他 就 在 我 边上
0,0.0,IfKnowDebtor,他 等 会 就 回来
0,0.0,IfKnowDebtor,他 在 和 我 一起 吃饭
1,1.0,IfKnowDebtor,不要 给 我 打电话  
0,0.0,IfKnowDebtor,我 是 他 朋友   你 找 他 又 什么 事
1,1.0,IfKnowDebtor,我 没听说过 她
0,0.0,IfKnowDebtor,我姐
0,0.0,IfKnowDebtor,他 去 超市 了
0,0.0,IfKnowDebtor,他 是 我 弟弟
0,0.0,IfKnowDebtor,有过 联系
1,1.0,IfKnowDebtor,这 是 我 家里人 的 号码 给 我 用 的
0,0.0,IfKnowDebtor,肯定 知道 啊
1,1.0,IfKnowDebtor,不是
0,0.0,IfKnowDebtor,我 是 他 外婆
1,1.0,IfKnowDebtor,完全 没 印象 。
0,0.0,IfKnowDebtor,她 是 我 的 奶奶
1,1.0,IfKnowDebtor,记 不到
0,0.0,IfKnowDebtor,他 是 我 妈
0,0.0,IfKnowDebtor,认识 不 熟
0,0.0,IfKnowDebtor,认识 这个 人 你们 找 他 ？
0,0.0,IfKnowDebtor,已经 失联 了
0,0.0,IfKnowDebtor,已经 失踪 了
0,0.0,IfKnowDebtor,他嗦   和 我 熟 得 很
0,0.0,IfKnowDebtor,好像 认识
1,0.0,IfKnowDebtor,他 死 了
0,0.0,IfKnowDebtor,我事 他 爸爸
1,1.0,IfKnowDebtor,说 了 不 认识   她 妈 的 不要 在 打
1,1.0,IfKnowDebtor,不 晓得 吧
1,1.0,IfKnowDebtor,她 是 谁
1,1.0,IfKnowDebtor,应该 不 认识
1,1.0,IfKnowDebtor,我 是 做生意 的   接触 人多   不 知道 哪 一个
0,0.0,IfKnowDebtor,我 是 他 前男友
1,1.0,IfKnowDebtor,我 都 不 知道 他 是 干嘛 的
0,0.0,IfKnowDebtor,认识   是 我 一个 村 的
0,0.0,IfKnowDebtor,我 是 他 姑姑
1,1.0,IfKnowDebtor,这个 人 没有 印象
1,0.0,IfKnowDebtor,他 死 了
0,0.0,IfKnowDebtor,毛 根儿 朋友 。
0,0.0,IfKnowDebtor,他 送 人 去 了
0,0.0,IfKnowDebtor,嗯   我 晓得 这个 人
0,0.0,IfKnowDebtor,好久 不 联系   联系 不到
1,1.0,IfKnowDebtor,不 认识   你 有 病 吧
1,1.0,IfKnowDebtor,真的 不 认识
0,0.0,IfKnowDebtor,我 以前 的 同学   有 什么 事
1,1.0,IfKnowDebtor,不 认识 不 认识   关 我 屁事
1,1.0,IfKnowDebtor,根本 就 没有 这个 人
1,1.0,IfKnowDebtor,不 晓得 他 。
0,0.0,IfKnowDebtor,他 在 我 边上
0,0.0,IfKnowDebtor,嗯 认识 我 在 忙
0,0.0,IfKnowDebtor,我们 只有 一面之缘 的 朋友
1,1.0,IfKnowDebtor,看 号码 对 吗
1,1.0,IfKnowDebtor,不 晓得 是 哪个 喃阿
0,0.0,IfKnowDebtor,她 在 洗澡
0,0.0,IfKnowDebtor,他 被 抓 了
0,0.0,IfKnowDebtor,我 是 她 的 工友
1,1.0,IfKnowDebtor,这 是 我 刚 买 的 号码
1,1.0,IfKnowDebtor,我 刚换 的 手机号码
0,0.0,IfKnowDebtor,我 是 他 的 妈
1,1.0,IfKnowDebtor,你 说 的 我 不 懂
0,0.0,IfKnowDebtor,打麻将 认识 的
1,1.0,IfKnowDebtor,没听 过喃 啊
0,0.0,IfKnowDebtor,她 是 我 的 房东
0,0.0,IfKnowDebtor,我 是 他 爹
1,1.0,IfKnowDebtor,根本 没 听 过 这个 名字
0,0.0,IfKnowDebtor,她 是 我 姑
0,0.0,IfKnowDebtor,她 在 我家 呢
0,0.0,IfKnowDebtor,他 是 我 的 前女友
0,0.0,IfKnowDebtor,他事 我 朋友
0,0.0,IfKnowDebtor,俺 是 他妹
0,0.0,IfKnowDebtor,他 是 我 上司
1,1.0,IfKnowDebtor,不 知道 ta
0,0.0,IfKnowDebtor,是 他 家人
1,1.0,IfKnowDebtor,别 打 了 不 认识
1,1.0,IfKnowDebtor,你们 都 打过 几次 电话 了   不 认识
1,1.0,IfKnowDebtor,好几个 人 给 我 打电话 问 我 是不是 认识 他 他
1,1.0,IfKnowDebtor,认求 不到 哦 呢
1,1.0,IfKnowDebtor,张三 谁 啊 打错 电话 了 吧 你
1,1.0,IfKnowDebtor,发错 了
1,1.0,IfKnowDebtor,和 我 朋友 名字 很 像   但是 不是
0,0.0,IfKnowDebtor,他 躲起来 了
1,1.0,IfKnowDebtor,这是 朋友 办理 的 手机号
0,0.0,IfKnowDebtor,我 是 他 哥 也
0,0.0,IfKnowDebtor,他 出差 去 了     再 打来
0,0.0,IfKnowDebtor,很久 不 联系 了
1,1.0,IfKnowDebtor,认求 不到 哈
0,0.0,IfKnowDebtor,见过 几次   不 熟
0,0.0,IfKnowDebtor,我 是 她 的 同窗
0,0.0,IfKnowDebtor,你 找 他 打 她 电话
1,1.0,IfKnowDebtor,怎么 会 这样 啊
1,1.0,IfKnowDebtor,谁 啊   不 认识
1,1.0,IfKnowDebtor,你 找 错
0,0.0,IfKnowDebtor,恩   怎么 了 ？
1,1.0,IfKnowDebtor,别 瞎说 了   别 打 骚扰电话 不 认识
1,1.0,IfKnowDebtor,他 是 谁
0,0.0,IfKnowDebtor,他 没有 上班
0,0.0,IfKnowDebtor,他 在 忙   有事吗
1,1.0,IfKnowDebtor,打错 了 不 知道 。
1,1.0,IfKnowDebtor,没听 过喃
0,0.0,IfKnowDebtor,晓得 他   他 不 在 这边 。
0,0.0,IfKnowDebtor,待会 我 让 他 回 你
0,0.0,IfKnowDebtor,嗯   我 认识 嗯
1,0.0,IfKnowDebtor,听说 他 坐牢 了
0,0.0,IfKnowDebtor,他 现在 不 在   去 厕所 了
0,0.0,IfKnowDebtor,对   干嘛
0,0.0,IfKnowDebtor,认识 没 联系
0,0.0,IfKnowDebtor,嗯   他 呀 ？ 我 认识 啊
1,1.0,IfKnowDebtor,你 在 逗我 么 我 怎么 认识
1,1.0,IfKnowDebtor,这人 是 什么 地方 的
0,0.0,IfKnowDebtor,她 是 我 的 妈妈
0,0.0,IfKnowDebtor,她 在 我家 呢
1,1.0,IfKnowDebtor,不 了解
0,0.0,IfKnowDebtor,是 他 爸爸
0,1.0,IfKnowDebtor,不要 提他 了
0,0.0,IfKnowDebtor,我 是 他 哥 阿
1,1.0,IfKnowDebtor,他 是 谁 啊
1,1.0,IfKnowDebtor,不 认识   你 打错 电话 了 吧
0,0.0,IfKnowDebtor,嗯   在 楼上 的   我待会 叫 他
0,0.0,IfKnowDebtor,他 到底 欠 了 多少 钱   天天 找 他
0,0.0,IfKnowDebtor,认识   我 是 她 妹
1,1.0,IfKnowDebtor,啥子 嘛   不 认识
1,1.0,IfKnowDebtor,哪个 ？ 认 不到
1,1.0,IfKnowDebtor,打错 了 吧
0,0.0,IfKnowDebtor,认识   我 是 他 爸
1,1.0,IfKnowDebtor,下次 不要 给 我 打
1,1.0,IfKnowDebtor,不 记得 有 这个 人
0,0.0,IfKnowDebtor,去 外地 了
1,1.0,IfKnowDebtor,他 是 哪里 人 啊
0,0.0,IfKnowDebtor,他 不 在
0,0.0,IfKnowDebtor,认识   我 是 他姐
0,0.0,IfKnowDebtor,她 在 我 车里
0,0.0,IfKnowDebtor,是 的   他 咋 了 ？
0,0.0,IfKnowDebtor,朋友 的 同学   只见 过 一次
1,1.0,IfKnowDebtor,没 人 认识
0,0.0,IfKnowDebtor,认识   我 是 他 妹妹
1,1.0,IfKnowDebtor,你妹 啊   搞错 了 哇
1,1.0,IfKnowDebtor,我 不 确定
0,0.0,IfKnowDebtor,他 在
0,0.0,IfKnowDebtor,是 他 姐姐
1,1.0,IfKnowDebtor,俺 不 认识
0,0.0,IfKnowDebtor,哦   我 认识
0,0.0,IfKnowDebtor,他 现在 不 在   你 有事吗
0,1.0,IfKnowDebtor,他 的 事 你 直接 去 找 他   别找我
0,0.0,IfKnowDebtor,他 是 我 女朋友
1,1.0,IfKnowDebtor,好像 没 这人
1,1.0,IfKnowDebtor,没听说过
1,1.0,IfKnowDebtor,听过   好像 不 认识
1,1.0,IfKnowDebtor,脑残
0,0.0,IfKnowDebtor,认识   会 转告
0,0.0,IfKnowDebtor,不 熟   知道 而已 。
1,1.0,IfKnowDebtor,脑子 有病 吧 吧
1,1.0,IfKnowDebtor,我 帮 朋友 接 的 电话 不 知道 你 说 的 谁
1,1.0,IfKnowDebtor,脑壳 有病
1,1.0,IfKnowDebtor,再 打 我 要 投诉
1,1.0,IfKnowDebtor,你 认识 反正 我 不 认识
0,0.0,IfKnowDebtor,我 认识 他
1,1.0,IfKnowDebtor,我 怎么 不 记得 了
0,0.0,IfKnowDebtor,对 呀
0,0.0,IfKnowDebtor,我 是 他 前女友
0,0.0,IfKnowDebtor,我 朋友
0,0.0,IfKnowDebtor,他 是 我 的 老板
1,1.0,IfKnowDebtor,不要 打 了   真 不 认识
1,1.0,IfKnowDebtor,在 打 我 投诉 你
1,1.0,IfKnowDebtor,我认 不到 你 说 的 那个 人
0,0.0,IfKnowDebtor,她 就 在 我 旁边
0,0.0,IfKnowDebtor,他 现在 不 在家
1,1.0,IfKnowDebtor,你 找 这个 人 没 印象
0,0.0,IfKnowDebtor,嗯   有事吗
0,0.0,IfKnowDebtor,认识 这么 了
0,0.0,IfKnowDebtor,他 开会 去 了
0,0.0,IfKnowDebtor,认识   一起 喝酒 认识 的   不太熟
0,0.0,IfKnowDebtor,认识   是 隔壁 村 的
1,1.0,IfKnowDebtor,哪个 张三
1,1.0,IfKnowDebtor,和 我 有 关系 吗
1,1.0,IfKnowDebtor,这有 这么 个人 ？
0,0.0,IfKnowDebtor,我 是 她 的 妈
0,0.0,IfKnowDebtor,他 是 我 的 房东
0,0.0,IfKnowDebtor,嗯 我 是 她 爸爸
0,0.0,IfKnowDebtor,认识   我 是 她 妈
1,1.0,IfKnowDebtor,他 是 谁
0,0.0,IfKnowDebtor,我们 是 大学 同学
0,0.0,IfKnowDebtor,他 还 欠 我 钱 呢
1,1.0,IfKnowDebtor,没听说过 哈哈哈
1,1.0,IfKnowDebtor,张三是 谁 啊
0,0.0,IfKnowDebtor,她 是 我 的 老板
0,0.0,IfKnowDebtor,是 他 弟弟
0,0.0,IfKnowDebtor,她 是 我 上司
0,0.0,IfKnowDebtor,我会 转告
0,0.0,IfKnowDebtor,我 是 她 的 同事
1,0.0,IfKnowDebtor,认识   但是 他 已经 死 了 几年 了
0,0.0,IfKnowDebtor,他姐 儿子 去 了
0,0.0,IfKnowDebtor,是 的   有事吗
1,1.0,IfKnowDebtor,不 认识   怎么 老给 我 打电话
0,0.0,IfKnowDebtor,我 是 他 的 爸
0,0.0,IfKnowDebtor,他 是 我 的 前妻
1,1.0,IfKnowDebtor,真不知道 这个 人
0,0.0,IfKnowDebtor,他 是 我 大爷
0,0.0,IfKnowDebtor,嗯   我 认识 阿
0,0.0,IfKnowDebtor,出国 了
1,1.0,IfKnowDebtor,杀马特 的 名字   没 听 过
1,1.0,IfKnowDebtor,从来 没有 接触 过 这个 人
0,1.0,IfKnowDebtor,忘记 这个 人 了 不 熟悉
1,1.0,IfKnowDebtor,你 再 打 我 电话 我要 报警 了 ！
0,0.0,IfKnowDebtor,我 是 他 亲戚 。
0,0.0,IfKnowDebtor,早就 没 联系 了
1,1.0,IfKnowDebtor,这 什么 弱智 起 的 名字 啊
0,0.0,IfKnowDebtor,我 是 她 爸
0,0.0,IfKnowDebtor,是 他 同事
1,1.0,IfKnowDebtor,打 了 好多 电话   不 认识   不 知道  
1,1.0,IfKnowDebtor,你 打错 了 吧 ？
1,1.0,IfKnowDebtor,不好意思   不 认识
0,0.0,IfKnowDebtor,我 是 他 的 爷爷
0,0.0,IfKnowDebtor,只见 过 几次 面
0,1.0,IfKnowDebtor,现在 做牢 了   抢劫
1,1.0,IfKnowDebtor,名字 挺 好听 的   但是 没 听 过
0,0.0,IfKnowDebtor,我 是 他 朋友   你 找 他 又 什么 事
0,0.0,IfKnowDebtor,这 是 我 爱人 电话  
1,0.0,IfKnowDebtor,死 了
1,1.0,IfKnowDebtor,我 不 认识
1,1.0,IfKnowDebtor,这 人 干嘛 的
0,0.0,IfKnowDebtor,嗯   早 不 联系
0,0.0,IfKnowDebtor,欠 我 钱 不 接电话
0,0.0,IfKnowDebtor,恩   他 是 我 大学 同学
0,0.0,IfKnowDebtor,不是 很 熟   有 什么 事
1,1.0,IfKnowDebtor,搞错 了 吧   挂机
0,0.0,IfKnowDebtor,之前 认识   现在 没 联系 了 。
1,0.0,IfKnowDebtor,他 死 掉 了
1,1.0,IfKnowDebtor,这里 没 这个 人
0,0.0,IfKnowDebtor,他 不 在 这边   回老家 了
0,0.0,IfKnowDebtor,我 是 他 父母
1,1.0,IfKnowDebtor,这人 是 干什么 的
0,0.0,IfKnowDebtor,待会 我 让 他 回 你 啊
1,1.0,IfKnowDebtor,不要 烦 我   再 联系 我 就 投诉 你
0,0.0,IfKnowDebtor,她 是 我 的 爸爸
0,0.0,IfKnowDebtor,好长时间 不 联系 了
1,1.0,IfKnowDebtor,你 就算 打 10 个 电话 我 也 不 认识
1,1.0,IfKnowDebtor,不 清楚
0,0.0,IfKnowDebtor,待会 我 让 他 找 你
0,0.0,IfKnowDebtor,啊
0,0.0,IfKnowDebtor,她 是 我 妈妈
0,0.0,IfKnowDebtor,一个 村子 的
0,0.0,IfKnowDebtor,你 不是 找 他 干嘛
0,0.0,IfKnowDebtor,认识   我 是 他 室友   怎么 了
0,0.0,IfKnowDebtor,他 现在 不 在   回来 跟 他 讲 一下
0,0.0,IfKnowDebtor,我 是 他 的 舅
0,0.0,IfKnowDebtor,嗯   认识
0,0.0,IfKnowDebtor,我 是 他 祖宗
0,0.0,IfKnowDebtor,他 去买烟 了
0,0.0,IfKnowDebtor,她 是 我 的 舅舅
1,1.0,IfKnowDebtor,我 这 是 刚办 的 号码 不 认识 你 说 的 这个 人 ！
0,0.0,IfKnowDebtor,我们 不 熟   几年 前 朋友
0,0.0,IfKnowDebtor,他 在 和 我 一起 吃饭
0,1.0,IfKnowDebtor,我 没 办法 转告
0,1.0,IfKnowDebtor,我 不是   有 什么 事 我 可以 转告
1,1.0,IfKnowDebtor,你 是 哪个 哦 ？ 我 不 晓得 这个 人 是 哪个
1,1.0,IfKnowDebtor,不 晓得   别 再 给 我 打电话 了
0,0.0,IfKnowDebtor,我 是 他 队友
1,1.0,IfKnowDebtor,这 人 怎么 可能 认识
0,0.0,IfKnowDebtor,我 是 他 哥哥 。
0,0.0,IfKnowDebtor,他 去 吃饭 了
1,1.0,IfKnowDebtor,你 说 的 我 不 明白
0,0.0,IfKnowDebtor,我 是 他 情人
0,0.0,IfKnowDebtor,他 是 我 爸
0,0.0,IfKnowDebtor,认识   我 是 她 爸
1,1.0,IfKnowDebtor,怎么 可能 有人 起 这种 名字 呢
1,1.0,IfKnowDebtor,我 没 这个 朋友 啊
1,1.0,IfKnowDebtor,不 认识   你 可以 打 给 马蓉 他 妈
0,1.0,IfKnowDebtor,很久以前 只见 过 一面
1,1.0,IfKnowDebtor,认识 ？ 没有 。
0,0.0,IfKnowDebtor,我 是 她 的 朋友
0,1.0,IfKnowDebtor,不要 找 我   我 不 知道 ！
1,1.0,IfKnowDebtor,别打我 电话   烦不烦 ？
1,1.0,IfKnowDebtor,张三是 谁 ？
0,0.0,IfKnowDebtor,怎么 又 找 他
0,0.0,IfKnowDebtor,他 是 我 的 男朋友
0,0.0,IfKnowDebtor,他 不 在 班上
1,1.0,IfKnowDebtor,你们 天天 吃饱 撑 的 啊   不 都 说 过 了 吗
1,1.0,IfKnowDebtor,脑子 有病 吧 哈
0,0.0,IfKnowDebtor,认识   我 是 她 妹妹
0,0.0,IfKnowDebtor,认得   好多年 没见 了 。
0,0.0,IfKnowDebtor,嗯 我 认识
1,1.0,IfKnowDebtor,都 没有 听过 这个 名字 。
0,0.0,IfKnowDebtor,他 的 事管 我 什么 事
0,0.0,IfKnowDebtor,我 是 他 爸爸
0,0.0,IfKnowDebtor,他 在
0,0.0,IfKnowDebtor,他 把 手机 落 我 这 充电   等 他 回来 回 电话 给 你
1,1.0,IfKnowDebtor,认求 不到 哦 阿
1,1.0,IfKnowDebtor,我 从不 认识 XX   你 是不是 打错 了
0,0.0,IfKnowDebtor,对
0,0.0,IfKnowDebtor,我 是 他 父亲   有 啥事
0,0.0,IfKnowDebtor,他 去 上班 了
0,0.0,IfKnowDebtor,我 是 他 爸
0,0.0,IfKnowDebtor,俺 是 他 叔
1,1.0,IfKnowDebtor,我 不是 啊 你 打错 了 吧
1,1.0,IfKnowDebtor,不 不 不
0,0.0,IfKnowDebtor,俺 是 他姐
0,0.0,IfKnowDebtor,我 是 他 亲戚 姐姐
0,0.0,IfKnowDebtor,她 是 我 的 上司
0,0.0,IfKnowDebtor,你 打 他 的 手机 吧
0,0.0,IfKnowDebtor,知道 名字 不 熟悉
0,0.0,IfKnowDebtor,嗯   认识
0,0.0,IfKnowDebtor,是 朋友   怎么 了
0,0.0,IfKnowDebtor,了解
0,0.0,IfKnowDebtor,你 说 的 是 张 三 么 阿
0,0.0,IfKnowDebtor,晓得
0,0.0,IfKnowDebtor,算了吧 TIMESERIES 我 联系 不上
0,0.0,IfKnowDebtor,我 有 听说 过 她
0,0.0,IfKnowDebtor,没有 必要 去 联系
0,0.0,IfKnowDebtor,认识   我 是 他 家人
0,0.0,IfKnowDebtor,她 在 我 车里
0,0.0,IfKnowDebtor,认识   他 不 就是 傻根 吗
1,1.0,IfKnowDebtor,再 打 我 投诉 你
1,1.0,IfKnowDebtor,你们 是不是 打 错 电话 了
1,1.0,IfKnowDebtor,再 打电话 来 我 报警 了
1,1.0,IfKnowDebtor,都 没听说过
0,0.0,IfKnowDebtor,你 找 他 有事吗
0,0.0,IfKnowDebtor,是 同学
0,0.0,IfKnowDebtor,他 是 我 的 舅舅
1,1.0,IfKnowDebtor,太 难听 的 名字 了
