from,label,original_label,original_text,new_label
Installment,1,,我考虑一下,1
Installment,0,,再等父母打钱,1
Installment,0,,账号发过来,108
Installment,1,,我看看,1
讨价还价,2,100,我会还的，等我有钱了,1
Installment,1,,帅哥，可以拖延一下吗,100
Installment,1,,不好办,1
请求重复,2,103,大声一点,2
讨价还价,2,100,不行，没办法呀,2
讨价还价,2,100,钱到就还,1
Installment,0,,我愿意,0
Installment,0,,不认识,1
讨价还价,2,100,家人生病了,2
Installment,0,,现在转账,0
Installment,0,,钱已经要来了,0
Installment,0,,可以弄了,0
Installment,1,,晚上找老板要钱,1
Installment,0,,明天可以还是啊吧,0
Installment,0,,月底发工资,1
讨价还价,2,100,能不能再减掉点啊,2
Installment,0,,我听不清,103
Installment,1,,我考虑下,1
Installment,0,,后天联系我,106
故意岔开话题,2,109,要不我们聊聊别的,2
Installment,1,,回家凑点给你,1
Installment,1,,还多少,102
Installment,0,,我钱要到了全额还,0
Installment,1,,在借钱,1
Installment,1,,要见面,1
Installment,1,,你得等我先借点啊,1
Installment,0,,感谢啊,0
Installment,0,,6天,0
讨价还价,2,100,我再考虑下吧,1
Installment,0,,后面的，发工资再还,1
讨价还价,2,100,我尽量处理,2
Installment,0,,好好好,0
Installment,1,,知道了,106
Installment,0,,能不能分期,109
模糊确认,2,106,好叻,0
Installment,1,,便宜,106
故意岔开话题,2,109,几多浓烈的相思,2
故意岔开话题,2,109,即便这功劳尽舍弃,2
故意岔开话题,2,109,有一些思念,2
Installment,0,,借一下吧,106
Installment,1,,你觉得我能还得起么,1
Installment,1,,知道,106
Installment,0,,3天,0
Installment,0,,行，我知道了，你等我联系你,0
Installment,1,,到时一起还,1
讨价还价,2,100,别人借我钱,1
确认数额,2,102,我根本就没有借那么多,2
Installment,0,,想办法,106
Installment,0,,能不能分期啊,1
Installment,1,,我没吃,109
请求等下打来,2,104,下午给我联系吧,2
讨价还价,2,100,给我时间,1
Installment,1,,等等,1
讨价还价,2,100,我尽量在这之前还上,2
Installment,1,,命吧,109
Installment,0,,等会联系,1
讨价还价,2,100,今天我不一定能还啊,1
Installment,1,,利息太高,1
Installment,1,,我现在没那么多,1
Installment,0,,到时候你直接在卡上扣款就行了,108
Installment,0,,没空,1
Installment,0,,等我这批货卖出去的,1
Installment,0,,我现在回家拿钱,106
Installment,0,,不认识,1
请求等下打来,2,104,马上回来,1
故意岔开话题,2,109,尚能饭否,2
Installment,1,,明天的,0
讨价还价,2,100,我会还的,2
讨价还价,2,100,我不是不想还，只是需要点时间,1
Installment,1,,我肯定还，但今天还不了,1
Installment,0,,下个星期,0
讨价还价,2,100,我去跟父母要一点,1
Installment,1,,可以是可以，但我需要时间,1
Installment,1,,行没问题,0
讨价还价,2,100,给我再想想吧,1
Installment,1,,工程款还没到,1
Installment,1,,等一下,1
请求等下打来,2,104,我在上班的路上,1
讨价还价,2,100,我会还的，你放心,2
Installment,0,,漂亮,106
讨价还价,2,100,朋友钱到了就还,1
讨价还价,2,100,我尽量试试吧,1
讨价还价,2,100,我没有带银行卡,1
讨价还价,2,100,银行已经关门，我过段时间在处理，,1
Installment,0,,好嘛，等哈哈就弄。,0
讨价还价,2,100,工资还没有发,1
Installment,0,,我考虑考虑,1
Installment,1,,好的,0
请求等下打来,2,104,马上就好,0
Installment,1,,有钱在还,1
Installment,0,,我等会看有多少,1
Installment,1,,等我发工资的吧,1
Installment,0,,要等两天,1
还款方式,2,108,这个真的有点儿坑,2
请求等下打来,2,104,等下好吧,1
模糊确认,2,106,知道再处理,2
模糊确认,2,106,嗯,2
Installment,1,,我过几天肯定还这么多,1
Installment,1,,好的,0
Installment,1,,我会还的，你放心,1
Installment,1,,能到年底么,100
Installment,1,,要等到发工资了才能还！,1
Installment,1,,我去借看看,1
Installment,1,,你做梦呢？2天,1
请求等下打来,2,104,没有时间,1
Installment,0,,不认识,1
Installment,0,,不用，你在**天和我联系就可以了,1
Installment,1,,什么,103
讨价还价,2,100,我会处理的,1
Installment,0,,有时间,1
讨价还价,2,100,钱不够,1
请求等下打来,2,104,我明天找你,1
Installment,0,,听不懂,103
Installment,1,,工程款压太久了，我也急,1
Installment,1,,在开会待会再联系,1
Installment,0,,待会回你电话,104
讨价还价,2,100,再给个机会，下个月嘛,2
Installment,0,,等会,1
故意岔开话题,2,109,你就pause,2
Installment,1,,晚上回家找父母要钱,1
讨价还价,2,100,我考虑考虑,1
Installment,1,,2小时之内不行,1
Installment,1,,等我下班的,1
确认数额,2,102,我想知道，分期的话，最长能分几期？,1
Installment,1,,等等去医院,1
讨价还价,2,100,去贷点款处理,1
讨价还价,2,100,我尽力吧,1
Installment,0,,去借钱,1
讨价还价,2,100,还早吧,1
Installment,0,,好的明白了,0
Installment,1,,我去借钱,1
讨价还价,2,100,可能不行,1
Installment,1,,能不能分期,1
讨价还价,2,100,我觉得太高了,1
Installment,0,,我放银行卡里你们扣,0
Installment,0,,明天你查账就行了,0
Installment,1,,下个月吧,1
Installment,1,,如果钱到我会还,1
Installment,1,,看看吧,1
Installment,1,,喂喂喂喂喂喂,103
Installment,1,,再说吧,1
讨价还价,2,100,朋友也没给答复,1
Installment,1,,尽快,1
讨价还价,2,100,再看看,1
Installment,1,,可不可以少点啊。,100
讨价还价,2,100,高利贷吗,1
讨价还价,2,100,工程款还没下来,1
Installment,0,,我知道了,106
Installment,0,,在拍队,109
讨价还价,2,100,到时候再说,1
Installment,0,,你等我问问,1
Installment,0,,不认识,1
Installment,0,,什么,103
Installment,0,,三天,0
Installment,1,,现在没这么多,1
模糊确认,2,106,可以，我会行办法的,0
讨价还价,2,100,钱还没借到，我在找别人借！,1
讨价还价,2,100,尽量吧,1
Installment,1,,再多少些啥。,100
Installment,1,,有钱就还了,1
还款方式,2,108,可以给现金吗,2
模糊确认,2,106,我想想办法,1
Installment,0,,好的，我知道了,0
Installment,0,,明天,0
Installment,0,,下个月一起,0
请求等下打来,2,104,我在处理一些事情稍等,2
Installment,1,,不认识,1
讨价还价,2,100,这个时间紧啊,1
讨价还价,2,100,能再宽松几天不,2
还款方式,2,108,我都不用智能手机，钱咋个个还法,2
Installment,1,,有什么事,109
Installment,1,,银行不让还,1
讨价还价,2,100,我有钱就还.,1
Installment,0,,太多了,1
Installment,0,,明天呢,0
讨价还价,2,100,我会还的，现在不行,1
模糊确认,2,106,行没问题,0
讨价还价,2,100,正在凑钱,1
模糊确认,2,106,知道了,2
讨价还价,2,100,我没有工作,1
模糊确认,2,106,嗯嗯，好的,0
Installment,0,,金额太高，我想想办法,1
请求等下打来,2,104,我再山上,2
Installment,0,,三天后,0
讨价还价,2,100,父母能不能帮忙,2
Installment,1,,不接受,1
Installment,0,,等我有钱在处理,1
Installment,0,,等下个月在还,1
Installment,0,,我能承受了,0
Installment,0,,等我发工资,1
Installment,0,,没,1
讨价还价,2,100,借借看吧+,1
请求等下打来,2,104,在少点,2
Installment,0,,都行,106
Installment,1,,我连饭都吃不起了,1
Installment,1,,现在有事,1
Installment,1,,可以,0
讨价还价,2,100,我去凑,1
模糊确认,2,106,再说吧,1
Installment,0,,明天下午5点前,0
Installment,0,,莫问题，等下打。,0
Installment,0,,我去核实,1
Installment,1,,脑残,109
Installment,1,,难,1
讨价还价,2,100,等有钱的,1
请求重复,2,103,好久还清？,2
Installment,1,,只还本金可以,1
Installment,0,,我乐意,0
Installment,0,,明天要得不？,100
Installment,1,,我回家商量,1
讨价还价,2,100,钱到位了我就还了,1
Installment,0,,哈哈,109
Installment,0,,提前联系我,1
Installment,1,,无语,1
还款方式,2,108,微信可以还款？,2
Installment,1,,再说,1
讨价还价,2,100,老板钱没拿到，不确定什么发工资,1
Installment,1,,现在差钱,1
还款方式,2,108,我现在有钱，但是不知道如何还,2
讨价还价,2,100,可能还不上,1
Installment,1,,钱都做生意用了,1
讨价还价,2,100,看看吧,1
Installment,1,,我卡都被冻结了,1
Installment,1,,你这简直是在为难我,1
Installment,1,,哪来的钱还啊,1
请求等下打来,2,104,你等等。,1
Installment,1,,到时候你联系我,1
Installment,0,,现在没工作,1
故意岔开话题,2,109, 小溪向东去,2
讨价还价,2,100,我在凑钱,1
Installment,1,,利息好高,102
Installment,1,,妈的，q,109
Installment,1,,不认识不认识,1
还款方式,2,108,我还到哪里,2
故意岔开话题,2,109,哥在不,2
故意岔开话题,2,109,我先唱一首歌吧,2
Installment,1,,不能保证,1
Installment,1,,钱到了立马还,1
Installment,1,,等会联系你,1
Installment,1,,老婆不给,1
Installment,1,,朋友出了事情,1
讨价还价,2,100,钱没到账,1
Installment,0,,可以，我凑,0
Installment,0,,可以在**时间内,0
Installment,1,,只能分期,1
Installment,1,,我卖血,1
模糊确认,2,106,嗯，好的,0
讨价还价,2,100,过段时间,1
模糊确认,2,106,不急,1
Installment,1,,还有其他平台要还,1
讨价还价,2,100,又不是不还,1
Installment,0,,还可以，减免能帮我再多申请点嘛,100
Installment,0,,现在没这么多,1
Installment,1,,我可不可以分期还啊,1
Installment,0,,我会处理的,1
Installment,0,,明天想办法还点,106
Installment,1,,知道,106
模糊确认,2,106,知道了·,2
Installment,0,,9天,0
Installment,1,,再多延几期啥？,100
讨价还价,2,100,我今天没借到钱,1
还款方式,2,108,我客户端登陆不了,2
Installment,1,,工程款没下来,1
讨价还价,2,100,12点之前处理进去就行,1
Installment,0,,明天再还,0
Installment,1,,不认识,1
请求等下打来,2,104,在干活,1
确认数额,2,102,要得,0
Installment,1,,晚上找朋友借钱,1
Installment,1,,提前一天联系我，我做准备,1
Installment,1,,我找人借借,1
Installment,1,,通融下,1
故意岔开话题,2,109,提现,2
还款方式,2,108,可以去银行当面交易吗,2
模糊确认,2,106,好就这样,0
Installment,1,,不打清楚,1
Installment,0,,你把信息发我手机上,1
讨价还价,2,100,发工资就还,1
还款方式,2,108,能再缓几天可以不,2
故意岔开话题,2,109,一壶好酒,2
模糊确认,2,106,我能有什么意见,1
请求等下打来,2,104,我的任务都没有完成的呢,1
还款方式,2,108,还是还到上次那个账号吗？,2
Installment,1,,不认识,1
Installment,1,,我在看看,1
模糊确认,2,106,收到,2
模糊确认,2,106,好,0
讨价还价,2,100,不知道过两天发不发工资,1
Installment,1,,明天看看有没有钱,1
Installment,1,,工程款马上下来了,1
Installment,0,,现在没钱,1
Installment,1,,再说,1
Installment,0,,再去借,1
请求等下打来,2,104,好冷咯,2
Installment,0,,我去办理，,0
Installment,0,,正在转,0
Installment,1,,等我忙完,1
Installment,0,,我在等工程款,1
Installment,0,,你记一下这个电话，如果联系不到我，找他也可以,1
讨价还价,2,100,今天我再找人想想办法,1
讨价还价,2,100,不能保证，尽量吧,1
Installment,1,,昨天发工资还了其他家的了,1
Installment,1,,发奖金我就还,1
讨价还价,2,100,我考虑考虑,1
Installment,1,,看看到时候能有多少钱我先还上,1
还款方式,2,108,可以汇款不,2
Installment,0,,那我尽量吧,106
Installment,0,,到时候我联系你扣款,0
Installment,1,,明天再谈,1
讨价还价,2,100,还欠我钱,1
Installment,1,,我在开会,1
Installment,1,,要20天,1
Installment,0,,1000我有的,106
Installment,1,,99天就还,0
Installment,1,,听不清,1
Installment,0,,会还,106
请求等下打来,2,104,地震得好厉害，好厉害，好晃动！,2
Installment,0,,明天,0
模糊确认,2,106,嗯，我知道了,2
Installment,0,,好的，我知道了！,0
故意岔开话题,2,109,今生无缘，来世再见,2
Installment,0,,等我电话，我自己处理,1
Installment,1,,我可以还本金，其他的想都不要想,1
Installment,1,,我现在缺钱,1
Installment,1,,找朋友借不确定什么时候到,1
Installment,1,,在打官司,1
Installment,1,,你说的有点多啊,1
Installment,1,,直接挂断,1
Installment,0,,我在开会,1
Installment,0,,不可以，我到**时间才能有钱,1
讨价还价,2,100,我也想还，但我现在真的很困难,1
Installment,0,,行你放心,0
还款方式,2,108,我可以微信不,2
Installment,1,,我在山里头来不及,1
Installment,0,,等下说,1
Installment,0,,行，你放一万个心,0
讨价还价,2,100,我凑看看,1
讨价还价,2,100,看看再说,1
Installment,1,,老婆还要生活费,1
Installment,0,,可以奥,0
Installment,0,,没那么多,1
Installment,1,,我下个月还,0
Installment,0,,有钱就还,1
Installment,1,,在等两天,1
讨价还价,2,100,我周转看看,1
Installment,0,,我考虑下,1
Installment,1,,你帮我减免一点,100
Installment,0,,听不懂,109
Installment,1,,行,0
Installment,1,,我考虑一下,1
Installment,1,,问题大大呀，再久点嘛？,1
Installment,1,,可以,0
Installment,1,,给你们说了多少次，我是不得还钱的,1
Installment,1,,我在上班，请不了假,1
Installment,0,,到那天再联系,1
Installment,1,,我尽力吧,106
Installment,1,,我刚在看守所出来,1
Installment,1,,换一部分,1
Installment,0,,明天哦,0
确认数额,2,102,多半不够,1
Installment,1,,不同意就先还别的,1
故意岔开话题,2,109,汽车还多啊,2
讨价还价,2,100,看朋友钱给不给,1
Installment,1,,我在山里没信号,1
讨价还价,2,100,过一段时间,1
Installment,1,,我要先去找朋友借点,1
Installment,0,,我在开会,104
还款方式,2,108,能用外币还嘛,1
Installment,0,,下个月,0
Installment,1,,不认识,1
模糊确认,2,106,可以，就这样吧,0
Installment,1,,在路上,1
讨价还价,2,100,别人钱我钱，正在要钱,1
Installment,1,,回不去,1
Installment,1,,不认识,1
故意岔开话题,2,109,下班后去健身吧,2
故意岔开话题,2,109,钱钱都舍不得,2
故意岔开话题,2,109,多摆一盘？,2
Installment,1,,金额太高，我想想办,1
讨价还价,2,100,不行，没办法按照你说的做哦,1
讨价还价,2,100,我争取还,1
模糊确认,2,106,好，知道了,2
讨价还价,2,100,我现在借钱,1
Installment,1,,那你打算怎么处理？,1
讨价还价,2,100,车子卖了还,1
模糊确认,2,106,考虑考虑,1
Installment,1,,尽量,1
模糊确认,2,106,行，好的，你放心,0
Installment,1,,不认识,1
Installment,1,,没到账,1
Installment,0,,明天的,1
Installment,0,,上打给我,1
Installment,1,,好，那我就分期处理,1
Installment,1,,没上班怎么还,1
Installment,1,,工程款也没拿到。,1
Installment,0,,借不了钱,1
Installment,0,,三天内哈,0
Installment,1,,知道了,106
Installment,1,,过年就有钱了,1
讨价还价,2,100,我一定给你办好,1
请求等下打来,2,104,等有空还,1
Installment,0,,是直接还到银行卡吗,108
故意岔开话题,2,109,最近球赛还有点好看，买彩票没？,2
讨价还价,2,100,这个，我一定尽量,2
Installment,1,,可以月底嘛,1
讨价还价,2,100,我能还100元，你们要不？,1
讨价还价,2,100,等发工资,1
请求等下打来,2,104,等等吧,1
Installment,1,,我凑钱,1
讨价还价,2,100,等几天吧,1
Installment,0,,这几天就行,1
Installment,1,,听不清,103
Installment,1,,需要时间,1
Installment,0,,还多少,102
Installment,0,,可以多还点吗,102
确认数额,2,102,那我还掉是不是就能结清啊,2
Installment,1,,我考虑考虑,1
确认数额,2,102,没欠这么多钱吧,2
讨价还价,2,100,我周转一下！,1
Installment,1,,不认识,1
Installment,0,,俺肿么还,108
还款方式,2,108,明天朋友就换我钱了,1
讨价还价,2,100,父亲住院没钱,1
Installment,1,,我考虑下,1
故意岔开话题,2,109,答案跟问题三一样的,2
Installment,1,,行,0
讨价还价,2,100,过几天再说吧,1
Installment,1,,别催我了，我有钱就会还的,1
讨价还价,2,100,你放心,2
Installment,0,,我去借点钱,1
故意岔开话题,2,109,今天我还不了,1
Installment,1,,我再看看,1
Installment,1,,现在不方便,1
讨价还价,2,100,等会去银行存,0
Installment,0,,哦知道了,106
Installment,1,,我没时间,1
讨价还价,2,100,利息太多,102
Installment,1,,等朋友钱到账还,1
Installment,1,,我朋友有钱，放心,1
Installment,1,,先还点,1
Installment,0,,等我五分钟,0
Installment,1,,我看看,1
讨价还价,2,100,钱太多了,1
Installment,1,,我在上班,1
讨价还价,2,100,今天工程款可能下来,1
Installment,1,,不认识,1
确认数额,2,102,这样啊，那我要考虑一下，不知道明天的股票怎么样,1
Installment,1,,老人也要用钱,1
Installment,1,,过两天行不行,100
讨价还价,2,100,违约金太多了,2
讨价还价,2,100,朋友转过来就还上,1
Installment,0,,再说,1
Installment,0,,这都是可行的,106
Installment,1,,刚上班,1
Installment,1,,你打死我吗,1
Installment,1,,我吃了,1
还款方式,2,108,app崩溃了，我试了，还不起,2
Installment,0,,哈哈哈,109
Installment,1,,吃饭都成问题,1
故意岔开话题,2,109,不用干活你也没时间回家吗,1
Installment,1,,今天可能还不上,1
Installment,0,,7天,0
Installment,1,,能不能多分几期呀,100
确认数额,2,102,不可能哦,1
Installment,1,,抱歉,1
Installment,1,,只能每月还500,1
Installment,1,,我有钱了我自己去还,1
Installment,1,,在学习,1
Installment,1,,尼玛，就你们这逼样的等下辈子吧,1
Installment,1,,好的,0
Installment,1,,帮帮忙啊我是真的困难,1
讨价还价,2,100,钱没到位,1
Installment,1,,我得去凑钱,1
Installment,1,,可以,0
故意岔开话题,2,109,难回首,2
Installment,1,,不认识,1
Installment,0,,等我半小时,0
故意岔开话题,2,109,最近生意好吗,2
Installment,1,,待会回你电话,1
讨价还价,2,100,现在没钱先处理部分,1
Installment,1,,不认识,1
Installment,1,,小妹，帮帮忙楼,1
还款方式,2,108,浪个弄？,2
Installment,1,,不认识,1
还款方式,2,108,我身上只有现金，要怎么处理,2
讨价还价,2,100,我问问家里,1
Installment,1,,还上打你电话,1
Installment,1,,不好意思，我依然没办法还了,1
Installment,0,,双手赞成,0
Installment,1,,现在就这么多,1
讨价还价,2,100,工资不确定发不发,1
讨价还价,2,100,母亲住院没钱,1
模糊确认,2,106,行吧，想办法,2
请求等下打来,2,104,等等就处理,0
讨价还价,2,100,我想想办法,2
Installment,0,,我在忙,1
Installment,1,,我想办法借钱,1
Installment,0,,没工作,1
请求等下打来,2,104,等等的,1
Installment,0,,到时候通知你,0
Installment,0,,我发工资了,1
Installment,0,,可以明天还吗,100
Installment,1,,不相信你,1
Installment,1,,不认识,1
讨价还价,2,100,我回家就处理,0
Installment,1,,还，还，还，还个锅铲，你们这个催法是让人还钱的吗？,1
Installment,1,,打错了,1
讨价还价,2,100,我还在借,1
Installment,0,,在晚几天吧,1
讨价还价,2,100,到时候看看吧,1
Installment,1,,月底想办法,1
请求等下打来,2,104,没办法，明天来,1
Installment,1,,先去凑凑,1
Installment,0,,多给点时间，我先还一部分,100
讨价还价,2,100,钱借钱,1
Installment,1,,再等等等吧,1
Installment,0,,我这边周转一下,1
确认数额,2,102,你这个金额怕是有点问题，我还得再确认下,1
模糊确认,2,106,可以,0
Installment,1,,多点折嘛。,100
讨价还价,2,100,让客服联系我,2
讨价还价,2,100,工程款下来就能还了,1
模糊确认,2,106,好的,0
Installment,1,,可以还得了啊，你在开玩笑吧,1
Installment,1,,不认识,1
讨价还价,2,100,工地几个月才发工资,1
Installment,1,,十五号,0
Installment,1,,有钱再还,1
Installment,0,,yes,0
模糊确认,2,106,我尽我最大努力吧,2
请求等下打来,2,104,我在上班,1
Installment,0,,能少还一些吗，只有这么多,100
讨价还价,2,100,我有钱就去还,1
模糊确认,2,106,好嘛，到时再说,1
Installment,0,,已经在操作了,0
Installment,0,,等一下,1
Installment,0,,可以呀，还一点是一点,106
Installment,0,,等等解决,0
Installment,1,,可以,0
Installment,0,,再筹钱了,106
模糊确认,2,106,好的，知道了,0
Installment,0,,到时候你提前给我打电话说一声,106
确认数额,2,102,你们搞这个也太黑了，利息好高,2
讨价还价,2,100,如果老板不拖欠马上还,1
Installment,1,,我在想想,1
Installment,0,,30号,0
Installment,0,,三天内呀,0
Installment,0,,到时联系,1
Installment,1,,输了300多万,1
Installment,0,,我已经让财务打给我了，还没到呢,1
Installment,1,,这个时间内，肯定有问题,1
模糊确认,2,106,好嘛,2
Installment,0,,了解,106
讨价还价,2,100,等借到钱的,1
Installment,0,,那没办法,1
讨价还价,2,100,不行，没办法安妮说的,1
Installment,1,,吃饭怎么办,1
请求等下打来,2,104,等等会处理,1
Installment,0,,就按照你说的,0
模糊确认,2,106,可以，尽量想办法,2
Installment,1,,等我休息了再说,1
Installment,0,,什么,103
Installment,1,,我现在没那么多,1
Installment,1,,尽量,1
讨价还价,2,100,帅哥，帮帮忙喽，靠你了,2
Installment,1,,能能分期,1
Installment,0,,好啊,0
Installment,0,,没钱怎么还，,1
Installment,0,,明天我打你电话,104
还款方式,2,108,可以直接转帐么,2
Installment,0,,我在等结账,1
Installment,1,,不认识,1
Installment,1,,给我两个月吧,1
Installment,0,,后天,0
模糊确认,2,106,我现在确定不了,2
讨价还价,2,100,会处理,1
Installment,0,,这两天有事，要过两天。,1
Installment,0,,哈 好啊,0
模糊确认,2,106,恩？,2
Installment,1,,很紧张,1
Installment,0,,考虑考虑吧,1
Installment,0,,嗯，我知道了。,106
Installment,1,,可以相信,106
讨价还价,2,100,今天一概能处理部分吧,1
Installment,0,,可以一起还吗,102
讨价还价,2,100,家人正在帮忙筹钱,1
讨价还价,2,100,我也不知道，钱还没到账,1
讨价还价,2,100,先还二百,1
Installment,1,,没钱去还,1
Installment,1,,我现在没能力,1
Installment,0,,等下我找我朋友帮我存下钱,0
Installment,1,,可以,0
Installment,0,,等等，我下班去存,0
Installment,0,,发誓，如果处理不了,0
模糊确认,2,106,要得，我知道,2
Installment,0,,我没空,1
讨价还价,2,100,贷款今天还没下来,1
Installment,0,,要不了那么长时间,0
Installment,0,,好好,0
讨价还价,2,100,等我有钱的,1
讨价还价,2,100,家里有事,1
Installment,1,,借了那么久，找不着钱。,1
Installment,1,,再少点吧,100
Installment,1,,转账没有到,1
Installment,0,,下个月发工资,1
Installment,0,,支持,106
Installment,1,,我去想想办法,1
确认数额,2,102,要得要得,0
Installment,0,,再等两天,1
讨价还价,2,100,要是我还不还，是不是下次就本金减一半啊,2
Installment,1,,自己在工地，工资一年结一次,1
Installment,1,,贷款2天之后肯定能下来,1
讨价还价,2,100,我先去想办法,1
Installment,0,,我马上回你,104
Installment,1,,不认识,1
确认数额,2,102,有这么多钱么？,2
Installment,1,,没空,1
Installment,0,,只有一部分,1
确认数额,2,102,我现在也不确定,1
Installment,1,,失去后才明白当初该好好珍惜她,109
Installment,1,,我现在资金不足,1
Installment,1,,奥,106
请求重复,2,103,啥？啥时间一定还？,2
Installment,1,,数额太大了，我先想想吧,1
Installment,0,,下个月全部还清,0
Installment,0,,目前只有5000,1
Installment,0,,能不能在少点,100
Installment,1,,不认识,1
Installment,1,,到期之前，一定还,0
Installment,1,,我在山里没信号,1
Installment,0,,想办法,1
Installment,0,,已经还了，提示正在交易中,0
Installment,1,,我去借看看,1
Installment,1,,恩,106
讨价还价,2,100,我看能不能借到钱,1
Installment,0,,我想想办法,1
Installment,0,,一个礼拜内,0
Installment,1,,我去借一下看看！,1
Installment,0,,考虑,1
讨价还价,2,100,也不差这几天,1
Installment,1,,今天多少处理？,103
模糊确认,2,106,应该能还,2
故意岔开话题,2,109,能用的钱有多少,2
Installment,1,,微信联系,105
Installment,0,,去凑钱,1
讨价还价,2,100,会处理的,1
Installment,0,,我说了十号你别打电话了！,1
Installment,0,,有什么事,103
Installment,1,,我爸妈过几天就回来了给钱,1
讨价还价,2,100,今天可能还不上,1
Installment,0,,等等,1
Installment,1,,钱没到账,1
Installment,0,,今天一分不处理的，是不可能的。,109
Installment,0,,每月还一千,1
Installment,1,,不认识,1
Installment,0,,我会还的,1
Installment,0,,只愿还本金,1
Installment,1,,再和领导说说？,1
Installment,1,,朋友说帮我凑点的,1
讨价还价,2,100,5好吧,0
Installment,1,,绝对没问题,1
Installment,0,,对公还款,1
Installment,0,,在路上了,0
Installment,0,,我等会联系你,104
Installment,1,,好的,0
Installment,0,,在要钱,0
Installment,1,,加QQ聊吧,105
Installment,1,,利息太高,102
Installment,1,,来不及,1
Installment,0,,不行,1
Installment,0,,不超过八点,0
Installment,1,,等下说,1
Installment,0,,说了算数,106
讨价还价,2,100,我现在没那么多,1
Installment,0,,6点之前到位,0
Installment,1,,刚下岗，不然你们给介绍个工作，从工资里扣,1
还款方式,2,108,已经还了，提示正在交易中,0
讨价还价,2,100,银行抵押贷款没有下来,1
Installment,1,,那我先处理一点,1
Installment,0,,年底之前,0
Installment,0,,小事,1
Installment,0,,10天,0
Installment,0,,有,106
讨价还价,2,100,想办法借钱,1
Installment,1,,等发工资,1
Installment,1,,好了好了,106
Installment,1,,我欠太多了,1
Installment,1,,有,106
Installment,1,,我先给点,1
Installment,1,,还是算了吧,1
Installment,1,,过段时间,1
Installment,0,,现在在转,0
Installment,1,,不然你再申请延个两年呢,100
请求重复,2,103,可以什么？,2
Installment,0,,这个钱是有的,106
Installment,0,,钱转了还没有到账,0
Installment,0,,过段时间在处理。,1
Installment,1,,我在吃饭,1
Installment,1,,哼,109
Installment,0,,能不能再少点,100
Installment,0,,分期,1
Installment,0,,会叹息有多少眷恋,109
Installment,1,,你们高利贷,102
讨价还价,2,100,工资没发,1
Installment,0,,还要再等等,1
讨价还价,2,100,我会还的，现在很忙的,2
讨价还价,2,100,我有钱了肯定会处理,1
Installment,0,,还不起,1
Installment,0,,那你今天自己打算怎么处理？,1
模糊确认,2,106,好，我知道了,2
讨价还价,2,100,帅哥，帮帮忙楼,1
Installment,1,,不认识,1
Installment,1,,我发誓19就行,0
故意岔开话题,2,109,莫名其妙的,2
Installment,0,,处理好了联系你,1
Installment,1,,应该可以,106
讨价还价,2,100,有钱了自然会还。,1
故意岔开话题,2,109,有一点惆怅,1
Installment,0,,我在吃饭,1
Installment,1,,别人家还有好多欠款呢，还不了,1
Installment,1,,我要周转看看,1
Installment,1,,过两天处理,1
Installment,0,,俺要还,106
Installment,1,,还能在少点吗,1
Installment,0,,我找朋友借，先还,106
讨价还价,2,100,我再想想办法吧,1
Installment,0,,待会发截图给你,1
讨价还价,2,100,你帮我想办法,1
讨价还价,2,100,身上没这么钱,1
讨价还价,2,100,可以考虑下，我下午去问我朋友借下看行不行,2
Installment,0,,钱没到,1
Installment,1,,不要打电话了，会还的,1
Installment,0,,你先忙,1
Installment,1,,贷款不知道什么时候下来。,1
Installment,0,,半个月,0
Installment,1,,嗯,106
Installment,1,,借到就处理,1
Installment,0,,这下就好多了啥。,106
模糊确认,2,106,能筹到钱吧,1
讨价还价,2,100,别人还没还我钱了,1
Installment,1,,还不到哈，无论怎么说,1
Installment,1,,本金,1
Installment,1,,来抓我,1
故意岔开话题,2,109,天天催啥子嘛！没得钱还！,1
模糊确认,2,106,行，到那天再说了,2
Installment,0,,你等着看好了,1
Installment,1,,我有钱就还,1
Installment,1,,我不清楚,1
Installment,1,,尽量快点,1
Installment,0,,自己在app还,0
Installment,1,,利息太多,1
模糊确认,2,106,有钱就还,1
Installment,1,,不确定,1
Installment,0,,给我半个月时间,0
Installment,1,,可以,0
Installment,1,,还是很多,1
Installment,0,,礼拜一给你处理了,0
模糊确认,2,106,我再看看,1
Installment,1,,发工资地吧,1
Installment,1,,加微信聊吧,105
Installment,1,,我的帐那个时候都还没到手，你告诉我拿什么还？,1
Installment,0,,下个礼拜可以么我处理一点进去,100
Installment,1,,不认识,1
Installment,0,,嗯嗯·,106
Installment,0,,清楚,106
Installment,1,,还了啊,1
请求等下打来,2,104,ok等下,2
Installment,0,,我朋友明天钱给我,0
讨价还价,2,100,家人不知道帮不帮我,1
Installment,0,,没那么多钱,1
Installment,1,,我考虑考虑,1
Installment,0,,你打错了,1
Installment,0,,帅哥，帮帮忙喽，明天可以,0
Installment,1,,我不方便,1
Installment,0,,那我想办法去借,1
Installment,1,,等我有钱的,1
讨价还价,2,100,有点困难,1
Installment,1,,我现在两手空空,1
模糊确认,2,106,好的，我想办法,2
Installment,0,,刚买的号码,1
还款方式,2,108,可以银联卡转账？,2
Installment,1,,你说的我怎么觉得不对啊,102
讨价还价,2,100,先换一部分,1
讨价还价,2,100,我在打官司，工程款拿来就还,1
Installment,1,,可以只还本金吗,1
Installment,0,,今天下午,0
故意岔开话题,2,109,有答案,2
Installment,1,,知道,106
讨价还价,2,100,20号,0
Installment,0,,过几天发工资的吧,1
Installment,1,,周边没银行,1
Installment,0,,一周,0
Installment,1,,无法处理,1
Installment,0,,5号发工资,0
讨价还价,2,100,我看看吧,2
Installment,1,,我看下,106
Installment,1,,今天没时间,1
Installment,1,,这个我得再考虑考虑啊,1
Installment,0,,我觉得可以,0
Installment,0,,转账可以吧,108
故意岔开话题,2,109,划落的万千情丝,2
模糊确认,2,106,ok,0
Installment,0,,那再好不过了,0
Installment,1,,还锤子,1
讨价还价,2,100,等父母给钱的,1
Installment,1,,能还哪个不想还,1
Installment,1,,过一段时间,1
Installment,0,,你跟某某某联系，我跟他说好了,1
Installment,0,,15号前,0
Installment,1,,我现在只能处理这一点,1
Installment,1,,还是有点问题。,1
故意岔开话题,2,109,一上午的时间就浪费了,1
Installment,0,,到时间候联系你,1
Installment,0,,晚上下班之前,0
Installment,1,,28号才能发工资,0
Installment,0,,过两天,1
Installment,0,,再等我一分钟,0
模糊确认,2,106,好好好,0
Installment,0,,我有钱,106
讨价还价,2,100,我现在没那么多钱,1
Installment,1,,一星期货款下来还,0
模糊确认,2,106,要得,0
Installment,1,,老板拖欠N个月工资，后天就发了，肯定还！,1
Installment,0,,再给我几天时间吧,1
Installment,1,,你借钱给我,1
Installment,1,,好的,0
请求等下打来,2,104,等一会,1
Installment,0,,分分钟。,106
模糊确认,2,106,行的，可以,0
Installment,1,,考虑下,1
Installment,1,,钱没到,1
Installment,1,,我去哪里偷啊,1
Installment,1,,这个不是我说了算的，我也想马上还进去,1
Installment,1,,知道了,106
Installment,1,,有钱我联系你,1
讨价还价,2,100,货还没卖出去,1
Installment,1,,我在忙，没时间,1
Installment,1,,那位,109
讨价还价,2,100,正在想办法,1
还款方式,2,108,红旗连锁能还吗？,2
讨价还价,2,100,可以吗,106
Installment,1,,也不差这几天,1
Installment,0,,我可以少还点,1
Installment,1,,等朋友打钱给我,1
Installment,1,,明白,106
讨价还价,2,100,我没准备好还,1
讨价还价,2,100,利息太高了,2
Installment,0,,金额高了,1
讨价还价,2,100,发工资,1
Installment,0,,行，我现在上APP等我几分钟,0
模糊确认,2,106,知道了，下午再说,2
Installment,1,,等我有钱了肯定立马还,1
确认数额,2,102,利息高啊？,2
讨价还价,2,100,我在等发工资,1
还款方式,2,108,没办法,1
Installment,1,,没得搞，下岗了,1
Installment,1,,有,106
Installment,1,,再联系,1
Installment,1,,信号不好，没听清,103
Installment,1,,考虑一下,1
讨价还价,2,100,我看看吧不能保证,2
Installment,1,,不方便出去,1
Installment,0,,晓得，晓得。,106
Installment,1,,等会再说,1
Installment,0,,不行只能月底,1
Installment,1,,在办理离婚手续,1
Installment,0,,你把账号发给我,108
讨价还价,2,100,我去借钱看看，借到就处理,1
Installment,1,,可以,0
讨价还价,2,100,我试试吧,1
Installment,1,,你们利息太高了。,1
Installment,0,,我晚上处理跟你说,1
Installment,0,,出去了,1
Installment,1,,看看能不能拿到钱吧,1
讨价还价,2,100,没那么多钱,1
Installment,1,,我从拘留所刚出来,1
Installment,1,,正在开车,104
请求等下打来,2,104,今天不行，明天吧,1
Installment,1,,明年再说,1
Installment,0,,有什么事,109
Installment,1,,再逼我，老子就还了,1
Installment,1,,高利贷吧,1
Installment,0,,不认识,1
Installment,1,,有钱了再说,1
Installment,1,,这个时间内，肯定有麻烦了,1
Installment,0,,一个月,0
Installment,1,,信号不好,103
故意岔开话题,2,109,马作的卢弓如霹雳征战沙场,2
讨价还价,2,100,我也不知道朋友钱今天能不能到,1
讨价还价,2,100,工资还没发,1
Installment,1,,老板拖欠我...月工资，还有..天发了就处理！,1
Installment,0,,我现在登录APP看一下能不能处理！,108
讨价还价,2,100,贷款今天不确定下来,1
Installment,0,,你说的部分是多少,102
确认数额,2,102,2万几,2
Installment,0,,明天还给你们嘛～,108
Installment,0,,怎么还呀,108
模糊确认,2,106,嗯，我想办法,2
Installment,1,,知道了,106
Installment,0,,我在忙,1
Installment,1,,知道了,106
Installment,0,,我朋友只借给我1000元,1
请求等下打来,2,104,找时间详谈吧,2
讨价还价,2,100,我去找朋友借看看,1
Installment,0,,不成问题。,0
讨价还价,2,100,能不能少点啊,2
模糊确认,2,106,好的，放心,0
讨价还价,2,100,再等等等吧,1
Installment,1,,能不能在少点,100
讨价还价,2,100,好几个月没发工资没钱,1
Installment,1,,没空,1
Installment,1,,一个月以后可以,0
讨价还价,2,100,不能保证，得看工程款到不到,1
Installment,0,,还不上你看着办,1
讨价还价,2,100,家里出事没钱,1
Installment,1,,帮我再减掉点,100
Installment,1,,换不起呀现在,1
讨价还价,2,100,能不能在少点,2
Installment,0,,我怎么还,108
Installment,0,,知道,106
讨价还价,2,100,工资还没发了,1
Installment,0,,钱到了你们扣,0
Installment,1,,月底发工资,1
Installment,0,,尽量,106
Installment,1,,我没借到,1
讨价还价,2,100,等他还了我就还,1
Installment,1,,马上在银行,1
Installment,1,,在找父母要,1
讨价还价,2,100,我去借钱,1
请求等下打来,2,104,没时间,1
Installment,0,,去借下,1
Installment,1,,可以,0
故意岔开话题,2,109,你的背包，背到现在还没烂,2
Installment,0,,我在上班,1
讨价还价,2,100,能不能在给点时间,2
Installment,1,,在火车上,1
模糊确认,2,106,行，你放一万个心,0
Installment,0,,行，但是减免怎么说,100
讨价还价,2,100,钱太多,1
Installment,0,,美女，帮帮忙喽，明天可以,0
Installment,1,,工资还没有发,1
Installment,0,,问朋友借把钱还了,1
讨价还价,2,100,这个减免。我也法处理，,1
Installment,1,,我先还一半，过几天还完,1
Installment,1,,我现在有点事,1
模糊确认,2,106,哦，知道了,2
Installment,1,,我在卖房子，等我房子卖了的,1
Installment,1,,可以,0
Installment,1,,我去凑,1
Installment,0,,不认识,1
Installment,1,,在高速上,104
Installment,0,,能少点嘛,1
Installment,0,,不认识,1
Installment,1,,有钱再说,1
Installment,0,,不认识,1
Installment,0,,滚,109
Installment,0,,知道,106
Installment,1,,看看吧,1
请求等下打来,2,104,等下说,1
Installment,1,,我知道了,106
模糊确认,2,106,行，行，行,0
模糊确认,2,106,好的，我知道了,2
Installment,0,,明天找朋友借下,1
Installment,0,,10分钟内发截图给你,0
Installment,0,,我等朋友打钱,1
讨价还价,2,100,能不能分期还？,2
Installment,1,,等发工资再说吧，,1
故意岔开话题,2,109,人血馒头不好吃,2
Installment,0,,OKOK,0
Installment,0,,不认识,1
Installment,1,,神经病没5天能还？,1
Installment,0,,ojbk,0
讨价还价,2,100,钱不一定能凑齐,1
Installment,0,,尽量吧,106
讨价还价,2,100,我尽快处理,1
讨价还价,2,100,还没借到钱。,1
Installment,1,,稍等后,1
Installment,1,,凑齐一起还吧,1
Installment,1,,我跟家人商量,1
Installment,0,,周一财务来处理,1
讨价还价,2,100,再想想,1
Installment,1,,再说吧,1
Installment,1,,有钱我就还,1
Installment,0,,我尽量,106
Installment,1,,你相信我,106
Installment,0,,2天,0
Installment,1,,我吃饱了,109
讨价还价,2,100,想想,1
Installment,1,,到时再说,1
请求等下打来,2,104,等等,1
讨价还价,2,100,朋友钱还没给我,1
Installment,1,,在和会计要钱,1
Installment,0,,别打我电话，我有钱联系我,1
讨价还价,2,100,会处理，但现在没钱,1
请求等下打来,2,104,在山上，等下山处理,104
Installment,1,,我只有下个月还了,1
讨价还价,2,100,有一个工程款要结有钱了立马还,1
讨价还价,2,100,工程款没下来,1
Installment,1,,你打错了,109
Installment,0,,你尽量给我往后拖延一下,100
Installment,0,,你是我的恩人啊,106
Installment,1,,要是可以再少一点就可以,100
模糊确认,2,106,我想想办法吧,1
Installment,1,,等会,1
讨价还价,2,100,等月底,1
请求等下打来,2,104,等我好好想想再,1
Installment,1,,现在忙，稍后联系吧。,1
还款方式,2,108,我没的你们的银行卡号啊，还不了啊,2
Installment,0,,后天,0
Installment,0,,你再说一遍,103
Installment,1,,app登不上,108
Installment,0,,那我凑下钱,1
Installment,1,,到时再说,1
Installment,1,,我看看吧,1
Installment,1,,你吃饭了没,1
Installment,1,,等下个月月底吧,0
请求等下打来,2,104,再医院,1
Installment,1,,怎么换,108
Installment,0,,10打工资,1
Installment,1,,我外面钱要来就还,1
Installment,0,,到时候联系你,1
请求等下打来,2,104,我等会就去,2
Installment,0,,三天内,0
模糊确认,2,106,行，我想想办法,2
Installment,1,,我试试吧,106
Installment,0,,先换一部分,1
Installment,0,,没钱处理这个事情,1
Installment,1,,可以,0
模糊确认,2,106,行，也行吧,0
Installment,1,,月底发工资,1
模糊确认,2,106,好的，我知道了,2
Installment,1,,家里人生病了,1
故意岔开话题,2,109, 约定好、约定好,2
Installment,1,,我想想,1
Installment,0,,非常感谢,106
讨价还价,2,100,钱还没到位,1
请求等下打来,2,104,微信联系,2
Installment,1,,现在在告诉,1
Installment,1,,我能不能，今天先处理一部分明天在处理点,1
讨价还价,2,100,我再去凑凑,1
Installment,0,,等回去,1
Installment,1,,等我发工资,1
讨价还价,2,100,等我稳定工作处理,1
模糊确认,2,106,行,0
讨价还价,2,100,今天不一定发工资,1
讨价还价,2,100,金额太高，我想想办法,1
Installment,0,,等我这个发工资的,1
回问身份,2,107,这个号码我才换的,1
讨价还价,2,100,去借钱,1
Installment,1,,好,0
讨价还价,2,100,要减免下,1
Installment,0,,我母亲今天钱给我,1
模糊确认,2,106,好的,0
讨价还价,2,100,工资拖欠没发，发了我立马处理！,1
讨价还价,2,100,现在没这多钱，后天吧,1
讨价还价,2,100,你等我这个月来还吧,1
Installment,1,,我看能不能借到钱,1
Installment,0,,不认识,1
讨价还价,2,100,短时间还不上,1
Installment,0,,等等，我在和朋友要钱！,1
Installment,0,,会还的，别催,1
模糊确认,2,106,好吧,2
Installment,0,,没空,1
Installment,0,,到时候联系你,1
模糊确认,2,106,再等等,1
讨价还价,2,100,孩子上学没钱,1
Installment,0,,不认识,1
讨价还价,2,100,还是太多,1
Installment,1,,我在想想办法,1
讨价还价,2,100,我再想想,1
请求等下打来,2,104,出去了,1
Installment,0,,我明天找你,1
回问身份,2,107,打错了,1
讨价还价,2,100,我一定想办法,1
Installment,0,,没发工资,1
讨价还价,2,100,本金,1
Installment,0,,好，就按你说的办,0
讨价还价,2,100,预支工资,1
讨价还价,2,100,还要再等等,1
Installment,1,,孩子住院要花钱,1
讨价还价,2,100,会还的,2
Installment,0,,跟家人商量一下,1
模糊确认,2,106,好了，我知道了,2
Installment,0,,不认识,1
Installment,1,,我想想,1
Installment,0,,月中,0
Installment,1,,我想想,1
Installment,1,,可以,0
Installment,0,,等借朋友的钱到账了,1
Installment,1,,怎么分期了每期还是这么多啊,102
讨价还价,2,100,我觉得今天不一定有钱啊,1
讨价还价,2,100,家里有事，暂时没钱。,1
Installment,1,,不去处理,1
讨价还价,2,100,15号,0
Installment,0,,听不见,1
讨价还价,2,100,能减免多少在看看,1
故意岔开话题,2,109,好漂亮,2
Installment,0,,忘记还款,1
Installment,1,,行的，可以,0
Installment,1,,我到时候还全款,1
Installment,1,,发工资,1
Installment,0,,我让别人给你打过去,1
Installment,0,,时间,109
Installment,1,,还多少啊,102
Installment,0,,困难啊换不起,1
Installment,1,,我同意,0
Installment,0,,你等下,1
讨价还价,2,100,工资还没发！,1
故意岔开话题,2,109,你打错了,2
Installment,1,,先还一点,1
Installment,0,,信号不好，没听清,103
确认数额,2,102,分期是免息的么？,2
Installment,0,,我要分期,106
Installment,1,,说了没钱，你们想咋弄咋弄！,1
Installment,1,,等会,1
讨价还价,2,100,可以，但是要等到下个月,1
Installment,1,,不可能哦。,1
Installment,0,,等一下,1
模糊确认,2,106,知道了,2
讨价还价,2,100,我尽力去凑吧。,1
Installment,1,,现在在外地,1
Installment,0,,嗯嗯,0
讨价还价,2,100,过段时间再说,1
模糊确认,2,106,好的，我再想想,2
讨价还价,2,100,我想还没有钱,1
讨价还价,2,100,给我考虑下,1
Installment,1,,等我发工资,1
Installment,0,,实在还不了,1
Installment,1,,我在山区短时间出不去,1
讨价还价,2,100,那我先凑,1
Installment,0,,不认识,1
讨价还价,2,100,3点之前,0
Installment,1,,在等发工资,1
Installment,0,,尽我最大努力,1
讨价还价,2,100,贷款没下来,1
Installment,0,,不认识,1
Installment,0,,不要再打电话给我单位,1
Installment,0,,找老板先支一点还,106
讨价还价,2,100,借钱再去还,1
Installment,1,,我生病了,1
Installment,0,,小事情,106
Installment,0,,可以等5天吗,100
讨价还价,2,100,看老板拖不拖工资,1
Installment,1,,可以明天处理吗,0
讨价还价,2,100,你这能减免，我就还,2
Installment,1,,机主不在,1
Installment,1,,可以下个星期么,1
讨价还价,2,100,利息太高,2
讨价还价,2,100,还没到账,2
Installment,0,,月末,0
讨价还价,2,100,等发了工资的,1
讨价还价,2,100,等发工资的我自己处理,1
Installment,0,,行呢，我朋友说今晚借给我滴,0
讨价还价,2,100,能不能先还一半，后面的分期,2
讨价还价,2,100,离银行有点远,1
Installment,0,,等会,1
Installment,1,,我贷款,1
Installment,0,,我转账,0
请求等下打来,2,104,明天联系我吧,1
Installment,1,,过两月我有个工程款下来就还,1
Installment,0,,不认识,1
Installment,0,,不认识,1
Installment,1,,催催催，欠你了好多啊,1
Installment,0,,微信联系,105
Installment,1,,我试试,1
Installment,0,,不认识,1
Installment,0,,8天,1
Installment,0,,我有钱会不还吗,1
Installment,1,,等会就好,0
Installment,0,,只能还一点,1
Installment,0,,4天,1
讨价还价,2,100,可以少还一点,1
Installment,0,,没钱,1
讨价还价,2,100,后年再说,1
Installment,1,,我知道了，,106
Installment,0,,不认识,1
请求重复,2,103,我没有听清池,2
Installment,0,,不认识,1
Installment,1,,放心,106
Installment,1,,大哥，再打个折啥。,100
Installment,1,,好的,0
Installment,0,,要的嘛,0
Installment,1,,再过几个月,1
讨价还价,2,100,等我朋友借钱给我,1
请求等下打来,2,104,我在学习,1
Installment,0,,想再减免,100
Installment,0,,要再减免,100
Installment,1,,我借钱还你哈,1
Installment,0,,明天可以吗,0
Installment,1,,你等一下打过来,104
Installment,1,,再看看,1
Installment,1,,说了是公司问题，你帮我去催公司把工资发了，我立马还。,1
Installment,1,,等有钱,1
Installment,1,,开车,1
Installment,0,,我想办法,106
Installment,1,,sorry,1
Installment,0,,我现在没那么多,1
讨价还价,2,100,给点时间,1
Installment,1,,还差几百块钱,1
Installment,0,,我去想想,1
故意岔开话题,2,109,坐牢才出来,1
Installment,0,,和家人商量一下,1
模糊确认,2,106,明天再说吧,2
Installment,0,,要的,0
Installment,1,,正在筹钱,1
Installment,1,,我去借借看能不能借到,1
Installment,0,,还能在少点吗,100
Installment,0,,不认识,1
讨价还价,2,100,我去借一下,1
Installment,1,,等我凑上了我联系你,1
Installment,1,,在想想,1
Installment,1,,过段时间,1
讨价还价,2,100,办理不了转账,1
Installment,1,,在路上,0
讨价还价,2,100,能不能少点,1
Installment,1,,哦,106
Installment,1,,知道,106
Installment,0,,支付宝或者微信转账过来吧,108
Installment,1,,可以下个月还吗,0
讨价还价,2,100,我尽量,2
模糊确认,2,106,到时我去处理,1
Installment,1,,以后还的更多,1
Installment,1,,要减免下,100
Installment,0,,明白,0
讨价还价,2,100,身份证挂失还没拿来,1
讨价还价,2,100,只愿还本金,1
Installment,1,,老人住院了,1
模糊确认,2,106,嗯,2
Installment,1,,可以,0
Installment,1,,你不是认真的吧,1
回问身份,2,107,那位,2
Installment,1,,能不能分期还,100
模糊确认,2,106,好的，好的，好的,0
讨价还价,2,100,金额太高，我想想办,1
讨价还价,2,100,等我发工资,1
讨价还价,2,100,没有那么多,1
模糊确认,2,106,我看看有没有其他办法,1
讨价还价,2,100,能不能分期还,2
Installment,0,,不认识,1
Installment,0,,我尽量去,106
Installment,0,,一会,1
Installment,1,,在过一段时间,1
Installment,0,,想想办法,1
Installment,0,,可以，你到时候直接查账单,0
模糊确认,2,106,知道,2
讨价还价,2,100,人家不一定借给我,1
Installment,0,,可以在规定时间内呀,0
Installment,1,,家里说是高利息不让还,1
讨价还价,2,100,我没那么多钱,1
讨价还价,2,100,我还差点，,1
讨价还价,2,100,问问老婆同不同意,1
Installment,1,,朋友都接了,1
讨价还价,2,100,我想办法看看,1
Installment,0,,你放心啥。,106
Installment,1,,你别催了我知道了,1
Installment,1,,到时候一起还上,0
Installment,1,,在干活在干活,1
Installment,1,,上次那个人也跟我这样说,102
Installment,1,,钱打到卡，我联系你,106
讨价还价,2,100,朋友还没有答复,1
Installment,0,,把对公账户给我,108
请求重复,2,103,为什么不说话,2
Installment,1,,我工程款下来就还！,1
Installment,1,,在山上,1
讨价还价,2,100,那之前我还的利息可以抵扣本金么,2
Installment,1,,随便你怎么弄,1
Installment,1,,上方有答案,109
Installment,1,,数额太大，考虑考虑,1
讨价还价,2,100,到时再说,1
Installment,0,,星期一,0
Installment,0,,等会,0
讨价还价,2,100,需要时间,1
Installment,0,,正好我股票涨了，你这电话打的真是时候,106
Installment,0,,是可以,0
讨价还价,2,100,我尽量在..时间处理部分！,1
Installment,0,,我去想办法,1
Installment,1,,还100可以吗,1
Installment,0,,后天嘛？,1
Installment,1,,家里有事,1
模糊确认,2,106,我也不知道,1
Installment,1,,今天不行，那啥来了,1
Installment,1,,分期还可以吗,100
Installment,1,,等我找到工作了，就立马还，行不行,1
故意岔开话题,2,109,家里人可以还吧,2
Installment,0,,朋友钱到就还,1
Installment,0,,你急什么,1
Installment,1,,老板跑了,1
讨价还价,2,100,钱到账还,1
Installment,0,,最近有钱,106
Installment,0,,我爸只给了500元,1
讨价还价,2,100,不知道能不能借到钱,1
讨价还价,2,100,想办法还,2
Installment,1,,有,0
Installment,0,,可以相信,0
讨价还价,2,100,可以分期不,2
Installment,1,,等等打我电话,104
Installment,1,,能不能再少点  我去借点处理,100
Installment,1,,我正在想办法,1
讨价还价,2,100,尽量,2
确认数额,2,102,绝对不可能,1
Installment,1,,去借钱,1
Installment,0,,后天,0
Installment,1,,试试吧,106
请求等下打来,2,104,等一下,1
故意岔开话题,2,109,树好高,2
Installment,1,,我在吃低保,1
确认数额,2,102,分期的话，一期要还多少？,2
Installment,0,,明天,0
Installment,1,,财务说马上发工资,1
Installment,1,,想办法吧,1
讨价还价,2,100,我现在没那么多钱。,1
讨价还价,2,100,我相信,2
Installment,0,,教我怎么还,108
Installment,0,,这是我的电话,105
讨价还价,2,100,我去想办法,1
Installment,1,,你不是已经说过了吗肯定会还的,0
Installment,1,,怎么还,108
Installment,0,,我争取还吧,106
Installment,1,,别人欠我钱在要,1
讨价还价,2,100,等以后有钱的,1
还款方式,2,108,还是还之前的银行账户嘛,2
Installment,1,,再来一个月,1
Installment,1,,真的是没钱了,1
模糊确认,2,106,好好好,0
Installment,0,,要不然你借我点还,1
请求等下打来,2,104,我没空,1
Installment,1,,家里有事,1
Installment,1,,好,0
Installment,0,,我找人借借,1
讨价还价,2,100,朋友没给我,1
Installment,1,,我跟我家人沟通一下,1
Installment,0,,等等,1
Installment,1,,等我发了工资就还上！,1
故意岔开话题,2,109,其他人的,1
讨价还价,2,100,还是多,2
Installment,1,,利息太高了,102
请求等下打来,2,104,等我半小时,2
Installment,1,,微信说,105
故意岔开话题,2,109,明白,2
Installment,0,,钱到位了联系你,1
Installment,1,,可以,0
Installment,1,,今天没有时间,1
Installment,1,,我在要债,1
Installment,1,,我自己先处理一点,1
Installment,0,,等下马上去借,1
请求等下打来,2,104,现在有事，没办法处理,1
Installment,0,,没听清,103
Installment,0,,十五号联系我,0
讨价还价,2,100,我去想想办法,1
Installment,1,,果断时间可以,0
Installment,1,,现在还在住院,1
还款方式,2,108,卡里有钱但是你们没扣我也没有办法还,2
讨价还价,2,100,钱没有到位,1
Installment,1,,我回家商量一下,1
Installment,0,,我吃饭都吃不起了,1
Installment,1,,我一定处理,0
Installment,0,,好的，我先去看看还一点,0
Installment,1,,明天再说,1
请求等下打来,2,104,在干活在干活,1
讨价还价,2,100,过几天就还了,1
Installment,0,,这个时间很合适,0
讨价还价,2,100,银行卡被冻结了过几天解封就还,1
Installment,1,,听不懂,102
讨价还价,2,100,等我发工资的,1
讨价还价,2,100,家里还是困难,1
Installment,1,,我问下老公,1
Installment,1,,过几天再说,1
Installment,0,,加我微信,105
请求等下打来,2,104,等会,1
Installment,0,,再少点吧！,100
模糊确认,2,106,我知道了,2
模糊确认,2,106,行,0
Installment,0,,生意失败了,1
Installment,0,,我可以答应你们的,0
Installment,0,,太好了，这下好多了。,0
模糊确认,2,106,嗯明白,2
Installment,1,,给我时间，我去想办法,1
讨价还价,2,100,我想还只是现在没钱,1
Installment,0,,最迟明天,0
模糊确认,2,106,好的，我尽量,2
Installment,1,,等等的,1
讨价还价,2,100,我尽量吧,2
Installment,1,,少点,100
Installment,0,,会得，会得。,0
Installment,0,,不认识,1
Installment,0,,我不方便,1
Installment,1,,我不同意,1
模糊确认,2,106,我想一下,1
讨价还价,2,100,还能不能再少一点了,2
Installment,1,,知道了,106
Installment,0,,我在上班,1
讨价还价,2,100,我欠的太多了,1
Installment,0,,收到,106
Installment,1,,现在上班,1
Installment,1,,我尽量去借,1
Installment,1,,放心会还,106
讨价还价,2,100,之前没钱,1
Installment,0,,相信我,106
讨价还价,2,100,到时候我自己还进去,1
讨价还价,2,100,工程款下来就还了,1
讨价还价,2,100,我在想想办法,1
Installment,0,,我在开会,104
Installment,0,,全额结清,0
Installment,0,,下周吧,0
确认数额,2,102,要的,0
请求等下打来,2,104,我没时间,1
Installment,0,,我现在没这么钱啊,1
Installment,1,,没人借我,1
Installment,1,,哥，也不差这两天啥。,1
Installment,0,,这样吧，多给我四天，我肯定能还,100
Installment,1,,我在上班,1
Installment,0,,恩恩,0
确认数额,2,102,全欠很多钱,1
Installment,0,,能不能分期还,100
讨价还价,2,100,能不能多给点时间,2
Installment,0,,只有这么多，,1
Installment,0,,估计要三五个月的,1
请求等下打来,2,104,我有事,1
Installment,1,,不知道,1
讨价还价,2,100,我会还,2
Installment,0,,可以，麻烦了,0
Installment,1,,家人出事现在没法还,1
讨价还价,2,100,我可以延期吗,2
Installment,1,,不好,1
讨价还价,2,100,过几天,1
Installment,1,,美妞，帮帮忙喽，明天可以,0
Installment,1,,你等我跟家里商量一下吧,1
确认数额,2,102,利息有点高哦,2
Installment,1,,我想换现在换不起,1
Installment,1,,知道了,106
Installment,1,,我给老板打个电话,1
模糊确认,2,106,嗯,2
Installment,1,,听不清,103
讨价还价,2,100,我现在资金有点周转不开啊,1
Installment,1,,我切肾,109
Installment,0,,再提现,0
讨价还价,2,100,我现在没工作,1
故意岔开话题,2,109,趁着夜还未央,1
Installment,0,,在领工资,106
Installment,0,,想办法吧,1
Installment,1,,再说吧,1
Installment,0,,我先换点,1
Installment,1,,我在开会，稍后联系,1
确认数额,2,102,高利贷吧,2
讨价还价,2,100,不能保证处理掉,1
Installment,0,,明天我再还吧,1
Installment,1,,看情况吧,1
Installment,0,,不可以,1
模糊确认,2,106,好，我想想办法，正好最近性情好，办法总是容易想出来,1
Installment,0,,我想想办法,1
确认数额,2,102,利息能不能也分期,2
Installment,1,,过两天的,1
Installment,1,,那天不一定发工资,1
Installment,0,,我不会让你工作不好做,106
Installment,1,,贷款没下来,1
Installment,1,,先还一点吧,1
故意岔开话题,2,109,小生的花伞还落在你家,2
讨价还价,2,100,家里人都联系不到,1
请求等下打来,2,104,我没时间,1
Installment,1,,我身份证银行卡都丢了,1
Installment,0,,过几天就还,106
讨价还价,2,100,我欠钱太多了,1
Installment,0,,？,103
Installment,1,,别给我打电话了,1
Installment,0,,不认识不认识,1
故意岔开话题,2,109,没到位,1
还款方式,2,108,apple pay 可以么,2
Installment,1,,我身上只有那么点,1
Installment,1,,只能先还一部分,1
讨价还价,2,100,我提现到账就处理,2
Installment,0,,这一点我还是有的,0
Installment,0,,我听不清,103
请求等下打来,2,104,线路问题,2
Installment,1,,你等我考虑一下吧,1
Installment,1,,下月可以吗,0
模糊确认,2,106,还有时间,2
Installment,0,,十五号发工资还,0
Installment,0,,我筹到钱马上联系你,1
讨价还价,2,100,发工资再说吧,1
Installment,1,,我先还一点进去,1
Installment,0,,没钱没办法处理。,1
Installment,0,,发了工资还,1
Installment,0,,爽,0
Installment,1,,再宽松下哈,100
Installment,1,,过两天,1
Installment,0,,我有钱了,106
讨价还价,2,100,我去借看看,1
Installment,0,,我问问,1
Installment,1,,你还了你又来找我怎么办,102
Installment,1,,我这两天就还进去,1
Installment,1,,我可能忙，不一定啊,1
Installment,0,,只能先还二百,1
Installment,0,,有钱再还。,1
Installment,0,,等会就好,0
讨价还价,2,100,朋友还没回复我，现在不知道！,1
Installment,0,,你猜我是不是,109
Installment,1,,看看再说,1
请求等下打来,2,104,下午联系我,2
Installment,1,,等我想想，之后给你回复,1
Installment,0,,时间紧，不还,1
Installment,1,,我不会骗你的,106
Installment,1,,还没到账,1
故意岔开话题,2,109,干你们这行工资高不,2
Installment,0,,等几天可以拿,1
Installment,0,,多少多少自己扣,0
故意岔开话题,2,109,吓死恩,2
讨价还价,2,100,工作不稳定,1
Installment,0,,你立马处理掉,106
Installment,1,,可少点？,100
Installment,1,,还没到账,1
Installment,0,,你等等,1
Installment,1,,我想一下,1
Installment,0,,周末,0
Installment,0,,后天,0
Installment,1,,信号不好,103
Installment,1,,我周转一下,1
讨价还价,2,100,刚上班，还没发工资。,1
Installment,1,,还要去医院,1
讨价还价,2,100,会还,2
讨价还价,2,100,我想办法发筹钱,1
Installment,0,,我借点先还点,1
讨价还价,2,100,利息太高了，能不能只还本金,2
Installment,0,,答应你的我一定会做到,0
讨价还价,2,100,父母正在周转。,1
模糊确认,2,106,好的呢,0
讨价还价,2,100,听说本金也可以减免啊,2
讨价还价,2,100,我去财务支,1
讨价还价,2,100,我现在没能力,1
Installment,0,,可以，到时候你联系我,0
讨价还价,2,100,贷款下来还,1
讨价还价,2,100,这个金额可不可以再少点,2
Installment,1,,我也不知道,1
Installment,1,,今天？,103
Installment,1,,现在只有xx元,1
Installment,0,,"哦，好吧,听你的",0
讨价还价,2,100,看看吧,1
Installment,0,,我在忙,1
Installment,1,,只愿还本金,1
讨价还价,2,100,小孩这两天开学学费,1
讨价还价,2,100,过几天就处理.,1
Installment,0,,相信我好了,106
Installment,0,,5天,0
Installment,0,,行，你们中途不要打扰我家人,0
讨价还价,2,100,金额高了,1
Installment,1,,等下个处理,1
Installment,1,,跟你家人借,109
Installment,0,,明天,0
Installment,0,,我让老公打给你,0
模糊确认,2,106,考虑一下,1
Installment,1,,我现在生活都是问题,1
Installment,0,,我在外面,1
Installment,1,,我工程款要回来就可以,1
Installment,0,,换多少啊,102
Installment,0,,明天我就有钱了,0
请求等下打来,2,104,在路上,2
Installment,1,,我也不知道，钱还没到账,1
Installment,0,,没了,1
Installment,0,,明白,0
讨价还价,2,100,工资不知道什么时候到,1
Installment,0,,明天,0
Installment,1,,变成这么多钱了？,102
讨价还价,2,100,处理好了联系你,2
Installment,0,,我能少还点吗,100
Installment,0,,过几天还,1
Installment,0,,我想办法周转,1
Installment,1,,哦,106
Installment,1,,今天有事,1
Installment,1,,我没有啊,1
模糊确认,2,106,知道了,2
Installment,1,,可以在少点,100
讨价还价,2,100,在想想办法吧,2
Installment,0,,有,0
模糊确认,2,106,恩,2
Installment,1,,你打我啊,109
故意岔开话题,2,109,上方有,2
Installment,0,,嗯嗯,0
Installment,0,,怎么还你说,108
Installment,0,,有多少处理多少,0
Installment,1,,医疗保险下来就还,1
讨价还价,2,100,我在想想吧,1
Installment,0,,会处理的,106
Installment,1,,明天再说,1
请求等下打来,2,104,雨下太大，没法去处理,1
Installment,1,,高抬贵手,1
Installment,1,,有答案,109
Installment,1,,ok,0
故意岔开话题,2,109,长头发短头发？,2
Installment,0,,我会尽快处理,0
确认数额,2,102,能不能不还利息,2
Installment,0,,十天内,0
Installment,0,,马上在银行,0
确认数额,2,102,应该没有这么多吧,1
讨价还价,2,100,我想办法,1
讨价还价,2,100,钱没有到账,1
Installment,1,,我有十块钱，你要不？,1
Installment,1,,在说把,1
Installment,1,,可以,0
Installment,0,,多少,106
Installment,1,,朋友钱没给我,1
Installment,1,,这个时间内，问题大了,1
模糊确认,2,106,考虑一下,1
Installment,0,,钱到账,0
讨价还价,2,100,等下个月发工资,1
请求重复,2,103,信号不少，稍等,2
请求等下打来,2,104,等会就好,0
Installment,0,,在提现,0
还款方式,2,108,银行转账嘛,2
Installment,0,,我钱够,0
Installment,1,,在国外,1
模糊确认,2,106,行了,2
讨价还价,2,100,到时候尽量处理点,1
Installment,0,,我想想办法吧,1
Installment,1,,听不见,103
讨价还价,2,100,我工程款下来处理,1
讨价还价,2,100,5号可能发工资,1
Installment,0,,说定喽,0
Installment,1,,我再高速上，过段时间再说,104
请求等下打来,2,104,等我下班就去还,0
Installment,0,,我在借钱,1
Installment,1,,如果还能减免一些，我考虑下,100
Installment,1,,我知道了,106
Installment,0,,明天的,0
Installment,1,,银行没开门,1
Installment,0,,我看能不能预支工资,1
Installment,0,,不认识,1
Installment,0,,剩下部分能不能延期长一点,100
Installment,0,,等有钱,1
Installment,1,,老板拖欠工资，说下个月一起发,1
Installment,1,,你要给我时间去借啊！,1
模糊确认,2,106,行你放心,0
Installment,0,,现在在弄,0
Installment,0,,你信息我,105
讨价还价,2,100,我可以再分期还不？,2
Installment,0,,在借钱,1
讨价还价,2,100,我跟借一下,1
Installment,1,,处理好了联系你,1
Installment,1,,钱还没到位,1
模糊确认,2,106,可以吧,2
Installment,1,,给你发点红包,1
请求等下打来,2,104,我现在有点事,1
Installment,0,,APP还款,0
Installment,1,,钱到就还,1
讨价还价,2,100,我尽量哈,2
讨价还价,2,100,贷款还没下来,1
Installment,0,,那你帮我申请延期吧,111
讨价还价,2,100,得不得影响个人征信,111
Installment,0,,我还了之后你得帮我延期啊,111
Installment,1,,你先申请下来再说,111
Installment,0,,出示延期材料,111
Installment,1,,申请一下,111
讨价还价,2,100,减了以后还吧,111
